mtllib 5_29_2026.mtl
o mesh_0
usemtl material16
v 0.4342108964920044 -1.1667982339859009 -0.007500886917114258
v 0.405032217502594 -1.2100714445114136 0.040918946266174316
v 0.4491966962814331 -1.1647348403930664 0.07138752937316895
v 0.38560670614242554 -1.2025574445724487 -0.03141915798187256
v 0.4290201663970947 -1.1967641115188599 0.11220812797546387
v 0.44628608226776123 -1.1024088859558105 0.07373654842376709
v 0.3254571259021759 -1.2189126014709473 -0.006744980812072754
v 0.39135420322418213 -1.163303256034851 -0.08554476499557495
v 0.4039665758609772 -1.2094227075576782 0.15896844863891602
v 0.4504215717315674 -1.1650315523147583 0.18421244621276855
v 0.43456292152404785 -1.1054683923721313 -0.009256362915039062
v 0.3584098815917969 -1.2181364297866821 0.21569764614105225
v 0.33884644508361816 -1.2135063409805298 -0.0564727783203125
v 0.37206771969795227 -1.168204665184021 -0.12277138233184814
v 0.4482421875 -1.1618269681930542 0.2581073045730591
v 0.43907153606414795 -1.0531041622161865 0.061304450035095215
v 0.31713980436325073 -1.2093578577041626 -0.1282862424850464
v 0.40628641843795776 -1.1120672225952148 -0.07332533597946167
v 0.425673246383667 -1.203372836112976 0.2307823896408081
v 0.44838517904281616 -1.1669645309448242 0.4160083532333374
v 0.43428200483322144 -0.9291753172874451 0.0911608338356018
v 0.4336221218109131 -0.9995949864387512 -0.00558626651763916
v 0.28643861413002014 -1.2151298522949219 -0.16940820217132568
v 0.3864913284778595 -1.1119827032089233 -0.1482236385345459
v 0.40061983466148376 -1.2124985456466675 0.27754247188568115
v 0.42232638597488403 -1.2029086351394653 0.3493560552597046
v 0.42951440811157227 -1.0364025831222534 0.3360062837600708
v 0.3421933650970459 -1.2013088464736938 -0.17504656314849854
v 0.40574124455451965 -0.9047542214393616 -0.0755414366722107
v 0.3755528926849365 -1.1650315523147583 -0.15717297792434692
v 0.3823753595352173 -1.011778473854065 -0.14795100688934326
v 0.3816034197807312 -1.2179813385009766 0.41487717628479004
v 0.43997710943222046 -0.8997868299484253 -0.009090542793273926
v 0.42727208137512207 -1.1122825145721436 -0.24756920337677002
v 0.39385759830474854 -1.021683931350708 -0.21286547183990479
v 0.39135080575942993 -1.2016741037368774 -0.26528793573379517
v 0.3901773691177368 -0.939781665802002 -0.15033620595932007
v 0.4553218483924866 -0.8421192169189453 -0.049208879470825195
v 0.4239388108253479 -1.1655455827713013 -0.2467113733291626
v 0.3953666090965271 -0.9503002166748047 -0.20428556203842163
v 0.4082466959953308 -0.8467377424240112 -0.13965606689453125
v 0.42231613397598267 -0.8467377424240112 -0.07771587371826172
v 0.41788727045059204 -1.1659774780273438 -0.31540989875793457
v 0.42110270261764526 -1.0589336156845093 -0.2531350255012512
v 0.41218191385269165 -0.9437549710273743 -0.2549703121185303
v 0.418697714805603 -0.8391647338867188 -0.2274283766746521
v 0.48247402906417847 -0.8021847009658813 -0.09988605976104736
v 0.43393707275390625 -1.1119827032089233 -0.30644190311431885
v 0.4422929883003235 -1.0597811937332153 -0.3021540641784668
v 0.46135252714157104 -0.7937300205230713 -0.1727922558784485
v 0.4357137084007263 -0.8066529035568237 -0.12493956089019775
v 0.5292341113090515 -0.8135160207748413 -0.07483255863189697
v 0.42564427852630615 -1.1119827032089233 -0.33080053329467773
v 0.43877387046813965 -0.9421027302742004 -0.30420273542404175
v 0.4417521357536316 -0.8467377424240112 -0.30225473642349243
v 0.4390604496002197 -0.8097087144851685 -0.24351352453231812
v 0.5075274705886841 -0.7953587770462036 -0.1466461420059204
v 0.488778293132782 -1.0058847665786743 -0.3389761745929718
v 0.4684678316116333 -0.796004056930542 -0.2879408001899719
v 0.4796357750892639 -0.792912483215332 -0.22177374362945557
v 0.44240736961364746 -1.0803455114364624 -0.36208733916282654
v 0.4690566658973694 -1.0589336156845093 -0.34780898690223694
v 0.49685418605804443 -0.9530243873596191 -0.3544884920120239
v 0.48880535364151 -0.8436222076416016 -0.3372279107570648
v 0.5363404750823975 -0.7944023013114929 -0.20411324501037598
v 0.4821056127548218 -0.8997868299484253 -0.34081754088401794
v 0.5104951858520508 -0.9092468023300171 -0.3818647265434265
v 0.5108741521835327 -0.7829009294509888 -0.265220046043396
v 0.9158550500869751 -0.8467377424240112 -0.6500718593597412
v 0.9099768400192261 -0.7936888933181763 -0.6532213091850281
v 0.9030959010124207 -0.7384659647941589 -0.6646280288696289
v 1.0598089694976807 -0.5284439325332642 -0.6331268548965454
v 1.039219617843628 -0.5314483046531677 -0.5793219804763794
v 1.0340126752853394 -0.4753950834274292 -0.6469482183456421
v 1.061152458190918 -0.5814930200576782 -0.6210322380065918
v 1.0255728960037231 -0.4685411751270294 -0.5891923904418945
v 0.9951540231704712 -0.1980820745229721 -0.04362952709197998
v 1.017107367515564 -0.12486458569765091 -0.004036068916320801
v 1.024939775466919 -0.16179725527763367 -0.10013872385025024
v 0.9534964561462402 -0.26374581456184387 0.03286540508270264
v 1.0371495485305786 -0.08619151264429092 -0.10773885250091553
v 1.020833134651184 -0.2101501226425171 -0.1123577356338501
v 1.0503239631652832 0.09066919982433319 -0.0507623553276062
v 1.0287904739379883 -0.19733253121376038 -0.1856483817100525
v 1.0519405603408813 0.10018451511859894 -0.15738463401794434
v 1.0386395454406738 -0.022496433928608894 -0.26348429918289185
v 1.0492002964019775 0.15933066606521606 -0.035325050354003906
v 1.0178022384643555 -0.126068577170372 -0.31378084421157837
v 1.0532268285751343 0.10584049671888351 -0.257743775844574
v 1.0409818887710571 0.21278731524944305 -0.14045917987823486
v 1.0375723838806152 -0.24999572336673737 -0.31665098667144775
v 1.0166871547698975 -0.053468771278858185 -0.3492186963558197
v 1.0382708311080933 0.02464876137673855 -0.34046483039855957
v 1.0431883335113525 0.16639511287212372 -0.23004019260406494
v 1.035771369934082 0.23845867812633514 -0.04519307613372803
v 1.0205708742141724 -0.23172906041145325 -0.4516773223876953
v 1.0052558183670044 -0.10204020887613297 -0.3953579366207123
v 1.0464487075805664 0.10792086273431778 -0.3830946087837219
v 1.0275346040725708 0.21385127305984497 -0.2346547245979309
v 1.0223872661590576 0.20880043506622314 0.008841991424560547
v 1.0430216789245605 0.3911408483982086 -0.1149454116821289
v 1.0112709999084473 -0.015153792686760426 -0.43154799938201904
v 1.0195953845977783 0.21383634209632874 -0.34963560104370117
v 1.0092504024505615 0.28564774990081787 0.0018959641456604004
v 1.0469226837158203 0.4389784038066864 -0.0355914831161499
v 1.0148481130599976 -0.20553596317768097 -0.5047812461853027
v 1.0109598636627197 -0.10384920239448547 -0.5333309173583984
v 1.0286803245544434 0.0994483157992363 -0.4277123808860779
v 1.0123305320739746 0.19170896708965302 -0.4255756735801697
v 1.0239448547363281 0.37858691811561584 -0.26261472702026367
v 0.9460932016372681 0.21067309379577637 0.02532869577407837
v 1.0477197170257568 0.5467104911804199 -0.11063694953918457
v 1.0027192831039429 0.011973842978477478 -0.5020276308059692
v 1.017927646636963 0.3805467486381531 -0.3507375717163086
v 0.9610294103622437 0.2893751859664917 0.015016019344329834
v 1.0252617597579956 0.44362857937812805 0.012771248817443848
v 1.0479962825775146 0.8501102328300476 -0.03325545787811279
v 1.0069499015808105 0.13897068798542023 -0.4870615005493164
v 1.0043675899505615 0.2734941840171814 -0.5023542642593384
v 1.0327976942062378 0.5710075497627258 -0.3847355544567108
v 0.9099927544593811 0.2729983925819397 0.015374958515167236
v 1.0502369403839111 0.7948758006095886 -0.051784634590148926
v 1.0045347213745117 0.10716281831264496 -0.5545708537101746
v 1.0097168684005737 0.41600340604782104 -0.4154103398323059
v 1.0456641912460327 0.7657548785209656 -0.24177539348602295
v 0.9498432874679565 0.44525182247161865 0.02955538034439087
v 1.0233055353164673 0.803674578666687 0.021242260932922363
v 1.0362741947174072 0.8580948710441589 -0.2276666760444641
v 1.0072816610336304 0.4688057005405426 -0.5000777244567871
v 1.0402746200561523 0.7424211502075195 -0.4189954400062561
v 0.7950926423072815 0.32570359110832214 0.010769426822662354
v 0.9523303508758545 0.7700634002685547 0.034395039081573486
v 1.037389874458313 0.9274812340736389 0.014245390892028809
v 1.0493375062942505 1.1664633750915527 -0.14920884370803833
v 1.0090728998184204 0.647692859172821 -0.5711519718170166
v 1.0371878147125244 0.892432451248169 -0.31313371658325195
v 0.791042685508728 0.27312546968460083 0.0003350973129272461
v 0.779542863368988 0.41084352135658264 0.02094864845275879
v 0.8328946828842163 0.5624616742134094 0.02433103322982788
v 1.0504043102264404 0.948926568031311 -0.035910964012145996
v 1.0374103784561157 1.1090534925460815 -0.29862236976623535
v 1.0052920579910278 0.6257101893424988 -0.6075940132141113
v 1.0236343145370483 0.858849048614502 -0.4329582750797272
v 1.0170536041259766 0.746151328086853 -0.5357743501663208
v 0.7306183576583862 0.2747401297092438 0.03056621551513672
v 0.7418490648269653 0.40606531500816345 0.03822135925292969
v 0.9946573972702026 0.7367371320724487 -0.6046315431594849
v 1.0159674882888794 0.8278084397315979 -0.5179649591445923
v 0.7350150346755981 0.214241623878479 0.03542208671569824
v 0.7429625988006592 0.5471270680427551 0.041030824184417725
v 0.7763364315032959 0.5516118407249451 0.02729976177215576
v 1.0259205102920532 1.020703673362732 -0.5267946720123291
v 1.0291097164154053 1.0612951517105103 -0.44841188192367554
v 0.7050711512565613 0.2681266963481903 0.07693290710449219
v 0.7149562835693359 0.37487730383872986 0.08442509174346924
v 0.7632145285606384 0.7018608450889587 0.047217607498168945
v 1.0063209533691406 0.918102502822876 -0.616098165512085
v 0.9903724193572998 0.8045697808265686 -0.6101831197738647
v 1.029288411140442 1.0205228328704834 -0.5735667943954468
v 0.7129281759262085 -0.022903800010681152 0.14395534992218018
v 0.6897585391998291 -0.05968654155731201 0.18719947338104248
v 0.7194992899894714 -0.04966325685381889 0.21003079414367676
v 0.6444801092147827 -0.051003336906433105 0.10728174448013306
v 0.6556339859962463 -0.051003336906433105 0.1385623812675476
v 0.6661678552627563 -0.02939784526824951 0.11890178918838501
v 0.6370454430580139 -0.10405218601226807 0.1032983660697937
v 0.6897585391998291 -0.05968654155731201 0.18719947338104248
v 0.691221296787262 -0.01921689510345459 0.07214170694351196
v 0.6483765244483948 -0.10735392570495605 0.049569129943847656
v 0.6509532928466797 -0.10405218601226807 0.14729857444763184
v 0.6559873819351196 -0.051003336906433105 0.053263843059539795
v 0.679236650466919 -0.10405218601226807 0.19044530391693115
v 0.7112976908683777 -0.051003336906433105 0.03467082977294922
v 0.7151628136634827 -0.10405218601226807 0.02745687961578369
v 0.7570353746414185 -0.051003336906433105 0.06163305044174194
v 0.7636768817901611 1.2406762838363647 -0.33230698108673096
v 0.9723443984985352 1.2407230138778687 -0.4600370228290558
v 0.9889986515045166 1.2524527311325073 -0.3709315061569214
v 1.035065770149231 1.2384306192398071 -0.4609845280647278
v 0.9640579223632812 1.257832646369934 -0.31863439083099365
v 1.060702919960022 1.2234050035476685 -0.3801944851875305
v 1.0352766513824463 1.2499803304672241 -0.3453531861305237
v 0.8071592450141907 1.2587944269180298 -0.2188228964805603
v 1.0570940971374512 1.2221721410751343 -0.4540308117866516
v 1.0102232694625854 1.261733889579773 -0.29859310388565063
v 0.887791633605957 1.2788896560668945 -0.06910741329193115
v 1.0622704029083252 1.1695104837417603 -0.44216471910476685
v 0.9833250045776367 1.2665268182754517 -0.2467947006225586
v 0.7137659788131714 1.2759205102920532 -0.0565180778503418
v 1.0593146085739136 1.225268006324768 -0.27603989839553833
v 0.8131421804428101 1.2826532125473022 -0.043085455894470215
v 1.0073215961456299 1.264041543006897 -0.18070298433303833
v 1.0319299697875977 1.253264307975769 -0.2267792820930481
v 0.8599022626876831 1.2862519025802612 -0.018031954765319824
v 0.7880322933197021 1.2919278144836426 0.0044814348220825195
v 0.9463968276977539 1.2760874032974243 -0.0658344030380249
v 1.0450018644332886 1.1656105518341064 -0.24550652503967285
v 1.0405558347702026 1.107132077217102 -0.4461314082145691
v 1.0450496673583984 1.221702218055725 -0.20983242988586426
v 0.9097897410392761 1.2739698886871338 -0.003936111927032471
v 0.8429128527641296 1.2811740636825562 0.03304898738861084
v 0.63310706615448 1.2767539024353027 0.0000896453857421875
v 1.035995364189148 1.2252017259597778 -0.11013650894165039
v 0.7638339996337891 1.295009970664978 0.046678900718688965
v 0.8144164085388184 1.2754855155944824 0.06021261215209961
v 1.003529667854309 1.2543290853500366 -0.061445415019989014
v 0.9784760475158691 1.260245680809021 -0.01468515396118164
v 0.8818837404251099 1.2240177392959595 0.0391925573348999
v 0.677687406539917 1.2801913022994995 0.05303955078125
v 0.8091071844100952 1.2221721410751343 0.06742078065872192
v 1.0471917390823364 1.2142001390457153 -0.0380517840385437
v 0.9529776573181152 1.2169495820999146 0.03125280141830444
v 0.7409533262252808 1.2766586542129517 0.10252153873443604
v 0.4871640205383301 1.2612040042877197 0.08672726154327393
v 0.7630165219306946 1.2221721410751343 0.11060863733291626
v 1.0234856605529785 1.217321515083313 0.009430527687072754
v 0.8388896584510803 1.1669076681137085 0.04479694366455078
v 0.7129281759262085 1.2623227834701538 0.14395534992218018
v 0.4419320225715637 1.245060682296753 -0.08167505264282227
v 0.6510883569717407 1.266364336013794 0.1305398941040039
v 0.7513936758041382 1.1744439601898193 0.10676944255828857
v 1.0582513809204102 1.1670743227005005 -0.04270404577255249
v 1.0257282257080078 1.1691230535507202 0.019699931144714355
v 0.9577614068984985 1.1506611108779907 0.036768436431884766
v 0.7779063582420349 1.1603792905807495 0.05894780158996582
v 0.33583590388298035 1.2500077486038208 -0.018637657165527344
v 0.6653468608856201 1.263490915298462 0.24008691310882568
v 0.7461221218109131 1.2221721410751343 0.161740243434906
v 0.8286022543907166 0.9661867022514343 0.04212158918380737
v 0.6878746747970581 1.2635306119918823 0.19071567058563232
v 0.4101071357727051 1.262176752090454 0.13755697011947632
v 0.7438149452209473 0.9657984972000122 0.10049128532409668
v 0.7423978447914124 1.2262976169586182 0.2076634168624878
v 1.0249958038330078 1.016308069229126 0.018050670623779297
v 0.9539034366607666 0.965124785900116 0.03441727161407471
v 0.7715715765953064 0.9045640230178833 0.05492711067199707
v 0.2740197479724884 1.25108003616333 0.11285781860351562
v 0.4867565631866455 1.2650011777877808 0.4232093095779419
v 0.7488928437232971 1.022531509399414 0.22227823734283447
v 0.7402907609939575 1.2256438732147217 0.32474982738494873
v 0.8418082594871521 0.7365572452545166 0.03406882286071777
v 0.3981136977672577 1.256142258644104 0.2980140447616577
v 0.7095812559127808 1.2574876546859741 0.2625291347503662
v 0.6614787578582764 1.265731692314148 0.35805606842041016
v 0.7371196746826172 0.8691679239273071 0.09764742851257324
v 0.7500132918357849 1.079016923904419 0.34137678146362305
v 0.7358728647232056 0.8927901387214661 0.21755659580230713
v 0.7495964169502258 1.174221158027649 0.48852527141571045
v 1.0158798694610596 0.953879177570343 0.028452277183532715
v 0.7622877955436707 0.8394309878349304 0.05391031503677368
v 0.24340295791625977 1.2511649131774902 0.2611788511276245
v 0.6581196188926697 1.2715684175491333 0.47456037998199463
v 0.24997100234031677 1.2537002563476562 0.4260132312774658
v 0.7438908815383911 1.222861886024475 0.45268166065216064
v 0.7062344551086426 1.2597507238388062 0.38110339641571045
v 0.6585172414779663 1.2750242948532104 0.5836323499679565
v 0.36509454250335693 1.2726103067398071 0.626484751701355
v 0.7325208187103271 0.7469016313552856 0.10196685791015625
v 0.7418961524963379 1.0687918663024902 0.44119787216186523
v 0.7455277442932129 1.2249325513839722 0.56473708152771
v 0.7279411554336548 1.2462161779403687 0.4529167413711548
v 0.7028875946998596 1.2658814191818237 0.49967706203460693
v 0.5482054352760315 1.28500235080719 0.8133333921432495
v 0.26158398389816284 1.2622026205062866 0.5994184017181396
v 0.7334582209587097 0.749755859375 0.17133212089538574
v 0.7358787059783936 0.8236050009727478 0.41588568687438965
v 0.7373161315917969 1.0939513444900513 0.5351711511611938
v 0.7358424067497253 1.1653456687927246 0.6826581954956055
v 0.7269757986068726 0.6683393716812134 0.0956418514251709
v 0.7245943546295166 1.2572396993637085 0.5714906454086304
v 0.6530663967132568 1.2756928205490112 0.7091094255447388
v 0.49195539951324463 1.2879917621612549 0.8610550165176392
v 0.28955012559890747 1.2717008590698242 0.7215148210525513
v 0.7350901961326599 1.2236902713775635 0.676366925239563
v 0.6991422176361084 1.2715728282928467 0.6177835464477539
v 0.6531205773353577 1.2760030031204224 0.8120726346969604
v 0.3569188714027405 1.294295072555542 0.9141896963119507
v 0.5569654703140259 1.2751504182815552 0.8830368518829346
v 0.7150049209594727 0.6772221326828003 0.22951412200927734
v 0.7230017185211182 0.7167445421218872 0.3559197187423706
v 0.734959065914154 0.8240126371383667 0.5250018835067749
v 0.730730414390564 1.1672499179840088 0.7673054933547974
v 0.7264110445976257 1.2221721410751343 0.7530146837234497
v 0.7134650945663452 0.5408206582069397 0.0849463939666748
v 0.7212474346160889 1.245731234550476 0.690064549446106
v 0.6961938738822937 1.2642420530319214 0.7368248701095581
v 0.40402019023895264 1.288853645324707 0.9271745681762695
v 0.3901357054710388 1.2743077278137207 1.0018011331558228
v 0.7047287225723267 0.6245702505111694 0.2170710563659668
v 0.7228870987892151 0.7385352849960327 0.4752441644668579
v 0.7336909770965576 0.7530689239501953 0.6368509531021118
v 0.7296206951141357 0.8583266735076904 0.735174298286438
v 0.7054922580718994 0.5666553378105164 0.15179294347763062
v 0.7179007530212402 1.2435745000839233 0.8086384534835815
v 0.5845780372619629 1.2699337005615234 0.9340473413467407
v 0.717122495174408 0.6256744861602783 0.3933042287826538
v 0.7348352670669556 0.6675894260406494 0.6023209095001221
v 0.7284989356994629 1.2221860885620117 0.814415454864502
v 0.7356147170066833 0.899763286113739 0.9284284114837646
v 0.6928471922874451 1.2659400701522827 0.8553987741470337
v 0.6530851125717163 1.2711505889892578 0.9371604919433594
v 0.3296172022819519 1.2760752439498901 0.964463472366333
v 0.42887336015701294 1.2789583206176758 1.1469658613204956
v 0.706921398639679 0.5787025690078735 0.31640875339508057
v 0.7354791760444641 1.2227238416671753 0.9275161027908325
v 0.7378712892532349 0.9865718483924866 1.1107105016708374
v 0.6543805599212646 1.2754559516906738 1.0278607606887817
v 0.3045356869697571 1.2806041240692139 0.89466392993927
v 0.35548555850982666 1.263511061668396 1.0357459783554077
v 0.7145538330078125 1.2556718587875366 0.9272123575210571
v 0.6895003318786621 1.268072485923767 0.9739725589752197
v 0.3873876929283142 1.2737255096435547 1.1466270685195923
v 0.6123826503753662 1.2744477987289429 1.1553359031677246
v 0.7366445064544678 1.1631087064743042 1.1251336336135864
v 0.7112070918083191 1.2507447004318237 1.0457864999771118
v 0.4456590414047241 1.2777599096298218 1.204426646232605
v 0.686153769493103 1.261659026145935 1.0925463438034058
v 0.729491651058197 1.2236303091049194 1.0416135787963867
v 0.9251656532287598 -0.0498356819152832 0.8595048189163208
v 0.9092311859130859 -0.04384436458349228 0.9306702613830566
v 0.9552301168441772 -0.05048369616270065 0.9266451597213745
v 0.854478120803833 -0.04716189578175545 0.8934521675109863
v 0.9420523643493652 -0.047590382397174835 0.8051704168319702
v 0.8894476294517517 -0.06604571640491486 0.8260403871536255
v 0.8548345565795898 -0.02212059497833252 1.0023728609085083
v 0.8080742359161377 -0.02553403377532959 0.9773193597793579
v 0.9732407331466675 -0.048105597496032715 1.118359923362732
v 1.0168217420578003 -0.02892601490020752 1.1493470668792725
v 1.019697904586792 -0.051003336906433105 1.0907045602798462
v 0.993903398513794 -0.06149524077773094 1.0707448720932007
v 1.0214145183563232 -0.05203115940093994 1.0284476280212402
v 0.9353921413421631 -0.050672631710767746 1.048697829246521
v 0.9961643218994141 -0.04949080944061279 0.9632480144500732
v 0.8640604615211487 -0.03433546423912048 1.123712182044983
v 0.7379816174507141 -0.019173502922058105 0.09719526767730713
v 0.7928799390792847 -0.051003336906433105 0.10705935955047607
v 0.7570353746414185 -0.051003336906433105 0.06163305044174194
v 0.7847416996955872 -0.03394782543182373 0.12224870920181274
v 0.691221296787262 -0.01921689510345459 0.07214170694351196
v 0.8303443193435669 -0.0513155460357666 0.14686453342437744
v 0.7596882581710815 -0.020407557487487793 0.16900885105133057
v 0.6661678552627563 -0.02939784526824951 0.11890178918838501
v 0.8064485788345337 -0.020438790321350098 0.19406235218048096
v 0.9715102910995483 0.002045750617980957 2.3571910858154297
v 0.9583002328872681 0.039920926094055176 2.3818464279174805
v 1.0050605535507202 0.03573477268218994 2.406899929046631
v 0.9029257297515869 0.005757998209446669 2.3412270545959473
v 0.9357033967971802 0.05569314956665039 2.4240212440490723
v 0.9115399122238159 0.03597605228424072 2.356792449951172
v 0.9793530702590942 0.051709651947021484 2.4533095359802246
v 0.8661996126174927 0.06137886643409729 2.3765649795532227
v 0.9004483222961426 0.05509483814239502 2.3774943351745605
v 1.019821286201477 -0.04211458936333656 0.04047441482543945
v 1.0505245923995972 0.06025766581296921 0.060584068298339844
v 1.0163331031799316 -0.10405218601226807 0.0657815933227539
v 1.0252727270126343 -0.06394952535629272 0.12537646293640137
v 1.061273455619812 0.10914364457130432 0.0701252818107605
v 1.0026129484176636 -0.16251587867736816 0.05259299278259277
v 1.0613787174224854 0.005706308409571648 0.15496128797531128
v 1.0468778610229492 0.16119277477264404 0.02196371555328369
v 1.0647581815719604 0.106429822742939 0.18075811862945557
v 0.9975104331970215 -0.15710127353668213 0.11588031053543091
v 1.0499396324157715 -0.05416512489318848 0.19451749324798584
v 1.0400513410568237 0.15417957305908203 0.07848954200744629
v 1.0255494117736816 0.16180837154388428 0.1276332139968872
v 0.971172571182251 -0.20446860790252686 0.1017688512802124
v 0.9907402992248535 -0.09969544410705566 0.17243635654449463
v 1.0642409324645996 0.008266814053058624 0.21267688274383545
v 1.000182867050171 0.1816502809524536 0.05712854862213135
v 1.0385864973068237 0.15972983837127686 0.20036852359771729
v 0.935279130935669 -0.2764356732368469 0.08598989248275757
v 0.9490189552307129 -0.1524655818939209 0.1488248109817505
v 1.056985855102539 0.05509483814239502 0.2681136131286621
v 0.9670850038528442 -0.08522375673055649 0.22092211246490479
v 1.0336542129516602 -0.051003336906433105 0.25561273097991943
v 0.9751293659210205 0.1735001802444458 0.10388880968093872
v 1.046583890914917 0.16119277477264404 0.262540340423584
v 0.9044539332389832 -0.31887727975845337 0.017668604850769043
v 0.913165807723999 -0.26319921016693115 0.10721099376678467
v 0.9034122824668884 -0.21052837371826172 0.1258983612060547
v 0.9365272521972656 -0.10405218601226807 0.17593622207641602
v 1.0492746829986572 0.002045750617980957 0.2639819383621216
v 1.0574078559875488 0.10814368724822998 0.27894270420074463
v 1.018542766571045 -0.06898176670074463 0.24751627445220947
v 0.9425003528594971 0.17228259146213531 0.14500939846038818
v 0.9774816036224365 -0.3162480592727661 -0.019265830516815186
v 0.8816090226173401 -0.30363595485687256 0.053781867027282715
v 0.8544653654098511 -0.2529996931552887 0.09785246849060059
v 0.8948146104812622 -0.15710127353668213 0.14146184921264648
v 1.0413328409194946 0.0546150803565979 0.3183935880661011
v 0.8816329836845398 -0.09482824802398682 0.16606426239013672
v 1.0028228759765625 -0.051003336906433105 0.2768559455871582
v 0.9151906967163086 0.1780761182308197 0.07103961706161499
v 1.0440847873687744 0.1700071096420288 0.31611573696136475
v 0.9142544269561768 -0.370082825422287 -0.013554036617279053
v 0.8381972312927246 -0.3109546899795532 0.02247864007949829
v 1.008149266242981 0.002045750617980957 0.30213093757629395
v 1.0438138246536255 0.10801530629396439 0.35304462909698486
v 0.9755795001983643 -0.051003336906433105 0.28468048572540283
v 0.8218358755111694 0.16550016403198242 0.08464139699935913
v 0.8911858797073364 0.21485507488250732 0.01941746473312378
v 0.846677303314209 -0.15710127353668213 0.11897885799407959
v 0.9958227872848511 0.002045750617980957 0.35571014881134033
v 1.0285885334014893 0.049815647304058075 0.35977041721343994
v 0.9934892654418945 -0.034445881843566895 0.2942763566970825
v 0.8348487019538879 0.18710362911224365 0.02872830629348755
v 0.8003103733062744 -0.3692971467971802 -0.01913595199584961
v 0.730818510055542 -0.2670249342918396 0.014662504196166992
v 0.770449161529541 -0.20970967411994934 0.05493444204330444
v 0.8354758620262146 -0.10546771436929703 0.11987686157226562
v 0.9713699817657471 -0.0620729923248291 0.33895766735076904
v 0.7630351781845093 0.1828247308731079 0.05043494701385498
v 0.7884907126426697 0.21720969676971436 0.004423797130584717
v 0.7398333549499512 -0.3980187773704529 -0.01963663101196289
v 0.7793952226638794 -0.3148995041847229 -0.0023849010467529297
v 0.8303443193435669 -0.0513155460357666 0.14686453342437744
v 0.7407959699630737 -0.3584030866622925 -0.022217512130737305
v 0.7368136644363403 -0.3162480592727661 -0.012952566146850586
v 0.7157612442970276 -0.20848478376865387 0.026617884635925293
v 0.7622147798538208 -0.10405218601226807 0.051966190338134766
v 0.7928799390792847 -0.051003336906433105 0.10705935955047607
v 0.6272960305213928 -0.3735521137714386 -0.020094752311706543
v 0.6927474141120911 -0.26319921016693115 0.012775659561157227
v 0.6679458618164062 -0.3074427843093872 -0.0034943819046020508
v 0.6447059512138367 -0.2139277458190918 0.04721939563751221
v 0.5982909202575684 -0.3166743516921997 0.022350788116455078
v 0.6472762823104858 -0.26319921016693115 0.03468352556228638
v 0.7847347855567932 -1.173919439315796 -0.6599579453468323
v 0.8298760652542114 -1.156854510307312 -0.6359548568725586
v 0.7938165664672852 -1.1659419536590576 -0.5933364033699036
v 0.8766363263130188 -1.1347640752792358 -0.6109013557434082
v 0.7113021016120911 -1.1907435655593872 -0.6393015384674072
v 0.8549998998641968 -1.1147860288619995 -0.5600305795669556
v 0.8860170245170593 -1.112491250038147 -0.6603356599807739
v 0.730435311794281 -1.1630425453186035 -0.5715292096138
v 0.7632981538772583 -1.1123696565628052 -0.5540937781333923
v 0.9148037433624268 -1.103914499282837 -0.5893549919128418
v 0.6862486600875854 -1.1885243654251099 -0.5925414562225342
v 0.801335871219635 -1.0583088397979736 -0.5505106449127197
v 0.9093806743621826 -1.0657509565353394 -0.6584347486495972
v 0.8928704857826233 -1.0589336156845093 -0.5447090268135071
v 0.7025340795516968 -1.1111552715301514 -0.5451099872589111
v 0.6448118686676025 -1.1619421243667603 -0.5441659688949585
v 0.6281447410583496 -1.2029476165771484 -0.628004252910614
v 0.9404970407485962 -1.0589336156845093 -0.6177647113800049
v 0.9700814485549927 -1.0588512420654297 -0.5608346462249756
v 0.6144348382949829 -1.1953192949295044 -0.570834755897522
v 0.747117817401886 -0.9319954514503479 -0.5559226870536804
v 0.8765170574188232 -0.9995765089988708 -0.5443775653839111
v 0.9427803754806519 -0.9926069378852844 -0.6202036142349243
v 0.9531831741333008 -1.0058847665786743 -0.5291147232055664
v 0.5906593799591064 -1.1119827032089233 -0.5179044008255005
v 0.5329550504684448 -1.1796538829803467 -0.5396251678466797
v 0.5453290939331055 -1.2036157846450806 -0.6070950031280518
v 0.668116569519043 -1.0404716730117798 -0.5411620736122131
v 0.9907220602035522 -1.0058847665786743 -0.5991778373718262
v 0.9189209938049316 -1.0058847665786743 -0.6484291553497314
v 0.994613528251648 -1.0058847665786743 -0.547690749168396
v 0.5177912712097168 -1.114982008934021 -0.4976150393486023
v 0.6127121448516846 -0.8341926336288452 -0.5625579357147217
v 0.9906809329986572 -0.947547972202301 -0.5994842648506165
v 0.9166195392608643 -0.9528356790542603 -0.6496621966362
v 0.5482812523841858 -1.0589336156845093 -0.48591190576553345
v 0.5881381034851074 -1.0490707159042358 -0.5168823003768921
v 0.4958609938621521 -1.1946972608566284 -0.5741816163063049
v 0.4688228368759155 -1.1639560461044312 -0.5297070741653442
v 0.6712273955345154 -0.8467377424240112 -0.5645055770874023
v 0.586162805557251 -0.9339011907577515 -0.5346821546554565
v 0.9433534145355225 -0.8469936847686768 -0.6219298839569092
v 0.9114096760749817 -0.8997868299484253 -0.6524536609649658
v 0.49251431226730347 -1.0808972120285034 -0.45560771226882935
v 0.44176632165908813 -1.1092545986175537 -0.48686227202415466
v 0.5627589821815491 -0.8467377424240112 -0.5383386015892029
v 0.5173346400260925 -1.0589336156845093 -0.44230929017066956
v 0.5455665588378906 -1.0055608749389648 -0.48757338523864746
v 0.5312389731407166 -0.8544695377349854 -0.49527671933174133
v 0.42070043087005615 -1.0942200422286987 -0.43390095233917236
v 0.4674607515335083 -1.0746740102767944 -0.4088474214076996
v 0.511337161064148 -0.7953532338142395 -0.5001081228256226
v 0.5188169479370117 -1.0597749948501587 -0.39043521881103516
v 0.5323342680931091 -1.0066055059432983 -0.4289903938770294
v 0.5192735195159912 -0.8997868299484253 -0.44127047061920166
v 0.5167510509490967 -0.8467377424240112 -0.44262197613716125
v 0.5447605848312378 -0.7972598075866699 -0.5578012466430664
v 0.5031046867370605 -1.0589336156845093 -0.36304664611816406
v 0.5090106129646301 -0.8052394390106201 -0.3781926929950714
v 0.4926068186759949 -0.7406398057937622 -0.5157415270805359
v 0.529926598072052 -1.001434564590454 -0.37767499685287476
v 0.49143463373184204 -0.7180408835411072 -0.4598258137702942
v 0.5180909633636475 -0.7406398057937622 -0.5622711181640625
v 0.5082693696022034 -0.7382041215896606 -0.37890875339508057
v 0.48643749952316284 -0.6875909566879272 -0.5190469622612
v 0.5296613574028015 -0.6820659637451172 -0.5601925849914551
v 0.5709858536720276 -0.7414735555648804 -0.5852365493774414
v 0.4970877170562744 -0.7936888933181763 -0.3327902555465698
v 0.49040985107421875 -0.6288737058639526 -0.4546305537223816
v 0.529527485370636 -0.7406398057937622 -0.3110285997390747
v 0.5093406438827515 -0.6225341558456421 -0.38232287764549255
v 0.4926454424858093 -0.6345418691635132 -0.5157208442687988
v 0.6842114925384521 -0.7395623326301575 -0.6009889245033264
v 0.536903977394104 -0.6956866979598999 -0.31185364723205566
v 0.5392743945121765 -0.5931748151779175 -0.43055427074432373
v 0.5175677537918091 -0.6026531457901001 -0.5023677945137024
v 0.5429471135139465 -0.6365242004394531 -0.548474907875061
v 0.5380744934082031 -0.6345418691635132 -0.31598716974258423
v 0.5643278360366821 -0.5931805372238159 -0.4773143529891968
v 0.5860346555709839 -0.5911616086959839 -0.40550071001052856
v 0.6329768300056458 -0.6344202160835266 -0.5604256987571716
v 0.5609811544418335 -0.5892714262008667 -0.3587404191493988
v 0.5893813967704773 -0.6059201955795288 -0.5240746736526489
v 0.677669882774353 -0.6351030468940735 -0.5691431760787964
v 0.634892463684082 -0.5984322428703308 -0.499180406332016
v 0.632794976234436 -0.5945552587509155 -0.3804471492767334
v 0.6611950993537903 -0.6131888628005981 -0.5457811951637268
v 0.7107492685317993 -0.6026690006256104 -0.5186015963554382
v 0.7049096822738647 -0.6032818555831909 -0.40200555324554443
v 0.813230574131012 -0.6107381582260132 -0.39900320768356323
v 0.8928795456886292 -0.6183893084526062 -0.4270045757293701
v 0.8699427247047424 -0.6197839975357056 -0.37375354766845703
v 0.9017540812492371 -0.6380742788314819 -0.35420551896095276
v 0.845011293888092 -0.6363856792449951 -0.33325040340423584
v 0.6712273955345154 -0.8467377424240112 -0.5645055770874023
v 0.6842114925384521 -0.7395623326301575 -0.6009889245033264
v 0.7393124103546143 -0.7890106439590454 -0.5931586623191833
v 1.0565794706344604 -0.4821827709674835 -0.15403008460998535
v 1.0527944564819336 -0.45950835943222046 -0.09557688236236572
v 1.042724609375 -0.2784920930862427 -0.1054542064666748
v 1.0402406454086304 -0.6237143874168396 -0.10310596227645874
v 1.0207059383392334 -0.2856830060482025 -0.051432013511657715
v 1.052849531173706 -0.6654629111289978 -0.1750618815422058
v 1.0313628911972046 -0.46715232729911804 -0.046249210834503174
v 1.0027350187301636 -0.21989798545837402 -0.061871111392974854
v 1.0553704500198364 -0.5553368330001831 -0.39748865365982056
v 1.017143726348877 -0.6991477608680725 -0.05015838146209717
v 1.0598118305206299 -0.6348575949668884 -0.22189676761627197
v 0.9744354486465454 -0.37225857377052307 -0.02240389585494995
v 0.9794018268585205 -0.26319921016693115 -0.019588887691497803
v 1.0461679697036743 -0.39148446917533875 -0.39619338512420654
v 1.0353902578353882 -0.7406398057937622 -0.11488044261932373
v 1.0551936626434326 -0.7279406785964966 -0.21305811405181885
v 0.9824889898300171 -0.5025365352630615 -0.007337629795074463
v 1.0305861234664917 -0.44533127546310425 -0.5287442207336426
v 1.0566470623016357 -0.6345418691635132 -0.3339031934738159
v 1.0282388925552368 -0.7931208610534668 -0.10744315385818481
v 1.0553991794586182 -0.6768064498901367 -0.2728097438812256
v 0.9797837734222412 -0.7386081218719482 -0.006843507289886475
v 0.9008821249008179 -0.48436614871025085 0.0000966191291809082
v 1.0508579015731812 -0.5790918469429016 -0.49324238300323486
v 1.0537647008895874 -0.6345418691635132 -0.38771700859069824
v 1.0171018838882446 -0.8386149406433105 -0.05389702320098877
v 1.0236998796463013 -0.7936888933181763 -0.1710054874420166
v 1.04818856716156 -0.7406398057937622 -0.26962482929229736
v 0.9037557244300842 -0.8469395041465759 0.0008323192596435547
v 1.044911503791809 -0.6440950632095337 -0.46055805683135986
v 1.0352766513824463 -0.6665860414505005 -0.3453531861305237
v 1.025978684425354 -0.8824102878570557 -0.1064920425415039
v 1.0275784730911255 -0.8467377424240112 -0.16892743110656738
v 1.042726993560791 -0.8273008465766907 -0.22334617376327515
v 1.0261015892028809 -0.6875909566879272 -0.3282287120819092
v 0.9787707328796387 -0.9333641529083252 -0.012938618659973145
v 0.7812946438789368 -0.791601836681366 0.0009940862655639648
v 1.0468794107437134 -0.5814930200576782 -0.5798707008361816
v 1.0515880584716797 -0.6321618556976318 -0.5077077150344849
v 0.9885165691375732 -0.6657975912094116 -0.3704066276550293
v 1.0135700702667236 -0.6657253503799438 -0.41716694831848145
v 1.0101286172866821 -0.9016715884208679 -0.058311522006988525
v 0.9134392738342285 -0.9528356790542603 -0.005626559257507324
v 0.7773992419242859 -0.5106094479560852 -0.001535177230834961
v 0.8500762581825256 -0.8467377424240112 0.00030738115310668945
v 1.0396133661270142 -0.6287873983383179 -0.5824185013771057
v 0.9918632507324219 -0.6624306440353394 -0.48898059129714966
v 0.9623093605041504 -0.6875909566879272 -0.3273876905441284
v 1.0221385955810547 -1.0590580701828003 -0.11492061614990234
v 1.0169312953948975 -0.9398351311683655 -0.17212390899658203
v 0.8601184487342834 -0.8989449739456177 -0.01843547821044922
v 0.6018083095550537 -0.582145631313324 0.006108105182647705
v 0.798408567905426 -0.8467377424240112 -0.015586435794830322
v 1.0169167518615723 -0.6713491678237915 -0.535740852355957
v 0.9377737045288086 -0.6373833417892456 -0.3984992504119873
v 0.9017540812492371 -0.6380742788314819 -0.35420551896095276
v 0.7263944149017334 -0.7410778403282166 0.0043901801109313965
v 0.8131421804428101 -0.874552845954895 -0.043085455894470215
v 0.7413282990455627 -0.8183070421218872 -0.021378695964813232
v 1.0287047624588013 -0.6345418691635132 -0.6497920751571655
v 0.9701566696166992 -0.6591750383377075 -0.5607943534851074
v 0.9097967743873596 -0.6324127912521362 -0.5315278768539429
v 0.8908682465553284 -0.6875909566879272 -0.3042880892753601
v 0.8928795456886292 -0.6183893084526062 -0.4270045757293701
v 0.6684550046920776 -0.7869646549224854 -0.002690732479095459
v 0.5911023616790771 -0.7428255081176758 0.011321425437927246
v 0.7742147445678711 -0.8447668552398682 -0.0772625207901001
v 0.8384746313095093 -0.8992637991905212 -0.08982908725738525
v 0.9952101707458496 -0.6565088033676147 -0.6075544357299805
v 0.7859422564506531 -0.8515914678573608 -0.11784219741821289
v 0.7255038022994995 -0.8168687224388123 -0.09762001037597656
v 0.6501632928848267 -0.8125064969062805 -0.07184940576553345
v 1.021170735359192 -0.6908875703811646 -0.6517492532730103
v 0.9233963489532471 -0.6520203351974487 -0.5858478546142578
v 0.826529324054718 -0.6136335134506226 -0.517380952835083
v 0.5810806155204773 -0.7917020916938782 0.008980035781860352
v 0.6227544546127319 -0.8184500932693481 -0.024725615978240967
v 0.9438014030456543 -0.6835805773735046 -0.6393009424209595
v 0.8464839458465576 -0.6336844563484192 -0.5682363510131836
v 0.7107492685317993 -0.6026690006256104 -0.5186015963554382
v 0.5759943723678589 -0.8243352174758911 -0.04977905750274658
v 0.8730316162109375 -0.6851490139961243 -0.6155945062637329
v 0.7972745299339294 -0.6358651518821716 -0.5754528641700745
v 0.7797690629959106 -0.6126455068588257 -0.5424344539642334
v 0.9030959010124207 -0.7384659647941589 -0.6646280288696289
v 0.7875649929046631 -0.6905592679977417 -0.6044491529464722
v 0.677669882774353 -0.6351030468940735 -0.5691431760787964
v 0.8298760652542114 -0.7158654928207397 -0.6359548568725586
v 0.8155952095985413 -0.7406398057937622 -0.6436063647270203
v 0.8366570472717285 -0.7406398057937622 -0.6486110091209412
v 0.6645418405532837 -1.1928743124008179 -0.6643551588058472
v 0.5459679961204529 -1.2038508653640747 -0.6677020192146301
v 0.8384746313095093 -0.8992637991905212 -0.08982908725738525
v 0.8928992748260498 -0.9437551498413086 -0.18665719032287598
v 0.8547705411911011 -0.8953368067741394 -0.20663654804229736
v 0.8660935759544373 -0.9506155848503113 -0.07749468088150024
v 0.7769055962562561 -0.8327196836471558 -0.1786891222000122
v 0.8601184487342834 -0.8989449739456177 -0.01843547821044922
v 0.7981463670730591 -0.8457851409912109 -0.23454922437667847
v 0.7859422564506531 -0.8515914678573608 -0.11784219741821289
v 0.7480218410491943 -0.8138688802719116 -0.25852644443511963
v 0.7255038022994995 -0.8168687224388123 -0.09762001037597656
v 0.7229684591293335 -0.8164714574813843 -0.21176636219024658
v 0.7255326509475708 -0.7936888933181763 -0.27057594060897827
v 0.6979148983955383 -0.8131018877029419 -0.16500604152679443
v 0.6784332394599915 -0.7963220477104187 -0.24825173616409302
v 0.5937997102737427 -0.8052781224250793 -0.1664661169052124
v 0.6871554851531982 -0.7406398057937622 -0.25725167989730835
v 0.6501632928848267 -0.8125064969062805 -0.07184940576553345
v 0.6349726319313049 -0.7406398057937622 -0.253883957862854
v 0.6044744849205017 -0.7935815453529358 -0.21442162990570068
v 0.5796617865562439 -0.8090800642967224 -0.10803526639938354
v 0.6307600736618042 -0.684856653213501 -0.26046067476272583
v 0.5363404750823975 -0.7944023013114929 -0.20411324501037598
v 0.5075274705886841 -0.7953587770462036 -0.1466461420059204
v 0.5759943723678589 -0.8243352174758911 -0.04977905750274658
v 0.5716665983200073 -0.7412910461425781 -0.26772934198379517
v 0.5576344728469849 -0.784037709236145 -0.24016648530960083
v 0.5292341113090515 -0.8135160207748413 -0.07483255863189697
v 0.5837448835372925 -0.6405255794525146 -0.288899302482605
v 0.5108741521835327 -0.7829009294509888 -0.265220046043396
v 0.536903977394104 -0.6956866979598999 -0.31185364723205566
v 0.6614932417869568 -0.6322936415672302 -0.29433298110961914
v 0.529527485370636 -0.7406398057937622 -0.3110285997390747
v 0.5380744934082031 -0.6345418691635132 -0.31598716974258423
v 0.6545015573501587 -0.618402361869812 -0.3086334466934204
v 0.6077414751052856 -0.5957311391830444 -0.33368685841560364
v 0.6795550584793091 -0.603127121925354 -0.3553937077522278
v 0.5609811544418335 -0.5892714262008667 -0.3587404191493988
v 0.6997131705284119 -0.641491174697876 -0.29245269298553467
v 0.632794976234436 -0.5945552587509155 -0.3804471492767334
v 0.7263153195381165 -0.6180542707443237 -0.3303402066230774
v 0.7049096822738647 -0.6032818555831909 -0.40200555324554443
v 0.7664559483528137 -0.6378398537635803 -0.31363654136657715
v 0.7661353945732117 -0.6882074475288391 -0.2755448818206787
v 0.7513687610626221 -0.6057482957839966 -0.37710025906562805
v 0.845011293888092 -0.6363856792449951 -0.33325040340423584
v 0.7981288433074951 -0.6166759729385376 -0.35204681754112244
v 0.813230574131012 -0.6107381582260132 -0.39900320768356323
v 1.0352766513824463 -1.1298435926437378 -0.3453531861305237
v 1.0484217405319214 -1.114342212677002 -0.3509632349014282
v 0.9885165691375732 -1.132787823677063 -0.3704066276550293
v 1.0513181686401367 -1.1119827032089233 -0.276574969291687
v 1.0102232694625854 -1.1457806825637817 -0.29859310388565063
v 1.055588722229004 -1.0471181869506836 -0.2718980312347412
v 1.0378845930099487 -1.0587571859359741 -0.23772209882736206
v 1.0584958791732788 -1.0580278635025024 -0.3331303596496582
v 0.9863758087158203 -1.1071388721466064 -0.2540839910507202
v 1.0547945499420166 -0.960385799407959 -0.26544755697250366
v 1.0486012697219849 -1.0563400983810425 -0.3724944591522217
v 1.0440984964370728 -0.9528356790542603 -0.3476816415786743
v 1.0169312953948975 -0.9398351311683655 -0.17212390899658203
v 0.9618730545043945 -1.0533875226974487 -0.20639395713806152
v 1.034754991531372 -0.8723830580711365 -0.34132158756256104
v 1.042726993560791 -0.8273008465766907 -0.22334617376327515
v 1.0068765878677368 -1.0873433351516724 -0.18001919984817505
v 0.9868372678756714 -0.9065618515014648 -0.367272287607193
v 1.055114507675171 -0.8997868299484253 -0.2717002034187317
v 1.038757085800171 -1.0589336156845093 -0.16293805837631226
v 0.9818229675292969 -1.093884825706482 -0.1332588791847229
v 0.9792097806930542 -0.8467377424240112 -0.3530362844467163
v 1.0515823364257812 -0.8174780011177063 -0.26873141527175903
v 1.0221385955810547 -1.0590580701828003 -0.11492061614990234
v 0.956769585609436 -1.08617103099823 -0.08649879693984985
v 1.0323978662490845 -0.7936888933181763 -0.33998018503189087
v 1.04818856716156 -0.7406398057937622 -0.26962482929229736
v 1.0095473527908325 -1.0613218545913696 -0.0691457986831665
v 0.9156726598739624 -1.0486305952072144 -0.10894197225570679
v 1.0101286172866821 -0.9016715884208679 -0.058311522006988525
v 0.9605234861373901 -1.1119827032089233 -0.024303793907165527
v 0.9155133962631226 -1.0058847665786743 -0.16878670454025269
v 1.023844599723816 -0.7406398057937622 -0.3240162134170532
v 0.9788579940795898 -1.0665788650512695 -0.01279759407043457
v 0.9510213136672974 -1.1119827032089233 -0.07577019929885864
v 0.9234299659729004 -1.001215934753418 -0.22818422317504883
v 1.0261015892028809 -0.6875909566879272 -0.3282287120819092
v 0.9787707328796387 -0.9333641529083252 -0.012938618659973145
v 0.9623093605041504 -0.6875909566879272 -0.3273876905441284
v 0.9584680795669556 -0.7403257489204407 -0.3274168372154236
v 1.0179460048675537 -1.0058847665786743 -0.17408835887908936
v 0.7981463670730591 -0.8457851409912109 -0.23454922437667847
v 0.8547705411911011 -0.8953368067741394 -0.20663654804229736
v 0.8616289496421814 -0.917483925819397 -0.2666003108024597
v 0.47415435314178467 -1.2075380086898804 -0.6459951400756836
v 0.3574283719062805 -1.2229970693588257 -0.6615935564041138
v 0.3918791115283966 -1.211439609527588 -0.5881314277648926
v 0.27062585949897766 -1.224310278892517 -0.5122368335723877
v 0.1432042270898819 -1.2209192514419556 -0.5955552458763123
v 0.4240473508834839 -1.1939083337783813 -0.5524747371673584
v 0.3356512188911438 -1.218042254447937 -0.5146096348762512
v 0.40483519434928894 -1.1736184358596802 -0.5025850534439087
v 0.0037061870098114014 -1.2143471240997314 -0.43702107667922974
v 0.3151230812072754 -1.2132688760757446 -0.39196309447288513
v 0.16404566168785095 -1.2176729440689087 -0.3669978678226471
v 0.3739403784275055 -1.193865418434143 -0.458954393863678
v 0.3488869369029999 -1.2079192399978638 -0.41219431161880493
v -0.027115583419799805 -1.2211436033248901 -0.300065279006958
v 0.39119890332221985 -1.1650315523147583 -0.4497075080871582
v 0.37059348821640015 -1.199853539466858 -0.34038057923316956
v 0.34609049558639526 -1.2132834196090698 -0.2905157804489136
v 0.40612539649009705 -1.1119827032089233 -0.44171011447906494
v 0.392467200756073 -1.152000904083252 -0.3855898678302765
v 0.404186487197876 -1.1119827032089233 -0.39078229665756226
v 0.4431312084197998 -1.1644599437713623 1.1003625392913818
v 0.4447249174118042 -1.1644705533981323 0.9796930551528931
v 0.4272992014884949 -1.1985868215560913 1.0140390396118164
v 0.43327796459198 -1.111430287361145 1.1163147687911987
v 0.39589232206344604 -1.2178552150726318 0.9443167448043823
v 0.3904850482940674 -1.2188284397125244 1.0602394342422485
v 0.4271164536476135 -1.163806438446045 1.2043324708938599
v 0.4391639232635498 -1.1085243225097656 0.9779744148254395
v 0.43064600229263306 -1.1920605897903442 0.8954654932022095
v 0.4201217293739319 -1.2001380920410156 1.1378313302993774
v 0.44001293182373047 -1.1648308038711548 0.840631365776062
v 0.42585331201553345 -1.0292601585388184 0.9495723247528076
v 0.4012405276298523 -1.2181795835494995 0.8298617601394653
v 0.3572496771812439 -1.2270179986953735 0.904761552810669
v 0.37424367666244507 -1.2128740549087524 1.1447134017944336
v 0.3734319806098938 -1.206648826599121 1.2304033041000366
v 0.4410141706466675 -1.1681534051895142 0.7658196687698364
v 0.20677196979522705 -1.223280906677246 1.0578107833862305
v 0.3955519199371338 -1.1957677602767944 1.2979472875595093
v 0.42461907863616943 -1.0198040008544922 0.7461470365524292
v 0.40159863233566284 -1.2193742990493774 0.7253497838973999
v 0.2106611132621765 -1.2318642139434814 0.8621695041656494
v 0.24839532375335693 -1.2143956422805786 1.2503706216812134
v 0.4223504662513733 -1.1665095090866089 1.3171714544296265
v 0.3704984188079834 -1.2029834985733032 1.3447073698043823
v 0.4451645612716675 -1.1165696382522583 0.6706173419952393
v 0.350818932056427 -1.2297688722610474 0.6971997022628784
v 0.07847142219543457 -1.2258148193359375 0.9315325021743774
v 0.12898045778274536 -1.2173802852630615 1.1152445077896118
v 0.32759004831314087 -1.2109401226043701 1.3997105360031128
v 0.44584566354751587 -1.1652623414993286 0.7083221673965454
v 0.4354439973831177 -1.0428656339645386 0.5927428007125854
v 0.39987698197364807 -1.2160227298736572 0.6187852621078491
v 0.08965903520584106 -1.229394555091858 0.754907488822937
v 0.15601664781570435 -1.2147637605667114 1.4356776475906372
v 0.3922053575515747 -1.1886924505233765 1.4165209531784058
v 0.4373396635055542 -1.1879674196243286 0.6583174467086792
v 0.4469640851020813 -1.1650315523147583 0.6032907962799072
v 0.4485126733779907 -1.1650376319885254 0.4880460500717163
v 0.4226871728897095 -0.6102592349052429 0.5653411149978638
v 0.34627288579940796 -1.2269904613494873 0.6036578416824341
v -0.0881074070930481 -1.2248657941818237 0.9830501079559326
v -0.07363706827163696 -1.2313051223754883 0.9032785892486572
v 0.09881246089935303 -1.224881649017334 0.4918476343154907
v -0.03306114673614502 -1.2174721956253052 1.3490570783615112
v 0.27214837074279785 -1.205963134765625 1.5035508871078491
v 0.41210103034973145 -1.1637413501739502 1.4737056493759155
v 0.36424076557159424 -1.196547508239746 1.4757283926010132
v 0.39581894874572754 -1.2188136577606201 0.5132299661636353
v -0.2384057641029358 -1.2283873558044434 1.1596673727035522
v -0.1120803952217102 -1.2351545095443726 0.6826517581939697
v 0.024570703506469727 -1.2271817922592163 0.51225745677948
v 0.0019084811210632324 -1.2190775871276855 1.486810564994812
v -0.1339014768600464 -1.2211337089538574 1.1784189939498901
v 0.040371835231781006 -1.205399990081787 1.5842126607894897
v -0.20608484745025635 -1.239698052406311 0.8721290826797485
v -0.2313232421875 -1.232134461402893 0.9654926061630249
v 0.08182677626609802 -1.2243337631225586 0.3006376028060913
v -0.2551419734954834 -1.222349762916565 1.398114800453186
v 0.19449126720428467 -1.2054462432861328 1.6613119840621948
v 0.4189797043800354 -1.2089568376541138 0.4679300785064697
v -0.3356282711029053 -1.2291122674942017 0.9049587249755859
v -0.08753412961959839 -1.2321531772613525 0.4867140054702759
v -0.3369472920894623 -1.2344149351119995 0.6578385829925537
v -0.06064730882644653 -1.234212040901184 0.332455039024353
v -0.12431669235229492 -1.2179521322250366 1.5011218786239624
v 0.08819782733917236 -1.1970661878585815 1.7627514600753784
v -0.32952266931533813 -1.2321680784225464 0.5011388063430786
v -0.3994491994380951 -1.2414478063583374 0.744271993637085
v 0.0032747983932495117 -1.2266179323196411 0.11758613586425781
v -0.20307785272598267 -1.2017745971679688 1.5743111371994019
v 0.13665252923965454 -1.2196004390716553 0.06932306289672852
v -0.24517497420310974 -1.230278730392456 0.4647176265716553
v -0.31331002712249756 -1.2340476512908936 0.37326085567474365
v -0.38301733136177063 -1.2226568460464478 0.5844675302505493
v -0.4007452726364136 -1.2227603197097778 0.6305674314498901
v -0.08503103256225586 -1.2052093744277954 1.7775052785873413
v -0.43606480956077576 -1.2313205003738403 0.8330121040344238
v -0.3563094139099121 -1.2341971397399902 0.4559136629104614
v -0.3897278606891632 -1.2194620370864868 0.5008299350738525
v -0.4406181275844574 -1.2368866205215454 0.7283892631530762
v -0.07344010472297668 -1.21748685836792 0.024933815002441406
v -0.13427531719207764 -1.2284817695617676 0.10576188564300537
v -0.278517484664917 -1.209618091583252 1.7998071908950806
v -0.13066112995147705 -1.2113806009292603 2.0393123626708984
v -0.04415816068649292 -1.219062089920044 -0.1100379228591919
v -0.31317004561424255 -1.2347174882888794 0.2535938024520874
v -0.3818177580833435 -1.2196615934371948 0.3822057247161865
v -0.19868949055671692 -1.2388441562652588 0.014747262001037598
v -0.13238343596458435 -1.2261829376220703 -0.05497461557388306
v -0.3508200943470001 -1.2346298694610596 0.3357510566711426
v -0.29486149549484253 -1.2371124029159546 0.13037770986557007
v -0.17650902271270752 -1.225419044494629 -0.1521906852722168
v -0.37719976902008057 -1.2188827991485596 0.2577735185623169
v -0.3547370433807373 -1.2315007448196411 0.22906494140625
v -0.3041299879550934 -1.2420905828475952 0.020313739776611328
v -0.3002345561981201 -1.2373569011688232 -0.10091692209243774
v -0.19962218403816223 -1.2223608493804932 -0.2526206374168396
v -0.3741178810596466 -1.2158678770065308 0.1561684012413025
v -0.4002366065979004 -1.1657177209854126 0.32984769344329834
v -0.34951433539390564 -1.2342990636825562 0.106941819190979
v -0.32057851552963257 -1.2406162023544312 -0.05589419603347778
v -0.32248973846435547 -1.2302833795547485 -0.17007356882095337
v -0.3406025469303131 -1.218656301498413 -0.29616689682006836
v -0.17028272151947021 -1.224507212638855 -0.4444723129272461
v -0.3959958553314209 -1.1646146774291992 0.13172638416290283
v -0.3785671591758728 -1.2171101570129395 0.060810863971710205
v -0.35089027881622314 -1.237059473991394 -0.004739820957183838
v -0.37553870677948 -1.2189974784851074 -0.07329142093658447
v -0.34077656269073486 -1.2231727838516235 -0.2474454641342163
v -0.3475431799888611 -1.2337034940719604 -0.12331348657608032
v -0.3413882255554199 -1.2164466381072998 -0.3647381067276001
v -0.3773319721221924 -1.2180806398391724 -0.01890695095062256
v -0.4164818227291107 -1.2205098867416382 -0.2172488570213318
v -0.37723153829574585 -1.2161864042282104 -0.16602051258087158
v -0.43920543789863586 -1.2492961883544922 -0.2928891181945801
v -0.4378880262374878 -1.240281581878662 -0.3416936695575714
v -0.39609450101852417 -1.1654644012451172 -0.14278805255889893
v -0.4329332709312439 -1.231613278388977 -0.4121077060699463
v -0.5329211354255676 -1.2449716329574585 -0.34223589301109314
v -0.4811302423477173 -1.2315713167190552 -0.43562182784080505
v -0.355445921421051 -1.222285509109497 -0.4268980920314789
v -0.39237266778945923 -0.6355741024017334 -0.04903209209442139
v -0.3888967037200928 -0.9315060377120972 -0.14671188592910767
v -0.39088067412376404 -0.7341358065605164 -0.15093648433685303
v -0.3890736699104309 -0.6317460536956787 0.11936849355697632
v -0.4146398603916168 -0.9495160579681396 -0.22116267681121826
v -0.39120379090309143 -0.28679531812667847 -0.04961681365966797
v -0.39170223474502563 -0.8326470255851746 0.3261615037918091
v -0.4089197814464569 -0.7432637810707092 -0.2201017141342163
v -0.39609450101852417 -1.1654644012451172 -0.14278805255889893
v -0.3884027600288391 -0.3859785497188568 -0.20563960075378418
v -0.3959958553314209 -1.1646146774291992 0.13172638416290283
v -0.38870787620544434 -0.7319459915161133 0.23694658279418945
v -0.38271796703338623 -0.34762200713157654 0.12995022535324097
v -0.39346960186958313 -0.6676072478294373 -0.2083972692489624
v -0.38916510343551636 -0.23218029737472534 -0.10641604661941528
v -0.3782995343208313 -0.670632004737854 0.3429504632949829
v -0.38518089056015015 -0.571109414100647 0.1579141616821289
v -0.40777623653411865 -0.5833842158317566 -0.23620730638504028
v -0.39298132061958313 -0.16692256927490234 -0.2069491744041443
v -0.37897175550460815 -0.6073965430259705 0.2618600130081177
v -0.3811936378479004 -0.4643343985080719 0.2679544687271118
v -0.4674806594848633 -0.6095958948135376 -0.25666946172714233
v -0.4080199599266052 -0.39113736152648926 -0.23479056358337402
v -0.3921324610710144 -0.5337149500846863 0.33682262897491455
v -0.47534558176994324 -1.2167342901229858 0.8098330497741699
v -0.43920543789863586 -1.2492961883544922 -0.2928891181945801
v -0.5421226024627686 -1.2360851764678955 -0.28293752670288086
v -0.46277064085006714 -1.2395628690719604 -0.24523425102233887
v -0.5329211354255676 -1.2449716329574585 -0.34223589301109314
v -0.5215666890144348 -1.2180806398391724 -0.24782311916351318
v -0.4164818227291107 -1.2205098867416382 -0.2172488570213318
v -0.5788360238075256 -1.2502802610397339 -0.3687295913696289
v -0.4717021584510803 -1.2180806398391724 -0.22856438159942627
v -0.6254178881645203 -1.2141342163085938 -0.27349960803985596
v -0.6030510663986206 -1.2444044351577759 -0.32039469480514526
v -0.5351229906082153 -1.1639982461929321 -0.23373550176620483
v -0.5731573700904846 -1.1875109672546387 -0.24192386865615845
v -0.4248088002204895 -1.1643128395080566 -0.20245760679244995
v -0.6591204404830933 -1.2214536666870117 -0.33893048763275146
v -0.4774683117866516 -1.1643738746643066 -0.22464466094970703
v -0.6367034316062927 -1.1650315523147583 -0.2575855255126953
v -0.37723153829574585 -1.2161864042282104 -0.16602051258087158
v -0.6247578263282776 -1.2647701501846313 -0.3922085464000702
v -0.4679605960845947 -0.973477840423584 -0.2422814965248108
v -0.588159441947937 -1.1053884029388428 -0.23678630590438843
v -0.6748648285865784 -1.194233775138855 -0.2986881732940674
v -0.6561567187309265 -1.1119827032089233 -0.23696589469909668
v -0.6041833162307739 -1.2714744806289673 -0.4294823408126831
v -0.6744081974029541 -1.2271281480789185 -0.41595038771629333
v -0.7243543863296509 -1.1860276460647583 -0.32332485914230347
v -0.709870457649231 -1.1625206470489502 -0.2611139416694641
v -0.6965712308883667 -1.1997824907302856 -0.3705015480518341
v -0.4627397656440735 -0.7509089112281799 -0.2408103346824646
v -0.5732593536376953 -0.9208151698112488 -0.23868465423583984
v -0.6588958501815796 -1.045546293258667 -0.22170168161392212
v -0.7361091375350952 -1.1117377281188965 -0.21414542198181152
v -0.663468599319458 -1.2711294889450073 -0.43228480219841003
v -0.7433315515518188 -1.1936646699905396 -0.3955551087856293
v -0.5307443141937256 -0.8560863733291626 -0.2366640567779541
v -0.7961891889572144 -1.16182541847229 -0.2580731511116028
v -0.7717316746711731 -1.1422055959701538 -0.23022115230560303
v -0.6693058609962463 -1.2711294889450073 -0.4762604832649231
v -0.6464641094207764 -1.2877625226974487 -0.4640221893787384
v -0.7182779908180237 -1.20095694065094 -0.4423154294490814
v -0.5316338539123535 -0.7817772030830383 -0.24074524641036987
v -0.6573902368545532 -0.932333767414093 -0.2132629156112671
v -0.6145291924476624 -0.8437181115150452 -0.21678465604782104
v -0.729020893573761 -1.0500401258468628 -0.20945000648498535
v -0.8636472821235657 -1.1662793159484863 -0.2777562141418457
v -0.8019261360168457 -1.195232629776001 -0.42581844329833984
v -0.8506132960319519 -1.111804723739624 -0.2183513641357422
v -0.6937122344970703 -1.2189899682998657 -0.4881652295589447
v -0.6772061586380005 -1.273882508277893 -0.5361716151237488
v -0.7405481338500977 -1.2184051275253296 -0.5130776166915894
v -0.5163892507553101 -0.6127857565879822 -0.2555028200149536
v -0.6294037103652954 -0.793704092502594 -0.21575820446014404
v -0.7208495140075684 -0.7839197516441345 -0.2179155945777893
v -0.9856709241867065 -1.0612115859985352 -0.21889764070510864
v -1.023914098739624 -1.1754239797592163 -0.4559837877750397
v -0.8903058171272278 -1.1374183893203735 -0.23356789350509644
v -0.712337851524353 -1.266842007637024 -0.573033332824707
v -0.7904415130615234 -1.2260799407958984 -0.5370966792106628
v -0.5803664922714233 -0.73581463098526 -0.24216467142105103
v -0.5430654883384705 -0.38947299122810364 -0.23462367057800293
v -0.850220263004303 -0.8489084243774414 -0.2241731882095337
v -0.9767835736274719 -1.1115577220916748 -0.22278547286987305
v -0.906294584274292 -1.2016252279281616 -0.5039854049682617
v -0.9194610714912415 -1.166053056716919 -0.2959992289543152
v -0.6526367664337158 -0.6941263675689697 -0.22678041458129883
v -0.4662773609161377 -0.27702468633651733 -0.24472272396087646
v -0.6170939803123474 -0.5373652577400208 -0.23250621557235718
v -0.8552862405776978 -0.7591351866722107 -0.2359679937362671
v -1.081904411315918 -1.0489217042922974 -0.2170790433883667
v -1.004103183746338 -0.9251179099082947 -0.2306796908378601
v -0.9925202131271362 -1.1962532997131348 -0.5280966758728027
v -1.0416810512542725 -1.1644871234893799 -0.31366509199142456
v -0.9370661377906799 -1.1561695337295532 -0.2586214542388916
v -0.7618822455406189 -1.2709455490112305 -0.5865164995193481
v -0.8335049152374268 -1.241249918937683 -0.5642361640930176
v -0.5240857601165771 -0.2806793749332428 -0.24062228202819824
v -0.5920053720474243 -0.3298155963420868 -0.2295396327972412
v -1.0396337509155273 -0.8478244543075562 -0.24865686893463135
v -0.6668707132339478 -0.6587032079696655 -0.22869586944580078
v -1.0836342573165894 -1.1119827032089233 -0.2210690975189209
v -1.0768153667449951 -0.9510491490364075 -0.22991138696670532
v -1.1370718479156494 -1.1952425241470337 -0.5427713394165039
v -0.9265125393867493 -1.2202718257904053 -0.5523216724395752
v -1.1677736043930054 -1.1650876998901367 -0.2743217945098877
v -1.0088794231414795 -1.1354304552078247 -0.23691469430923462
v -0.8147478103637695 -1.2872354984283447 -0.6087533235549927
v -0.5194435119628906 -0.21975396573543549 -0.25023895502090454
v -0.6592305898666382 -0.325001984834671 -0.23634356260299683
v -1.0363941192626953 -0.7235236167907715 -0.2540345788002014
v -0.797261655330658 -0.5152871012687683 -0.24239671230316162
v -1.1544506549835205 -1.057921290397644 -0.2000696063041687
v -1.1285004615783691 -0.9138221740722656 -0.22862040996551514
v -1.063205599784851 -1.2114471197128296 -0.5736520290374756
v -1.1527142524719238 -1.1765071153640747 -0.42372456192970276
v -1.1958529949188232 -1.1428254842758179 -0.22134315967559814
v -0.8862334489822388 -1.2711294889450073 -0.5970177054405212
v -0.6569417715072632 -0.509679913520813 -0.23005294799804688
v -1.165923833847046 -1.1112239360809326 -0.20166385173797607
v -1.0556397438049316 -1.1548033952713013 -0.2619682550430298
v -1.1156542301177979 -1.2192550897598267 -0.590914249420166
v -1.1744632720947266 -1.1857212781906128 -0.49101418256759644
v -1.010449767112732 -1.2641640901565552 -0.6102044582366943
v -1.201852798461914 -1.1658204793930054 -0.33179575204849243
v -1.2209737300872803 -1.1539446115493774 -0.2903684377670288
v -0.9303768873214722 -1.2758824825286865 -0.6080881953239441
v -0.8547769784927368 -1.2979727983474731 -0.6423889398574829
v -1.0552787780761719 -0.5314744114875793 -0.2564048767089844
v -0.9875757694244385 -0.2860945761203766 -0.27132874727249146
v -1.20680570602417 -1.1119827032089233 -0.20448529720306396
v -1.1810914278030396 -1.0058847665786743 -0.20881664752960205
v -1.0923595428466797 -1.2553774118423462 -0.6427433490753174
v -1.1792123317718506 -1.2101612091064453 -0.5889225006103516
v -1.2340867519378662 -1.1673847436904907 -0.49242261052131653
v -1.2199183702468872 -1.1654530763626099 -0.40870746970176697
v -1.239193320274353 -1.1119827032089233 -0.24667489528656006
v -0.8993864059448242 -1.2950494289398193 -0.6597543954849243
v -1.1240737438201904 -0.5649076700210571 -0.2344396710395813
v -1.207939624786377 -1.0589336156845093 -0.2023688554763794
v -1.195373773574829 -0.9528356790542603 -0.22582197189331055
v -1.2065515518188477 -1.0058847665786743 -0.22113937139511108
v -1.1391198635101318 -1.2409073114395142 -0.6677969694137573
v -0.975943922996521 -1.2855877876281738 -0.6461383700370789
v -1.2465656995773315 -1.112534523010254 -0.31057268381118774
v -1.1895965337753296 -0.6204174160957336 -0.23692774772644043
v -1.125304937362671 -0.4298025071620941 -0.2364683747291565
v -1.0548001527786255 -0.3003816604614258 -0.2637312412261963
v -1.1970174312591553 -0.8997868299484253 -0.22275424003601074
v -1.2029898166656494 -1.2165989875793457 -0.6453185081481934
v -1.2371249198913574 -1.1658549308776855 -0.5904370546340942
v -1.2614736557006836 -1.1113297939300537 -0.4832671880722046
v -1.241863489151001 -1.0608385801315308 -0.24988818168640137
v -1.1908080577850342 -0.8450955152511597 -0.23399198055267334
v -1.182388186454773 -0.44164589047431946 -0.24859464168548584
v -1.2344392538070679 -1.0056241750717163 -0.2721128463745117
v -1.2200733423233032 -0.9423829913139343 -0.28840410709381104
v -1.254171371459961 -1.029449462890625 -0.42729315161705017
v -1.211007833480835 -0.8427366018295288 -0.2896207571029663
v -1.2085095643997192 -0.5390310287475586 -0.2833648920059204
v -1.1867754459381104 -0.3725879192352295 -0.26631784439086914
v -1.1274714469909668 -0.304861843585968 -0.23945486545562744
v -1.2477259635925293 -1.1199339628219604 -0.6004395484924316
v -1.2445446252822876 -0.933830976486206 -0.4645901024341583
v -1.180358648300171 -0.3162480592727661 -0.2653319835662842
v -1.2191226482391357 -0.9174700379371643 -0.34432950615882874
v -1.2429873943328857 -1.013980507850647 -0.5781007409095764
v -1.2097700834274292 -0.5899689197540283 -0.3834209442138672
v -1.195245623588562 -0.3940045237541199 -0.3463435471057892
v -1.217390775680542 -0.8215847611427307 -0.48267972469329834
v -1.2422922849655151 -0.8965573906898499 -0.5739045739173889
v -1.2218797206878662 -0.8373740911483765 -0.5122244954109192
v -1.213419795036316 -0.6756783723831177 -0.4701254367828369
v -1.2036947011947632 -0.41782480478286743 -0.48638564348220825
v -1.2025364637374878 -0.7389036417007446 -0.5816769599914551
v -1.2490298748016357 -0.8438515663146973 -0.6652759313583374
v -1.2238930463790894 -0.7893782258033752 -0.6353170275688171
v -1.2050819396972656 -0.5858797430992126 -0.633598268032074
v -1.2074605226516724 -0.7446958422660828 -0.6486917734146118
v -1.203994870185852 -0.6511314511299133 -0.6465652585029602
v -0.48782408237457275 0.4459010362625122 -0.19847416877746582
v -0.5091779232025146 0.48776936531066895 -0.15861904621124268
v -0.46158331632614136 0.4826086759567261 -0.12674468755722046
v -0.4410637617111206 0.4537400007247925 -0.17342060804367065
v -0.4786994457244873 0.42643749713897705 -0.21550452709197998
v -0.5331326723098755 0.424277126789093 -0.22059285640716553
v -0.42453545331954956 0.42643749713897705 -0.20426928997039795
v -0.5200570225715637 0.36017709970474243 -0.24111461639404297
v -0.41775134205818176 0.37324029207229614 -0.21801698207855225
v -0.3928894102573395 0.4290783405303955 -0.151006281375885
v -0.5847309827804565 0.3829922676086426 -0.2523958683013916
v -0.41671207547187805 0.3114107549190521 -0.22161930799484253
v -0.5659236311912537 0.28148406744003296 -0.2666720151901245
v -0.3794025182723999 0.37349021434783936 -0.16968077421188354
v -0.41034430265426636 0.21569354832172394 -0.22917670011520386
v -0.628448486328125 0.32162824273109436 -0.260351300239563
v -0.3827148973941803 0.22798112034797668 -0.200839102268219
v -0.3807222247123718 0.2996615469455719 -0.17723506689071655
v -0.5833935141563416 0.2221289575099945 -0.2658926844596863
v -0.5153636336326599 0.16109010577201843 -0.25609469413757324
v -0.41154319047927856 0.09249108284711838 -0.23004865646362305
v -0.6713627576828003 0.2661161422729492 -0.24821460247039795
v -0.3865082859992981 0.08213676512241364 -0.20428228378295898
v -0.5825784206390381 0.16119277477264404 -0.2506065368652344
v -0.6391299962997437 0.16119277477264404 -0.25305646657943726
v -0.7324053049087524 0.3125566244125366 -0.24493640661239624
v -0.5143502354621887 0.05750226601958275 -0.2665168046951294
v -0.41014447808265686 0.000641402555629611 -0.2198275327682495
v -0.7236056923866272 0.0735379084944725 -0.25693976879119873
v -0.983786940574646 0.19162587821483612 -0.23993074893951416
v -0.736137330532074 0.3793421685695648 -0.24002385139465332
v -0.46590980887413025 -0.011083646677434444 -0.2488245964050293
v -0.5937748551368713 0.11767830699682236 -0.25540244579315186
v -1.0839028358459473 0.3738429844379425 -0.23187220096588135
v -0.5138364434242249 0.002045750617980957 -0.2622508406639099
v -0.407693475484848 -0.10405218601226807 -0.2197168469429016
v -0.5692851543426514 0.05509483814239502 -0.27108824253082275
v -0.9591580629348755 0.08269006758928299 -0.2515101432800293
v -0.6384718418121338 0.024087028577923775 -0.2595610022544861
v -1.0902539491653442 0.22663617134094238 -0.23098033666610718
v -0.5116483569145203 -0.051003336906433105 -0.26633477210998535
v -0.4649144113063812 -0.11174239218235016 -0.24545055627822876
v -0.9190320372581482 -0.033442918211221695 -0.25955599546432495
v -1.0635290145874023 0.00674910843372345 -0.24412047863006592
v -0.7069408297538757 -0.18362869322299957 -0.2607872486114502
v -0.5810462236404419 0.0020845818798989058 -0.26513487100601196
v -0.4101567268371582 -0.1572103053331375 -0.2314220666885376
v -0.7604267597198486 -0.052284177392721176 -0.26203227043151855
v -0.5856281518936157 -0.1866457462310791 -0.26798999309539795
v -1.1327753067016602 0.04124795272946358 -0.22448933124542236
v -0.5644078850746155 -0.07030028849840164 -0.27191150188446045
v -0.7681368589401245 -0.2057509422302246 -0.2587071657180786
v -1.0549697875976562 -0.07881742715835571 -0.25229573249816895
v -0.6947062611579895 -0.25723811984062195 -0.24896162748336792
v -1.1933848857879639 0.20171524584293365 -0.20951783657073975
v -0.9929409027099609 -0.1883072704076767 -0.2586591839790344
v -1.126709222793579 -0.06356506049633026 -0.23372209072113037
v -1.198883295059204 0.06710636615753174 -0.21927177906036377
v -0.8926339149475098 -0.27208757400512695 -0.26204729080200195
v -1.0523428916931152 -0.2101501226425171 -0.2541849613189697
v -1.1258480548858643 -0.2042934000492096 -0.23534584045410156
v -1.1983561515808105 0.002045750617980957 -0.22025549411773682
v -1.2527384757995605 0.13609245419502258 -0.24351906776428223
v -1.1869730949401855 -0.11022573709487915 -0.24367982149124146
v -1.1896979808807373 -0.051003336906433105 -0.23641538619995117
v -1.2360973358154297 0.05509483814239502 -0.26214146614074707
v -1.2553820610046387 0.214241623878479 -0.24352264404296875
v -1.1829978227615356 -0.2614341378211975 -0.24795043468475342
v -1.2343330383300781 0.002045750617980957 -0.2654343843460083
v -1.2455830574035645 0.058354031294584274 -0.3033841848373413
v -1.2703717947006226 0.14756903052330017 -0.3145456910133362
v -1.2158193588256836 -0.11171342432498932 -0.3012315630912781
v -1.2038472890853882 -0.2601388394832611 -0.28074514865875244
v -1.2208402156829834 -0.05066192150115967 -0.29043859243392944
v -1.2424545288085938 0.002045750617980957 -0.301877498626709
v -1.2734483480453491 0.214241623878479 -0.3125673532485962
v -1.2319616079330444 0.052737217396497726 -0.38629403710365295
v -1.2705307006835938 0.16119277477264404 -0.3771039843559265
v -1.2861666679382324 0.2698092758655548 -0.28829634189605713
v -1.2134896516799927 -0.22024685144424438 -0.351125031709671
v -1.221383810043335 -0.12040013074874878 -0.347124844789505
v -1.1917121410369873 -0.31112179160118103 -0.35413673520088196
v -1.2305803298950195 -0.04285768046975136 -0.3647857904434204
v -1.2418650388717651 0.10814368724822998 -0.421928733587265
v -1.3004450798034668 0.26225894689559937 -0.44408145546913147
v -1.2365827560424805 0.12321420013904572 -0.48502227663993835
v -1.231372356414795 0.06177558749914169 -0.5106273293495178
v -1.268609642982483 0.15872347354888916 -0.42902472615242004
v -1.29128098487854 0.35350552201271057 -0.44300785660743713
v -1.2004203796386719 -0.3034631907939911 -0.4562985897064209
v -1.2323929071426392 -0.2090216726064682 -0.4095400869846344
v -1.2379369735717773 -0.16108499467372894 -0.4604140818119049
v -1.2795581817626953 0.33624595403671265 -0.4990980923175812
v -1.2873640060424805 0.214241623878479 -0.4463064670562744
v -1.2313878536224365 0.13062110543251038 -0.5280944108963013
v -1.2409504652023315 -0.15766823291778564 -0.5440673828125
v -1.280352234840393 0.26729071140289307 -0.5027333498001099
v -1.2788416147232056 0.513335645198822 -0.42399895191192627
v -1.1979601383209229 -0.2718430757522583 -0.565092921257019
v -1.2087242603302002 -0.26929140090942383 -0.4741663932800293
v -1.2393715381622314 -0.20933759212493896 -0.4807160496711731
v -1.250251054763794 0.21712113916873932 -0.5459476709365845
v -1.236448049545288 0.10587304830551147 -0.5989767909049988
v -1.272390365600586 0.214241623878479 -0.49846744537353516
v -1.2244045734405518 -0.20786330103874207 -0.5584771633148193
v -1.2312076091766357 0.04507846012711525 -0.5998176336288452
v -1.2464920282363892 0.320339560508728 -0.5447748899459839
v -1.271071195602417 0.5617547035217285 -0.5047262907028198
v -1.2069787979125977 -0.4273563027381897 -0.6435586810112
v -1.2424421310424805 0.18930211663246155 -0.5940544605255127
v -1.2388360500335693 -0.15896369516849518 -0.5977907180786133
v -1.2505555152893066 0.39255866408348083 -0.5478770732879639
v -1.2782270908355713 0.6247092485427856 -0.38386213779449463
v -1.197143316268921 -0.2626728415489197 -0.6741709113121033
v -1.235480785369873 0.2662607431411743 -0.5995174050331116
v -1.2033660411834717 -0.2101501226425171 -0.6420354843139648
v -1.2338848114013672 0.32798072695732117 -0.5995464324951172
v -1.2530531883239746 0.5084953904151917 -0.5441012382507324
v -1.2560338973999023 0.6894239187240601 -0.5451741814613342
v -1.2177870273590088 -0.15600112080574036 -0.6305864453315735
v -1.230715274810791 0.5182059407234192 -0.6017118692398071
v -1.2564120292663574 0.6004787683486938 -0.5508815050125122
v -1.2622606754302979 0.7431731820106506 -0.4336840510368347
v -1.229187250137329 0.6018032431602478 -0.6043143272399902
v -1.25648033618927 0.7447313070297241 -0.48994308710098267
v -1.232340693473816 0.7006617784500122 -0.6023585796356201
v -1.2590495347976685 0.7463159561157227 -0.5533847212791443
v -1.2826794385910034 0.7990247011184692 -0.505835235118866
v -1.2541379928588867 0.7374811768531799 -0.6071131229400635
v -0.9905198216438293 0.6142891645431519 -0.04652714729309082
v -0.9267066717147827 0.6400344967842102 -0.05573844909667969
v -0.9376282691955566 0.6322284936904907 -0.01818859577178955
v -0.9654662609100342 0.6177490949630737 -0.09328746795654297
v -0.9131147861480713 0.6960388422012329 0.02694833278656006
v -1.0152802467346191 0.6186478137969971 0.0006965398788452148
v -1.1031267642974854 0.6291347146034241 -0.09918582439422607
v -0.9335734844207764 0.6345438957214355 -0.13926774263381958
v -0.9246209859848022 0.6440602540969849 0.05119621753692627
v -0.9117230772972107 0.690840482711792 -0.12089943885803223
v -0.9688129425048828 0.6178654432296753 0.025286555290222168
v -1.0131820440292358 0.6185939908027649 -0.11831140518188477
v -0.9938664436340332 0.6193307638168335 0.07204675674438477
v -1.1005326509475708 0.6313889622688293 0.03742796182632446
v -0.9864803552627563 0.6167173981666565 -0.1692291498184204
v -0.9258301258087158 0.6418449878692627 -0.18410146236419678
v -1.0761003494262695 0.6289935111999512 0.13454365730285645
v -1.156693935394287 0.6327084898948669 0.03631019592285156
v -1.0119502544403076 0.617332398891449 -0.2376772165298462
v -0.9120352864265442 0.6964755654335022 -0.298766553401947
v -0.9471061825752258 0.6153424978256226 0.09710025787353516
v -1.1374939680099487 0.6322544813156128 0.11545979976654053
v -0.9621195793151855 0.6195873022079468 -0.21186137199401855
v -0.9326308965682983 0.6369436979293823 -0.26312804222106934
v -0.5296839475631714 0.6386336088180542 0.019831955432891846
v -0.5088068246841431 0.5855845212936401 -0.03912121057510376
v -0.5076693296432495 0.6386336088180542 -0.03914928436279297
v -1.2643873691558838 1.300425410270691 -0.4339958727359772
v -1.2266734838485718 1.2789794206619263 -0.38922515511512756
v -1.2870630025863647 1.269368052482605 -0.3916737139225006
v -1.1786432266235352 1.3055787086486816 -0.4861351251602173
v -1.242680549621582 1.262123465538025 -0.36218222975730896
v -1.3295223712921143 1.2752212285995483 -0.42475470900535583
v -1.2385390996932983 1.3120189905166626 -0.484706312417984
v -1.1602469682693481 1.2803303003311157 -0.3651638925075531
v -1.2972756624221802 1.2195398807525635 -0.37348031997680664
v -1.311147689819336 1.2992266416549683 -0.45904943346977234
v -1.32729172706604 1.2165545225143433 -0.4107917845249176
v -1.137019157409668 1.309639811515808 -0.5386632680892944
v -1.145813226699829 1.2925094366073608 -0.4306491017341614
v -1.2512544393539429 1.2169671058654785 -0.34165990352630615
v -1.19613778591156 1.2221721410751343 -0.3375086188316345
v -1.3316292762756348 1.2752212285995483 -0.4700232446193695
v -1.286094069480896 1.3100045919418335 -0.5058097839355469
v -1.2359870672225952 1.3140290975570679 -0.5993300676345825
v -1.0990533828735352 1.290408968925476 -0.4055957496166229
v -1.30110764503479 1.0915238857269287 -0.38869577646255493
v -1.1327605247497559 1.223339557647705 -0.3386848568916321
v -1.3219891786575317 1.2748196125030518 -0.5419502854347229
v -1.3355786800384521 1.2135894298553467 -0.4796329140663147
v -1.2610406875610352 1.3129032850265503 -0.5525698661804199
v -1.0663468837738037 1.278666615486145 -0.4482554793357849
v -1.208021640777588 1.3102182149887085 -0.6484466791152954
v -1.1224948167800903 1.2778764963150024 -0.35594597458839417
v -1.327413558959961 1.1157344579696655 -0.43612968921661377
v -1.2096351385116577 1.165689468383789 -0.34626030921936035
v -1.2489187717437744 1.0984439849853516 -0.35090121626853943
v -1.032621145248413 1.2741438150405884 -0.5262860059738159
v -1.2827473878860474 1.31082284450531 -0.6243836283683777
v -1.1590332984924316 1.3080734014511108 -0.6422092914581299
v -1.0593714714050293 1.2700546979904175 -0.3843347430229187
v -1.3168535232543945 1.0314604043960571 -0.40019491314888
v -1.2518010139465332 0.9814209938049316 -0.3463178873062134
v -1.0572304725646973 1.1514755487442017 -0.3767818510532379
v -1.0648036003112793 1.2221721410751343 -0.35719233751296997
v -1.3292009830474854 1.221588134765625 -0.5383989214897156
v -1.3078010082244873 1.2997249364852905 -0.5776233673095703
v -0.9885807633399963 1.275026559829712 -0.4872467815876007
v -1.0720688104629517 1.297422170639038 -0.5968762040138245
v -1.0806884765625 1.3024955987930298 -0.6494728326797485
v -1.0272395610809326 1.2681883573532104 -0.4273023009300232
v -1.3008371591567993 0.9605367183685303 -0.3631191849708557
v -1.3253151178359985 0.9738606810569763 -0.41290244460105896
v -1.2123044729232788 1.0389846563339233 -0.3495838940143585
v -1.3250937461853027 1.2752212285995483 -0.5868886709213257
v -1.3280715942382812 1.0980356931686401 -0.5796947479248047
v -0.9770700335502625 1.2866733074188232 -0.5892439484596252
v -1.311707615852356 1.2752212285995483 -0.6399000883102417
v -0.9811455011367798 1.2753446102142334 -0.40209317207336426
v -1.0069332122802734 1.2318142652511597 -0.3528748154640198
v -1.193345546722412 0.9028240442276001 -0.34716641902923584
v -1.2529351711273193 0.8852317929267883 -0.34682315587997437
v -1.0548354387283325 1.0412771701812744 -0.3884381353855133
v -1.0343983173370361 1.1691230535507202 -0.3709544837474823
v -1.3326528072357178 1.219340443611145 -0.5949631333351135
v -0.9070598483085632 1.284013032913208 -0.4674747586250305
v -0.9637880325317383 1.2967618703842163 -0.6494976282119751
v -1.323704719543457 0.9054424166679382 -0.40718626976013184
v -1.3337230682373047 0.9746195673942566 -0.5294647216796875
v -1.300973653793335 0.9038780927658081 -0.36571070551872253
v -0.9954126477241516 1.1160739660263062 -0.37437695264816284
v -0.8245795965194702 1.2739036083221436 -0.5117759704589844
v -0.9087728261947632 1.2874302864074707 -0.3009788393974304
v -0.8537552356719971 1.2834633588790894 -0.6540001034736633
v -0.9602481126785278 1.275654911994934 -0.3303110599517822
v -1.0038431882858276 1.1735039949417114 -0.3586421012878418
v -1.3278357982635498 0.9049835205078125 -0.4573521614074707
v -1.3242826461791992 1.0226833820343018 -0.584405779838562
v -1.1808068752288818 0.7770529389381409 -0.3559996485710144
v -1.0576906204223633 0.7887121438980103 -0.3720147907733917
v -1.2894630432128906 0.8508161306381226 -0.3872258961200714
v -0.9922633171081543 1.0573469400405884 -0.3835679590702057
v -0.7080347537994385 1.274477481842041 -0.32542914152145386
v -0.8777991533279419 1.276585578918457 -0.5881650447845459
v -0.789884626865387 1.2766492366790771 -0.30249476432800293
v -0.9705623984336853 1.2221721410751343 -0.30843019485473633
v -0.9632998704910278 1.1663472652435303 -0.3316289186477661
v -1.3093314170837402 0.8518471717834473 -0.45893004536628723
v -1.333665370941162 0.8622390627861023 -0.53014075756073
v -1.2423994541168213 0.8021055459976196 -0.3627066910266876
v -1.1491849422454834 0.8031951189041138 -0.3567294776439667
v -0.9901211261749268 0.8588114380836487 -0.38212624192237854
v -0.9502801895141602 1.0891958475112915 -0.3479735255241394
v -0.719276487827301 1.2612640857696533 -0.4579399824142456
v -0.7668397426605225 1.273660659790039 -0.20897996425628662
v -0.9408779144287109 1.2752212285995483 -0.2580077648162842
v -0.9470899701118469 1.2221721410751343 -0.2561300992965698
v -1.2407783269882202 0.7447313070297241 -0.36113545298576355
v -0.9956666231155396 0.7696451544761658 -0.3743096590042114
v -1.2679096460342407 0.7977803945541382 -0.4320073127746582
v -0.9437552094459534 0.8623344898223877 -0.3581251800060272
v -0.6585262417793274 1.2799090147018433 -0.21703559160232544
v -0.6258655786514282 1.2567442655563354 -0.3699765205383301
v -0.6522622108459473 1.2618054151535034 -0.5409239530563354
v -0.8947240710258484 1.278889775276184 -0.22586357593536377
v -0.9302794933319092 1.1461329460144043 -0.2632575035095215
v -1.2826794385910034 0.7990247011184692 -0.505835235118866
v -1.2341680526733398 0.6916822195053101 -0.3559955060482025
v -1.2622606754302979 0.7431731820106506 -0.4336840510368347
v -1.1756967306137085 0.6915780901908875 -0.35536935925483704
v -1.001816987991333 0.6920608282089233 -0.3783542513847351
v -0.9456042647361755 0.7723835706710815 -0.3552643060684204
v -0.9202401638031006 0.8492127060890198 -0.30616438388824463
v -0.9375484585762024 1.1067287921905518 -0.3185475468635559
v -0.6203268766403198 1.2772701978683472 -0.22203755378723145
v -0.620398759841919 1.245686650276184 -0.05176687240600586
v -0.8671538829803467 1.2596631050109863 -0.16076934337615967
v -0.930160641670227 1.1730594635009766 -0.18293482065200806
v -1.260359525680542 0.6916822195053101 -0.3716544508934021
v -0.4152231216430664 1.2457308769226074 -0.4020778238773346
v -0.4710838794708252 1.2412763833999634 -0.25772106647491455
v -0.9153592586517334 1.2468713521957397 -0.1868078112602234
v -0.9192842245101929 0.8991518020629883 -0.2307472825050354
v -0.9258390665054321 1.2228878736495972 -0.1730891466140747
v -1.1898618936538696 0.6409934759140015 -0.3309527039527893
v -1.2533841133117676 0.6386336088180542 -0.34220489859580994
v -1.2782270908355713 0.6247092485427856 -0.38386213779449463
v -1.0663247108459473 0.6386336088180542 -0.354353129863739
v -0.9433786869049072 0.6916822195053101 -0.3591662049293518
v -0.9120352864265442 0.6964755654335022 -0.298766553401947
v -0.9287266731262207 1.046626329421997 -0.07437050342559814
v -0.9200723767280579 1.2221721410751343 -0.1291494369506836
v -1.11515212059021 0.6397610902786255 -0.3452858626842499
v -1.0065449476242065 0.6378698348999023 -0.3577413558959961
v -0.41713741421699524 1.246451497077942 -0.33981335163116455
v -0.3556244969367981 1.2272515296936035 -0.6025028228759766
v -0.9115438461303711 0.8396357893943787 -0.034964680671691895
v -0.9333824515342712 1.169067144393921 -0.053511202335357666
v -1.149160385131836 0.627649188041687 -0.3120753765106201
v -1.2677340507507324 0.6091440916061401 -0.3154219388961792
v -1.2822105884552002 0.5855845212936401 -0.38336196541786194
v -1.068312168121338 0.6220464706420898 -0.32714247703552246
v -0.9493898153305054 0.6366311311721802 -0.3279646635055542
v -0.2822153568267822 1.2304459810256958 -0.2765105962753296
v -0.1975989043712616 1.2045403718948364 -0.472427099943161
v -0.9075422883033752 0.8461803197860718 0.025735080242156982
v -1.1024000644683838 0.6217225790023804 -0.28702181577682495
v -1.1742138862609863 0.6232274770736694 -0.26531505584716797
v -1.2209737300872803 0.6195071935653687 -0.2903684377670288
v -1.2788416147232056 0.513335645198822 -0.42399895191192627
v -0.9838260412216187 0.6160010099411011 -0.28367477655410767
v -0.9326308965682983 0.6369436979293823 -0.26312804222106934
v -0.9117230772972107 0.690840482711792 -0.12089943885803223
v -0.08878377079963684 1.1919502019882202 -0.39537596702575684
v -0.367465615272522 1.226326584815979 -0.19225221872329712
v -1.1487786769866943 0.6272197961807251 -0.22844171524047852
v -1.282203197479248 0.5869138240814209 -0.30942630767822266
v -1.0119502544403076 0.617332398891449 -0.2376772165298462
v -0.118035227060318 1.2129511833190918 -0.24221616983413696
v -0.09255620837211609 1.2131273746490479 -0.17103445529937744
v -0.9131147861480713 0.6960388422012329 0.02694833278656006
v -1.1992673873901367 0.6159557104110718 -0.21855497360229492
v -1.2413609027862549 0.5822453498840332 -0.24303007125854492
v -1.291506290435791 0.5142725110054016 -0.3261268138885498
v -0.07179567217826843 1.1991983652114868 -0.30463123321533203
v -0.15019437670707703 1.2032561302185059 -0.08534997701644897
v -0.8991214036941528 0.67985999584198 0.12182515859603882
v -1.1031267642974854 0.6291347146034241 -0.09918582439422607
v -1.177560567855835 0.6276830434799194 -0.14674115180969238
v -1.28579580783844 0.5327486395835876 -0.27873778343200684
v -1.280540943145752 0.42486992478370667 -0.3071575164794922
v -0.9246209859848022 0.6440602540969849 0.05119621753692627
v -1.2228145599365234 0.5847091674804688 -0.13541406393051147
v -1.2516047954559326 0.5325354337692261 -0.23319828510284424
v -1.2815195322036743 0.3790600895881653 -0.306290864944458
v -1.2834640741348267 0.48309406638145447 -0.27821338176727295
v -1.1558537483215332 0.6302498579025269 -0.0749274492263794
v -1.2026140689849854 0.6127632856369019 -0.09998100996017456
v -1.2373440265655518 0.5325963497161865 -0.1783299446105957
v -1.2532120943069458 0.4794865846633911 -0.23019832372665405
v -1.2466914653778076 0.3733886480331421 -0.2436683177947998
v -1.29128098487854 0.35350552201271057 -0.44300785660743713
v -1.2463231086730957 0.42643749713897705 -0.24360567331314087
v -1.156693935394287 0.6327084898948669 0.03631019592285156
v -1.223780632019043 0.5733202695846558 -0.055599212646484375
v -1.2338114976882935 0.5325354337692261 -0.11669623851776123
v -1.2575591802597046 0.33015143871307373 -0.24587363004684448
v -1.2881931066513062 0.30840471386909485 -0.2934824228286743
v -1.1809072494506836 0.6260093450546265 -0.028167247772216797
v -1.2290961742401123 0.47690820693969727 -0.17169737815856934
v -1.2095117568969727 0.42643749713897705 -0.19943439960479736
v -1.2069624662399292 0.2791341245174408 -0.2068469524383545
v -1.2861666679382324 0.2698092758655548 -0.28829634189605713
v -1.214645266532898 0.5928577780723572 0.025097370147705078
v -1.2195478677749634 0.5314104557037354 0.03784710168838501
v -1.2059717178344727 0.47866952419281006 -0.09991157054901123
v -1.2044062614440918 0.3733886480331421 -0.20896375179290771
v -1.252641201019287 0.26729071140289307 -0.23126405477523804
v -1.177560567855835 0.45556366443634033 -0.14674115180969238
v -1.1692237854003906 0.37527960538864136 -0.20497989654541016
v -1.2765274047851562 0.26729071140289307 -0.2599499225616455
v -1.1933848857879639 0.20171524584293365 -0.20951783657073975
v -1.201931357383728 0.5325354337692261 0.13319683074951172
v -1.2026386260986328 0.482116162776947 -0.03149569034576416
v -1.1518595218658447 0.4245651960372925 -0.19231843948364258
v -1.2553820610046387 0.214241623878479 -0.24352264404296875
v -1.1057467460632324 0.4450927972793579 -0.16844791173934937
v -1.0811066627502441 0.42255112528800964 -0.20758259296417236
v -1.0902539491653442 0.22663617134094238 -0.23098033666610718
v -1.0839028358459473 0.3738429844379425 -0.23187220096588135
v -1.0298271179199219 0.4276932179927826 -0.20027649402618408
v -0.8809596300125122 0.4237893223762512 -0.21022582054138184
v -0.736137330532074 0.3793421685695648 -0.24002385139465332
v -0.9253121614456177 0.4481131434440613 -0.17985475063323975
v -0.7382029891014099 0.42826831340789795 -0.21694958209991455
v -0.6589483022689819 0.4306896924972534 -0.23353254795074463
v -0.6359446048736572 0.3733886480331421 -0.25900179147720337
v -0.6814440488815308 0.4821705222129822 -0.18541401624679565
v -0.5847309827804565 0.3829922676086426 -0.2523958683013916
v -0.628448486328125 0.32162824273109436 -0.260351300239563
v -0.6073960661888123 0.4822605848312378 -0.2030981183052063
v -0.5890100002288818 0.42643749713897705 -0.2342734932899475
v -0.6163454055786133 0.5482384562492371 -0.1798664927482605
v -0.5331326723098755 0.424277126789093 -0.22059285640716553
v -0.5610105991363525 0.523608922958374 -0.17420440912246704
v -0.5521284341812134 0.4794865846633911 -0.19078224897384644
v -0.5673247575759888 0.5855845212936401 -0.16241949796676636
v -0.48782408237457275 0.4459010362625122 -0.19847416877746582
v -0.5091779232025146 0.48776936531066895 -0.15861904621124268
v -0.7329089641571045 1.3291511535644531 1.180019497871399
v -0.6682661175727844 1.3395265340805054 1.149251937866211
v -0.6933196783065796 1.3504022359848022 1.1960121393203735
v -0.7121198177337646 1.3252023458480835 1.1257556676864624
v -0.7183732390403748 1.351444125175476 1.2427724599838257
v -0.7427154779434204 1.3251904249191284 1.2891567945480347
v -0.6966662406921387 1.3553694486618042 1.3145860433578491
v -0.6716129779815674 1.3607152700424194 1.267825961112976
v -0.6499061584472656 1.353309988975525 1.3396393060684204
v -0.6745723485946655 1.3414028882980347 1.3861404657363892
v -0.6281994581222534 1.329431414604187 1.411453127861023
v -0.6031458377838135 1.3383673429489136 1.36469304561615
v -0.515562891960144 0.6888816356658936 -0.09256023168563843
v -0.5168591737747192 0.6907700300216675 -0.03254342079162598
v -0.5076693296432495 0.6386336088180542 -0.03914928436279297
v -0.04192879796028137 1.2092422246932983 -0.01975274085998535
v -0.06698223948478699 1.1995052099227905 0.027007341384887695
v -0.08895444869995117 1.1995363235473633 -0.035370707511901855
v -0.1059482991695404 1.1959984302520752 0.09998488426208496
v -0.38150715827941895 1.2275925874710083 -0.06813317537307739
v -0.14077502489089966 1.1953067779541016 0.1651993989944458
v -0.4130081534385681 1.2290000915527344 -0.15837740898132324
v -0.06567206978797913 1.2078980207443237 0.11913543939590454
v -0.39792072772979736 1.2228968143463135 0.03460431098937988
v -0.4814966022968292 1.244647741317749 -0.14142698049545288
v -0.11042657494544983 1.1972417831420898 0.2326948642730713
v -0.4606896936893463 1.2448278665542603 -0.061016201972961426
v -0.44803735613822937 1.2339516878128052 0.26166200637817383
v -0.49439537525177 1.2384787797927856 0.02765977382659912
v -0.5502819418907166 1.2538074254989624 0.23613882064819336
v -0.5662506222724915 1.2570635080337524 -0.13185638189315796
v -0.5596374869346619 1.2608751058578491 -0.1767672300338745
v -0.8727644681930542 1.2613797187805176 0.07425421476364136
v -0.6034142971038818 1.26193368434906 0.9385553598403931
v -0.5916775465011597 1.2738027572631836 1.0431454181671143
v -0.6407719850540161 1.2747048139572144 0.9856092929840088
v -0.5326875448226929 1.2513043880462646 1.0087388753890991
v -0.6866260766983032 1.26797616481781 0.9588644504547119
v -0.6277594566345215 1.257649302482605 0.7600926160812378
v -0.6938719749450684 1.2752212285995483 1.0151658058166504
v -0.718856155872345 1.274417757987976 0.8792914152145386
v -0.7116796374320984 1.2595399618148804 1.005624771118164
v -0.7333861589431763 1.2626289129257202 0.9338109493255615
v -0.7603987455368042 1.2698904275894165 0.8178554773330688
v -0.7367329597473145 1.2549461126327515 1.052384614944458
v -0.8095645904541016 1.2588365077972412 0.903862714767456
v -0.7624865770339966 1.2408339977264404 0.9862207174301147
v -0.819057047367096 1.248700499534607 0.9433398246765137
v -0.8073192834854126 1.2430808544158936 1.0806139707565308
v -0.8302533626556396 1.245496153831482 1.0022776126861572
v -0.7617865204811096 1.2410978078842163 1.0991449356079102
v -0.7868400812149048 1.238061785697937 1.1459052562713623
v -0.7381073236465454 1.2752212285995483 1.1118319034576416
v -0.7386559247970581 1.2728568315505981 1.1706479787826538
v -0.7121198177337646 1.3252023458480835 1.1257556676864624
v -0.7399954795837402 1.2752212285995483 1.2311877012252808
v -0.7386559247970581 1.2728568315505981 1.1706479787826538
v -0.5412777662277222 0.7267888784408569 0.013620138168334961
v -0.5247726440429688 0.6916822195053101 0.02246338129043579
v -0.674166202545166 1.2752212285995483 1.7219008207321167
v -0.6594641804695129 1.2752212285995483 1.7558034658432007
v -0.6850000619888306 1.2454761266708374 1.7421215772628784
v -0.6662372350692749 1.2796720266342163 1.8123582601547241
v -0.7100536823272705 1.2443755865097046 1.7888818979263306
v -0.16611891984939575 1.1546390056610107 1.1118766069412231
v -0.13201677799224854 1.143061637878418 1.1503503322601318
v -0.2109476923942566 1.1337255239486694 1.1921199560165405
v -0.17714756727218628 1.1270289421081543 1.2398751974105835
v -0.21750253438949585 1.170404314994812 1.0994232892990112
v -0.24407750368118286 1.1344026327133179 1.2561599016189575
v -0.2454017996788025 1.1649497747421265 1.1350828409194946
v -0.19062381982803345 1.1887062788009644 1.0440654754638672
v -0.2872326374053955 1.1718858480453491 1.2279220819473267
v -0.21957987546920776 1.115778923034668 1.321207880973816
v -0.2800636291503906 1.2037404775619507 1.0904086828231812
v -0.2696968913078308 1.165267825126648 1.182249665260315
v -0.27745521068573 1.1586483716964722 1.2878841161727905
v -0.17248284816741943 1.1111217737197876 1.3461147546768188
v -0.21472293138504028 1.2015750408172607 1.0085729360580444
v -0.3267027735710144 1.2063846588134766 1.185212254524231
v -0.3158911466598511 1.1921762228012085 1.277866005897522
v -0.2519680857658386 1.1154826879501343 1.381722331047058
v -0.2820059657096863 1.2203574180603027 0.9399131536483765
v -0.36265140771865845 1.2132447957992554 1.2528125047683716
v -0.34094470739364624 1.2033895254135132 1.3246263265609741
v -0.28448760509490967 1.1733647584915161 1.3458107709884644
v -0.20066404342651367 1.0935300588607788 1.3997868299484253
v -0.37706083059310913 1.2230093479156494 1.1456284523010254
v -0.4516880512237549 1.2249327898025513 1.2293769121170044
v -0.41134387254714966 1.2201180458068848 1.3336902856826782
v -0.2899864912033081 1.1691230535507202 1.412112832069397
v -0.16040563583374023 1.1130183935165405 1.3902424573898315
v -0.22571760416030884 1.0982965230941772 1.4465473890304565
v -0.4082886576652527 1.2297651767730713 1.0116792917251587
v -0.48077285289764404 1.2302913665771484 1.2487820386886597
v -0.3659982681274414 1.2055295705795288 1.3713866472244263
v -0.2677924633026123 1.12482488155365 1.4240041971206665
v -0.31923794746398926 1.1955960988998413 1.3964403867721558
v -0.47149449586868286 1.2280066013336182 1.1059967279434204
v -0.505083441734314 1.2405129671096802 1.1572633981704712
v -0.4051228165626526 1.2161518335342407 1.4334474802017212
v -0.46045172214508057 1.2325069904327393 1.3209446668624878
v -0.29525822401046753 1.1701269149780273 1.4676588773727417
v -0.3520408272743225 1.1991888284683228 1.4587291479110718
v -0.5326875448226929 1.2513043880462646 1.0087388753890991
v -0.5503414273262024 1.2700022459030151 1.2672005891799927
v -0.43781208992004395 1.2357653379440308 1.393093466758728
v -0.5679161548614502 1.2794746160507202 1.1776169538497925
v -0.5916775465011597 1.2738027572631836 1.0431454181671143
v -0.8991214036941528 0.67985999584198 0.12182515859603882
v -0.9048800468444824 0.6386336088180542 0.12267190217971802
v -0.8644774556159973 0.6386336088180542 0.16753506660461426
v -0.8666713237762451 0.5855845212936401 0.1716296672821045
v -0.9276562333106995 0.5756760835647583 0.16428637504577637
v -1.0251604318618774 0.6131932735443115 0.16057223081588745
v -0.9966743588447571 0.5845823884010315 0.1880563497543335
v -1.0455631017684937 0.5855845212936401 0.2248988151550293
v -1.1398708820343018 0.6097687482833862 0.2315206527709961
v -1.089457631111145 0.5882968902587891 0.2643861770629883
v -1.1625475883483887 0.6195048093795776 0.16222012042999268
v -1.154961109161377 0.5855845212936401 0.26038825511932373
v -1.1842538118362427 0.6164745092391968 0.09040647745132446
v -1.184634804725647 0.5841784477233887 0.20912456512451172
v -1.2001631259918213 0.5855845212936401 0.13248324394226074
v -1.2013362646102905 0.5292002558708191 0.2235168218612671
v -1.214645266532898 0.5928577780723572 0.025097370147705078
v -1.159329891204834 0.5325354337692261 0.26854217052459717
v -1.201931357383728 0.5325354337692261 0.13319683074951172
v -0.43543362617492676 1.2448360919952393 0.7960193157196045
v -0.32855263352394104 1.2246341705322266 0.45558154582977295
v -0.3690252900123596 1.234246015548706 0.6423670053482056
v -0.4579921364784241 1.2368236780166626 0.40636205673217773
v -0.15449106693267822 1.206032395362854 0.7112666368484497
v -0.3152245879173279 1.2254589796066284 0.8151124715805054
v -0.5432894825935364 1.252488613128662 0.5777661800384521
v -0.16284283995628357 1.2008743286132812 0.46212971210479736
v -0.4082886576652527 1.2297651767730713 1.0116792917251587
v -0.6081526279449463 1.265548825263977 0.5042941570281982
v -0.5657783150672913 1.2584706544876099 0.37396562099456787
v -0.1197081208229065 1.2051149606704712 0.6338789463043213
v -0.2820059657096863 1.2203574180603027 0.9399131536483765
v -0.13686203956604004 1.1978604793548584 0.30491316318511963
v 0.04822409152984619 1.2202762365341187 0.5982421636581421
v -0.019789397716522217 1.21396005153656 0.7772138118743896
v -0.15857815742492676 1.2047947645187378 0.8398867845535278
v -0.8301076889038086 1.270373821258545 0.7544777393341064
v -0.05904689431190491 1.212177038192749 0.2957587242126465
v 0.010412096977233887 1.2194926738739014 0.4379429817199707
v -0.21472293138504028 1.2015750408172607 1.0085729360580444
v 0.049481749534606934 1.2237889766693115 0.7651166915893555
v -0.16228193044662476 1.2003223896026611 0.9838632345199585
v 0.04418724775314331 1.2139387130737305 0.9357644319534302
v 0.11307060718536377 1.2240216732025146 0.7007615566253662
v -0.09705400466918945 1.2042897939682007 1.0071393251419067
v -0.19062381982803345 1.1887062788009644 1.0440654754638672
v 0.06463736295700073 1.2232269048690796 0.8576803207397461
v 0.14056092500686646 1.2269366979599 0.7649227380752563
v 0.09212338924407959 1.2250604629516602 0.9288877248764038
v -0.027273833751678467 1.1982134580612183 1.0656895637512207
v -0.16611891984939575 1.1546390056610107 1.1118766069412231
v 0.16621732711791992 1.2321676015853882 0.8008327484130859
v 0.1467379927635193 1.225119948387146 0.8637181520462036
v 0.1922338604927063 1.2334158420562744 0.8781700134277344
v 0.05067849159240723 1.2048090696334839 1.0473198890686035
v -0.13201677799224854 1.143061637878418 1.1503503322601318
v 0.16571015119552612 1.2234177589416504 0.9509509801864624
v 0.12658774852752686 1.2172611951828003 1.0594375133514404
v 0.012669861316680908 1.195059895515442 1.1170903444290161
v -0.0820838212966919 1.1500623226165771 1.1665109395980835
v 0.044279277324676514 1.201127290725708 1.172873854637146
v -0.17714756727218628 1.1270289421081543 1.2398751974105835
v 0.14738547801971436 1.2209069728851318 1.1048449277877808
v -0.021353602409362793 1.169106125831604 1.183449149131775
v -0.17248284816741943 1.1111217737197876 1.3461147546768188
v 0.20097017288208008 1.2189325094223022 0.9892737865447998
v 0.16683584451675415 1.2329057455062866 1.2706903219223022
v 0.06336259841918945 1.2052364349365234 1.420223355293274
v -0.038330912590026855 1.157429814338684 1.2467924356460571
v -0.047805190086364746 1.1523711681365967 1.3125547170639038
v 0.24998915195465088 1.2221577167510986 1.101248860359192
v 0.22307133674621582 1.2262415885925293 1.158063292503357
v 0.2552715539932251 1.2310198545455933 1.222786784172058
v 0.28032511472702026 1.2276285886764526 1.176026463508606
v 0.4075801372528076 -1.167406439781189 1.9957083463668823
v 0.35682761669158936 -1.190968632698059 2.162795066833496
v 0.39132094383239746 -1.1656520366668701 2.2421927452087402
v 0.34512948989868164 -1.194514274597168 2.0724902153015137
v 0.36877763271331787 -1.1849983930587769 2.2465381622314453
v 0.40576696395874023 -1.1128525733947754 2.1672205924987793
v 0.37547123432159424 -1.1879631280899048 2.009390354156494
v 0.31352150440216064 -1.1977156400680542 2.2015552520751953
v 0.3382301330566406 -1.196376085281372 2.2991042137145996
v 0.40179383754730225 -1.1131699085235596 2.360464096069336
v 0.42105185985565186 -1.1129043102264404 2.006594181060791
v 0.3277122974395752 -1.1922732591629028 1.890098214149475
v 0.36405956745147705 -1.1879205703735352 1.912105917930603
v 0.1692124605178833 -1.1944462060928345 2.0839266777038574
v 0.36543071269989014 -1.1824606657028198 2.3651123046875
v 0.39671385288238525 -1.1127318143844604 2.494779586791992
v 0.39655041694641113 -0.9788588285446167 2.160799026489258
v 0.4045131206512451 -1.166468858718872 1.8927513360977173
v 0.13222157955169678 -1.1999914646148682 2.2191543579101562
v 0.3555377721786499 -1.1843950748443604 2.457496166229248
v 0.383334755897522 -1.1633217334747314 2.448869228363037
v 0.3940718173980713 -0.9726803302764893 2.4379634857177734
v 0.39086174964904785 -0.8845797777175903 2.2542409896850586
v 0.4017643928527832 -0.9523788690567017 2.010315418243408
v 0.422139048576355 -1.110412359237671 1.814428687095642
v 0.37065255641937256 -1.185800313949585 1.7939804792404175
v 0.1560295820236206 -1.1914522647857666 1.8278852701187134
v -0.056647300720214844 -1.1977647542953491 2.1334633827209473
v -0.08367085456848145 -1.1955801248550415 2.4487996101379395
v 0.2997673749923706 -1.195995569229126 2.430020809173584
v 0.38077735900878906 -1.1627004146575928 2.5620856285095215
v 0.39848923683166504 -1.1090121269226074 2.6775388717651367
v 0.3931032419204712 -0.7619596719741821 2.0930371284484863
v 0.40697795152664185 -1.1650315523147583 1.7855371236801147
v 0.3596477508544922 -1.1879645586013794 1.7145785093307495
v 0.06407415866851807 -1.1908824443817139 1.965011715888977
v 0.3160971403121948 -1.193621277809143 2.5739660263061523
v 0.40409278869628906 -0.9429444074630737 2.611238479614258
v 0.4001290798187256 -0.8185614943504333 2.420408248901367
v 0.39223337173461914 -0.7252085208892822 2.1921401023864746
v 0.399880051612854 -0.598900318145752 2.0167388916015625
v 0.4040665626525879 -0.9796513915061951 1.8273288011550903
v 0.42101746797561646 -1.1137140989303589 1.6571046113967896
v 0.40963441133499146 -1.165832281112671 1.6496809720993042
v 0.23903709650039673 -1.1939531564712524 1.7143198251724243
v 0.14948773384094238 -1.189795970916748 2.6538662910461426
v 0.2633335590362549 -1.191062092781067 2.644375801086426
v 0.3765108585357666 -1.1600278615951538 2.671966075897217
v 0.40066516399383545 -1.01426362991333 2.686701774597168
v 0.39161407947540283 -0.5159328579902649 2.0906777381896973
v 0.3986337184906006 -0.8340861797332764 1.9352606534957886
v 0.3855118155479431 -1.1818262338638306 1.6536685228347778
v 0.36213386058807373 -1.1897441148757935 1.5925852060317993
v 0.043692708015441895 -1.1944679021835327 2.6094675064086914
v 0.3446774482727051 -1.1877012252807617 2.628255844116211
v 0.3834801912307739 -1.1078267097473145 2.737642765045166
v 0.3975313901901245 -0.7659069895744324 2.6770806312561035
v 0.3959444761276245 -0.6791755557060242 2.3714380264282227
v 0.38433837890625 -0.43224266171455383 2.1335673332214355
v 0.39769935607910156 -0.5883169770240784 1.8605149984359741
v 0.4061039686203003 -0.4626621603965759 1.997820496559143
v 0.40081512928009033 -0.9020790457725525 1.617000699043274
v 0.40484297275543213 -0.9671730995178223 1.4718140363693237
v 0.41036421060562134 -1.1650315523147583 1.5466173887252808
v 0.22247159481048584 -1.177554726600647 2.7095346450805664
v 0.0843501091003418 -1.179221749305725 2.6993350982666016
v -0.17939245700836182 -1.2029423713684082 2.5925827026367188
v 0.30863022804260254 -1.178564190864563 2.6957802772521973
v 0.35155439376831055 -1.1627916097640991 2.718778610229492
v 0.3794689178466797 -0.9373243451118469 2.73268985748291
v 0.39935755729675293 -0.5786629915237427 1.6741687059402466
v 0.4041638970375061 -0.742772102355957 1.527622103691101
v 0.4262254238128662 -1.1131150722503662 1.3818575143814087
v 0.16579735279083252 -1.1651495695114136 2.739863395690918
v 0.24187779426574707 -1.1652110815048218 2.7392468452453613
v 0.009733796119689941 -1.1945667266845703 2.657559394836426
v 0.3314850330352783 -1.1139167547225952 2.769166946411133
v 0.33231258392333984 -1.0093485116958618 2.765584945678711
v 0.3768322467803955 -0.7441466450691223 2.7329025268554688
v 0.39006638526916504 -0.6598491072654724 2.6779017448425293
v 0.3826678991317749 -0.436911016702652 2.2601799964904785
v 0.4045119285583496 -0.4817424416542053 1.7876118421554565
v 0.4266219735145569 -1.1119827032089233 1.246956467628479
v 0.3888583779335022 -1.18293297290802 1.5350948572158813
v 0.07786202430725098 -1.1608607769012451 2.754140853881836
v -0.12604224681854248 -1.1978062391281128 2.646998405456543
v 0.32899951934814453 -0.7533273696899414 2.767068386077881
v 0.3857356309890747 -0.5613753199577332 2.6706228256225586
v 0.3790106773376465 -0.4849390387535095 2.581789970397949
v 0.4059380292892456 -0.36627620458602905 1.7263678312301636
v 0.4030858874320984 -0.5739114880561829 1.451342225074768
v 0.4023948311805725 -0.8301851749420166 1.3518339395523071
v 0.41333770751953125 -0.9899638891220093 1.1092402935028076
v 0.21176278591156006 -1.1460481882095337 2.764246940612793
v 0.13680458068847656 -1.1119827032089233 2.779576301574707
v -0.024186372756958008 -1.1900438070297241 2.6980438232421875
v 0.2510960102081299 -1.1122174263000488 2.7804198265075684
v 0.25551414489746094 -1.0589245557785034 2.783496856689453
v 0.2617589235305786 -0.9722297787666321 2.7673516273498535
v 0.3295433521270752 -0.6250630617141724 2.7623701095581055
v 0.37366604804992676 -0.6175616979598999 2.730076789855957
v 0.3813660144805908 -0.42554160952568054 2.5878586769104004
v 0.40439653396606445 -0.7187080979347229 1.3313580751419067
v 0.06808507442474365 -1.1113836765289307 2.807422161102295
v -0.015222787857055664 -1.1650315523147583 2.738586902618408
v -0.07974672317504883 -1.1625256538391113 2.7267565727233887
v 0.38442254066467285 -0.42234599590301514 2.67155122756958
v 0.40720242261886597 -0.6045485734939575 1.1576149463653564
v 0.40594273805618286 -0.7701010704040527 1.107826590538025
v 0.021375656127929688 -1.1396983861923218 2.782607078552246
v 0.06959724426269531 -1.0589336156845093 2.816080093383789
v 0.13942289352416992 -1.0589336156845093 2.784572124481201
v 0.33025217056274414 -0.4301179349422455 2.7683873176574707
v 0.37944495677948 -0.37325260043144226 2.7340378761291504
v 0.39785802364349365 -0.36563682556152344 2.6351776123046875
v 0.41529130935668945 -0.370121568441391 1.2029451131820679
v 0.4156007766723633 -0.8316271305084229 0.8869644403457642
v 0.010312199592590332 -1.1119827032089233 2.803256034851074
v -0.029886722564697266 -1.1096878051757812 2.7513833045959473
v 0.39551329612731934 -0.3692971467971802 2.68214750289917
v 0.0023658275604248047 -1.0589336156845093 2.818087100982666
v 0.3313264846801758 -0.3139938414096832 2.776960849761963
v 0.4272042512893677 -0.3374844789505005 2.699127197265625
v 0.4111747741699219 -0.6253483891487122 0.7134453058242798
v 0.417519211769104 -0.7720105648040771 0.7499021291732788
v 0.40690910816192627 -0.31812024116516113 2.7551302909851074
v 0.41694360971450806 -0.4891611933708191 0.6289825439453125
v 0.4206055998802185 -0.9225792288780212 0.7240891456604004
v 0.42603081464767456 -0.7456046938896179 0.6513487100601196
v -0.2616601586341858 1.1687476634979248 1.8491276502609253
v -0.23387569189071655 1.1611026525497437 1.8003603219985962
v -0.19628942012786865 1.176730990409851 1.912596583366394
v -0.25817710161209106 1.1691230535507202 1.7902573347091675
v -0.12826764583587646 1.1846166849136353 1.841591238975525
v -0.19625937938690186 1.169594407081604 1.7385848760604858
v -0.3075716495513916 1.1957052946090698 1.8239754438400269
v -0.07239890098571777 1.193904161453247 1.9380446672439575
v -0.2608366012573242 1.1681408882141113 1.7335418462753296
v -0.28251826763153076 1.1859186887741089 1.777215600013733
v 0.00040793418884277344 1.1739593744277954 1.8141707181930542
v -0.1455843448638916 1.1900275945663452 1.9709497690200806
v -0.3303667902946472 1.1971423625946045 1.7554954290390015
v -0.015342116355895996 1.2008411884307861 1.9596794843673706
v -0.04537034034729004 1.174838900566101 1.7839089632034302
v -0.21739816665649414 1.192623496055603 1.9926565885543823
v -0.35122692584991455 1.2049981355667114 1.8636542558670044
v 0.043502092361450195 1.197985291481018 1.928446650505066
v 0.0264432430267334 1.1900285482406616 1.7622021436691284
v -0.09213066101074219 1.1836174726486206 1.7588554620742798
v -0.26315128803253174 1.1844364404678345 1.8982456922531128
v -0.3819649815559387 1.2037570476531982 1.7321833372116089
v 0.07386505603790283 1.1961941719055176 1.8487447500228882
v -0.02874743938446045 1.169402003288269 1.7248862981796265
v -0.35098516941070557 1.201267123222351 1.68034827709198
v -0.43781477212905884 1.2226786613464355 1.8091946840286255
v 0.17390024662017822 1.2053041458129883 1.8480161428451538
v 0.06565022468566895 1.2081563472747803 1.723253846168518
v -0.3789359927177429 1.2065520286560059 1.614838719367981
v -0.3042250871658325 1.197698950767517 1.7054017782211304
v -0.4257810711860657 1.2188204526901245 1.7046400308609009
v 0.06326168775558472 1.2037873268127441 1.5921205282211304
v -0.3259315490722656 1.2014306783676147 1.6335879564285278
v 0.21202409267425537 1.2181200981140137 1.803627848625183
v -0.01185917854309082 1.1656526327133179 1.6175905466079712
v 0.13666212558746338 1.218412160873413 1.6975218057632446
v -0.41720664501190186 1.2221721410751343 1.6448677778244019
v -0.2717410922050476 1.1721553802490234 1.6505900621414185
v -0.30087804794311523 1.1881211996078491 1.5868276357650757
v 0.2923198938369751 1.2299506664276123 1.867308497428894
v -0.03976947069168091 1.1539400815963745 1.5537396669387817
v -0.04418671131134033 1.1545928716659546 1.6733790636062622
v 0.1955764889717102 1.2351306676864624 1.4305530786514282
v -0.4107065796852112 1.2239824533462524 1.579626441001892
v -0.2544502019882202 1.155322790145874 1.6114333868026733
v -0.3449273109436035 1.19928777217865 1.5507405996322632
v -0.23241114616394043 1.1459702253341675 1.6836949586868286
v 0.2622114419937134 1.2348726987838745 1.7631124258041382
v -0.06373035907745361 1.145384669303894 1.5935214757919312
v 0.033136844635009766 1.1933711767196655 1.5250543355941772
v -0.0887836217880249 1.1503223180770874 1.6402815580368042
v 0.06336259841918945 1.2052364349365234 1.420223355293274
v -0.276205837726593 1.1690424680709839 1.5400310754776
v -0.20735764503479004 1.1478761434555054 1.6369346380233765
v 0.41584551334381104 1.2401355504989624 1.8068724870681763
v -0.11049067974090576 1.1406711339950562 1.5684679746627808
v -0.011467516422271729 1.168676733970642 1.4992119073867798
v 0.16683584451675415 1.2329057455062866 1.2706903219223022
v 0.31919825077056885 1.238984227180481 1.5540786981582642
v -0.3520408272743225 1.1991888284683228 1.4587291479110718
v -0.22906434535980225 1.1429485082626343 1.565120816230774
v -0.29525822401046753 1.1701269149780273 1.4676588773727417
v -0.1823040246963501 1.1437143087387085 1.5901745557785034
v 0.40762293338775635 1.2429453134536743 1.7254549264907837
v -0.0854371190071106 1.1405690908432007 1.5217076539993286
v -0.040420353412628174 1.152681827545166 1.4302476644515991
v 0.3855118155479431 1.2415803670883179 1.6536685228347778
v 0.45397865772247314 1.245104193687439 1.7505358457565308
v 0.43227189779281616 1.2460287809371948 1.6787220239639282
v -0.15663814544677734 1.1324647665023804 1.5286108255386353
v -0.047805190086364746 1.1523711681365967 1.3125547170639038
v 0.3001423478126526 1.236024022102356 1.3685981035232544
v 0.36380481719970703 1.241209864616394 1.5818551778793335
v 0.48212867975234985 1.2737371921539307 1.7002955675125122
v 0.5007387399673462 1.2565048933029175 1.7755893468856812
v -0.08897751569747925 1.1399593353271484 1.4241780042648315
v 0.32039153575897217 1.2375811338424683 1.4382275342941284
v 0.27841079235076904 1.2340832948684692 1.2958379983901978
v 0.4573252201080322 1.2615069150924683 1.6319621801376343
v 0.3888583779335022 1.2476905584335327 1.5350948572158813
v 0.4105651378631592 1.2419289350509644 1.6069086790084839
v 0.5092910528182983 1.2752212285995483 1.7596272230148315
v 0.5063295364379883 1.239730954170227 1.8451167345046997
v -0.16040563583374023 1.1130183935165405 1.3902424573898315
v 0.34209829568862915 1.23959481716156 1.510041356086731
v 0.34544503688812256 1.2393993139266968 1.3914674520492554
v 0.2552715539932251 1.2310198545455933 1.222786784172058
v 0.32373833656311035 1.234606146812439 1.319653868675232
v 0.44466203451156616 1.2732324600219727 1.5522102117538452
v 0.5714860558509827 1.2771724462509155 1.76262629032135
v 0.5474990606307983 1.2490214109420776 1.8006428480148315
v -0.1812816858291626 1.1182502508163452 1.4703553915023804
v -0.17248284816741943 1.1111217737197876 1.3461147546768188
v 0.3671518564224243 1.2394756078720093 1.4632810354232788
v 0.3922053575515747 1.2545651197433472 1.4165209531784058
v 0.3704984188079834 1.2524465322494507 1.3447073698043823
v 0.30203163623809814 1.2341026067733765 1.2478402853012085
v 0.34879183769226074 1.246099829673767 1.2728937864303589
v 0.4859403967857361 1.3010282516479492 1.6476842164993286
v 0.469840943813324 1.2746810913085938 1.6161175966262817
v 0.4420020580291748 1.2752212285995483 1.5033849477767944
v 0.41391193866729736 1.2610114812850952 1.4883345365524292
v 0.531209409236908 1.3290194272994995 1.719709038734436
v 0.5513253211975098 1.2374271154403687 1.8941706418991089
v 0.3270851969718933 1.2404907941818237 1.2010797262191772
v 0.5942591428756714 1.2508519887924194 1.825696349143982
v 0.5508456230163574 1.3026450872421265 1.682069182395935
v 0.4301537275314331 1.2752212285995483 1.458020567893982
v 0.4093450903892517 1.2752212285995483 1.3730605840682983
v 0.38883739709854126 1.2708755731582642 1.2335182428359985
v 0.28032511472702026 1.2276285886764526 1.176026463508606
v 0.39462947845458984 1.2844105958938599 1.2984164953231812
v 0.6193127036094666 1.2615526914596558 1.7789360284805298
v 0.5938352346420288 1.2739505767822266 1.705292820930481
v 0.425642728805542 1.2752212285995483 1.4344362020492554
v 0.4857257604598999 1.2865442037582397 1.4666279554367065
v 0.6443660259246826 1.2623199224472046 1.7321761846542358
v 0.582040011882782 1.2777818441390991 1.6385990381240845
v 0.4640188217163086 1.2960151433944702 1.394814372062683
v 0.44231224060058594 1.2890328168869019 1.3230007886886597
v 0.6226595044136047 1.2624982595443726 1.6603623628616333
v 0.5291391015052795 1.2907203435897827 1.6102553606033325
v 0.46463942527770996 1.2779719829559326 1.279434323310852
v 0.6477130651473999 1.259719729423523 1.6136020421981812
v 0.6493560075759888 1.262036919593811 1.4960986375808716
v 0.6087875366210938 1.2750129699707031 1.4593561887741089
v 0.5107355117797852 1.2839115858078003 1.4197925329208374
v 0.6727665662765503 1.2567676305770874 1.566841959953308
v 0.5074323415756226 1.2896679639816284 1.53844153881073
v 0.6761131286621094 1.2569888830184937 1.4482682943344116
v 0.6978199481964111 1.2510231733322144 1.520081877708435
v 0.726000964641571 1.225479245185852 1.5901859998703003
v 0.5494387149810791 1.284583330154419 1.4629896879196167
v 0.7254965305328369 1.2235461473464966 1.4726604223251343
v 0.7011666893959045 1.2470883131027222 1.4015077352523804
v 0.6311264038085938 1.2735083103179932 1.1916254758834839
v 0.7273515462875366 1.2221721410751343 1.5359045267105103
v 0.6202456951141357 1.2756019830703735 1.3183428049087524
v 0.7244850397109985 1.2231844663619995 1.403133511543274
v 0.7350135445594788 1.170035481452942 1.5168122053146362
v 0.6794601678848267 1.2545751333236694 1.329694151878357
v 0.6804873943328857 1.2595020532608032 1.2198799848556519
v 0.7078602910041809 1.2419027090072632 1.1643600463867188
v 0.735134482383728 1.166988730430603 1.3559683561325073
v 0.7236369252204895 1.2209885120391846 1.286974310874939
v 0.7045134902000427 1.2425373792648315 1.282934308052063
v 0.7230739593505859 1.223621129989624 1.162740707397461
v 0.7257894277572632 0.9452012181282043 1.2707570791244507
v 0.7245055437088013 0.9442845582962036 1.3307005167007446
v 0.734951913356781 0.9010440707206726 1.0822639465332031
v 0.740912139415741 0.660921037197113 1.1486623287200928
v 0.7282612323760986 0.7642374634742737 0.8863141536712646
v 0.7299008965492249 0.6742583513259888 0.972814679145813
v 0.7273947596549988 0.49187353253364563 1.0205281972885132
v 0.7273039817810059 0.6683089733123779 0.710612416267395
v 0.7312511205673218 0.40480852127075195 0.907177209854126
v 0.734168529510498 0.4749566316604614 1.1169146299362183
v 0.7281909584999084 0.266573041677475 1.0378949642181396
v 0.729411244392395 0.4066658318042755 0.6650795936584473
v 0.7338195443153381 0.2705951929092407 0.7791341543197632
v 0.7326388955116272 0.26612696051597595 1.1169072389602661
v 0.7354497313499451 0.2156893014907837 1.0507373809814453
v 0.7388591766357422 0.214241623878479 1.11430823802948
v 0.7291214466094971 0.49822813272476196 0.5165237188339233
v 0.7300401926040649 0.27624309062957764 0.5954660177230835
v 0.7406012415885925 0.21649973094463348 0.8809255361557007
v 0.7457194328308105 0.21577465534210205 0.6921154260635376
v 0.7456832528114319 0.2172335386276245 0.7602825164794922
v 0.7613141536712646 0.1890932321548462 0.9522658586502075
v 0.7206419706344604 0.2633301615715027 0.4399322271347046
v 0.7135297060012817 0.46883994340896606 0.37088799476623535
v 0.7430087327957153 0.21360991895198822 0.5711655616760254
v 0.7646608352661133 0.18933045864105225 0.8336919546127319
v 0.7877545356750488 0.17941711843013763 0.9038516283035278
v 0.7017837762832642 0.4185999929904938 0.23344433307647705
v 0.768007755279541 0.19038760662078857 0.7151180505752563
v 0.7713544368743896 0.18511831760406494 0.5965441465377808
v 0.7897142767906189 0.18328726291656494 0.7869318723678589
v 0.7286338806152344 0.21681679785251617 0.40214216709136963
v 0.7989561557769775 0.17840489745140076 0.6657513380050659
v 0.8015062808990479 0.17605045437812805 0.5484088659286499
v 0.7173936367034912 0.2131039798259735 0.21615684032440186
v 0.6991108655929565 0.27011236548423767 0.13090449571609497
v 0.7044033408164978 0.43700307607650757 0.15931588411331177
v 0.7391558289527893 0.1888916790485382 0.21953368186950684
v 0.7674645781517029 0.1687382459640503 0.1408991813659668
v 0.7136186361312866 0.21187472343444824 0.10278129577636719
v 0.7879720330238342 0.17337988317012787 0.27624356746673584
v 0.7379816174507141 0.18606555461883545 0.09719526767730713
v 0.821893572807312 0.15959490835666656 0.15432941913604736
v -0.11251318454742432 1.1693376302719116 1.687146782875061
v -0.18705880641937256 1.170803427696228 1.7079941034317017
v 1.0399575233459473 0.002045750617980957 1.161742925643921
v 1.0556738376617432 0.0013592273462563753 1.0897138118743896
v 1.0418752431869507 -0.026235222816467285 1.1025868654251099
v 1.0559123754501343 0.05779948830604553 1.1060869693756104
v 1.019697904586792 -0.051003336906433105 1.0907045602798462
v 1.0168217420578003 -0.02892601490020752 1.1493470668792725
v 1.0453916788101196 0.05509483814239502 1.1646544933319092
v 1.0541529655456543 -0.0067851608619093895 0.9653829336166382
v 1.0214145183563232 -0.05203115940093994 1.0284476280212402
v 1.0420913696289062 -0.009915351867675781 1.2192872762680054
v 1.0340217351913452 0.10814368724822998 1.1585625410079956
v 1.047929048538208 0.05509483814239502 1.216086983680725
v 1.0385282039642334 0.08870518207550049 1.2211607694625854
v 1.0497386455535889 0.10814368724822998 1.0970057249069214
v 1.0413422584533691 0.001376021420583129 1.2856000661849976
v 1.011899471282959 0.10733816027641296 1.2648082971572876
v 1.0168217420578003 0.13416540622711182 1.1493470668792725
v 1.0483767986297607 0.10814368724822998 1.0458868741989136
v 1.0464839935302734 0.05509483814239502 1.2856065034866333
v 0.9917681217193604 0.1233137845993042 1.196107268333435
v 1.0418752431869507 0.13044846057891846 1.1025868654251099
v 1.0477125644683838 0.11005442589521408 0.9409761428833008
v 1.0394964218139648 0.05800461769104004 1.3378900289535522
v 0.965685248374939 0.11759459972381592 1.2445875406265259
v 0.9575276374816895 0.16277475655078888 1.117844820022583
v 1.0032073259353638 0.16421949863433838 1.081869125366211
v 1.0194276571273804 0.16102540493011475 1.0309101343154907
v 0.9904024600982666 0.10820013284683228 1.3113471269607544
v 1.0383583307266235 0.05509483814239502 1.4016202688217163
v 0.9228999614715576 0.15162168443202972 1.157971739768982
v 1.0285567045211792 0.16119277477264404 0.9750838279724121
v 0.9809048175811768 0.11014456301927567 1.3684295415878296
v 1.0449833869934082 0.0016654841601848602 1.4306648969650269
v 0.9124534130096436 0.12491537630558014 1.2364782094955444
v 0.8809362053871155 0.11478697508573532 1.3414479494094849
v 0.9625699520111084 0.17378252744674683 1.0254584550857544
v 0.8538888096809387 0.16994228959083557 1.1168824434280396
v 1.0404798984527588 0.05888451263308525 1.448292851448059
v 0.8703449964523315 0.15806663036346436 1.191233515739441
v 0.9923920631408691 0.10887008905410767 1.4323045015335083
v 0.8481410145759583 0.14379608631134033 1.2395206689834595
v 1.0124289989471436 0.10814368724822998 1.5036200284957886
v 0.8230874538421631 0.13299167156219482 1.2862809896469116
v 0.8032373189926147 0.160236656665802 1.2081059217453003
v 0.7958446741104126 0.16119277477264404 1.2716845273971558
v 0.7893301844596863 0.16119277477264404 1.236958384513855
v 0.7664568424224854 -0.05262058973312378 1.059203028678894
v 0.8047274947166443 -0.03985631465911865 1.0958935022354126
v 0.8297810554504395 -0.02559792995452881 1.0491331815719604
v 0.7849470376968384 -0.05189293622970581 1.1426352262496948
v 0.6450561285018921 -0.32615727186203003 0.4355515241622925
v 0.6781611442565918 -0.31740960478782654 0.3198336362838745
v 0.6293845176696777 -0.32521575689315796 0.30424249172210693
v 0.6594588756561279 -0.3157748579978943 0.23705518245697021
v 0.5139690637588501 -0.3207962214946747 0.39018332958221436
v 0.7153738737106323 -0.2651212811470032 0.2643427848815918
v 0.5915113687515259 -0.3246602416038513 0.2611006498336792
v 0.6601888537406921 -0.2650749087333679 0.171311616897583
v 0.596153974533081 -0.3242639899253845 0.2067246437072754
v 0.49104225635528564 -0.3188646137714386 0.3280904293060303
v 0.685675859451294 -0.19906045496463776 0.19723975658416748
v 0.6250589489936829 -0.31635186076164246 0.189902663230896
v 0.4974331855773926 -0.31924089789390564 0.2090843915939331
v 0.44403326511383057 -0.3308500051498413 0.4211697578430176
v 0.6518323421478271 -0.1901845932006836 0.1458202600479126
v 0.641114354133606 -0.2974945306777954 0.16566205024719238
v 0.5427338480949402 -0.3212049901485443 0.13060951232910156
v 0.47243332862854004 -0.3197859525680542 0.25583577156066895
v 0.4185854196548462 -0.36010098457336426 0.35167014598846436
v 0.6258713006973267 -0.2664256989955902 0.08376216888427734
v 0.6509532928466797 -0.10405218601226807 0.14729857444763184
v 0.6194077730178833 -0.28547966480255127 0.0938483476638794
v 0.5729050040245056 -0.3163142204284668 0.06893277168273926
v 0.45072686672210693 -0.3284965753555298 0.18402206897735596
v 0.4473799467086792 -0.3253129720687866 0.302595853805542
v 0.422793984413147 -0.36243200302124023 0.23281192779541016
v 0.41662919521331787 -0.3706185519695282 0.4682602882385254
v 0.6383700370788574 -0.1888633817434311 0.10529077053070068
v 0.6370454430580139 -0.10405218601226807 0.1032983660697937
v 0.5258873701095581 -0.3203221559524536 0.04374134540557861
v 0.4757803678512573 -0.32362663745880127 0.13726168870925903
v 0.4168541431427002 -0.3692971467971802 0.28624045848846436
v 0.4181455373764038 -0.43905770778656006 0.256308913230896
v 0.6447059512138367 -0.2139277458190918 0.04721939563751221
v 0.6472762823104858 -0.26319921016693115 0.03468352556228638
v 0.5982909202575684 -0.3166743516921997 0.022350788116455078
v 0.5008338689804077 -0.319513201713562 0.09050166606903076
v 0.4212346076965332 -0.3692971467971802 0.1682204008102417
v 0.42188382148742676 -0.48913154006004333 0.4055759906768799
v 0.6483765244483948 -0.10735392570495605 0.049569129943847656
v 0.45407354831695557 -0.33032119274139404 0.0654481053352356
v 0.5509408116340637 -0.34631478786468506 -0.0030187368392944336
v 0.4263489842414856 -0.3634145259857178 0.11409115791320801
v 0.4193912744522095 -0.5905541777610779 0.2864426374435425
v 0.47912710905075073 -0.33285534381866455 0.018687844276428223
v 0.5453364849090576 -0.36806929111480713 -0.014975905418395996
v 0.42643553018569946 -0.6049740314483643 0.05275315046310425
v 0.45217955112457275 -0.3692971467971802 0.004249691963195801
v 0.42731690406799316 -0.3692971467971802 0.05111217498779297
v 0.6272960305213928 -0.3735521137714386 -0.020094752311706543
v 0.4263191223144531 -0.4323050379753113 0.05023646354675293
v 0.42311179637908936 -0.7212189435958862 0.30749082565307617
v 0.426655113697052 -0.7025032639503479 0.12372255325317383
v 0.4965507984161377 -0.3692971467971802 -0.0138319730758667
v 0.499717652797699 -0.4292067885398865 -0.013339877128601074
v 0.43820714950561523 -0.8468784093856812 0.05654418468475342
v 0.47023189067840576 -0.6561034917831421 0.010381698608398438
v 0.4539060592651367 -0.42841747403144836 0.004326462745666504
v 0.6018083095550537 -0.582145631313324 0.006108105182647705
v 0.48795557022094727 -0.5525564551353455 0.0024460554122924805
v 0.4775240421295166 -0.7936888933181763 0.011757969856262207
v 0.5911023616790771 -0.7428255081176758 0.011321425437927246
v 0.4646865129470825 -0.8467377424240112 0.010950684547424316
v 0.5810806155204773 -0.7917020916938782 0.008980035781860352
v 0.5041805505752563 -0.8385459184646606 -0.028072237968444824
v 0.5509408116340637 -0.8279513120651245 -0.0030187368392944336
v 0.5759943723678589 -0.8243352174758911 -0.04977905750274658
v 0.8063533902168274 -0.1815701723098755 1.8791500329971313
v 0.8790609240531921 -0.16426432132720947 1.855775237083435
v 0.8509557247161865 -0.20950847864151 1.9132136106491089
v 0.8166223168373108 -0.15710127353668213 1.8599838018417358
v 0.7812998294830322 -0.1814514398574829 1.9259103536605835
v 0.7928774952888489 -0.15710127353668213 1.8719297647476196
v 0.8781670331954956 -0.13366234302520752 1.8574436902999878
v 0.8247556686401367 -0.21270644664764404 1.9491933584213257
v 0.8531137108802795 -0.10988318920135498 1.9042035341262817
v 0.9249271154403687 -0.11945784091949463 1.8824971914291382
v 0.8759539127349854 -0.2565186023712158 1.9790385961532593
v 1.0063867568969727 0.11079186201095581 1.7520745992660522
v 0.975034236907959 0.08898699283599854 1.7889765501022339
v 0.9264135360717773 0.10770666599273682 1.7622250318527222
v 1.0284206867218018 0.06027638912200928 1.8175801038742065
v 0.9301129579544067 0.07557058334350586 1.8290108442306519
v 0.9967410564422607 0.06428706645965576 1.8607903718948364
v 0.8614175915718079 0.10512804985046387 1.7763773202896118
v 1.0341006517410278 0.051506463438272476 1.906746745109558
v 0.9179649353027344 0.07388921827077866 1.8769253492355347
v 0.8815138339996338 0.1212993860244751 1.738869547843933
v 0.9716874361038208 0.06718647480010986 1.9075506925582886
v 0.8220955729484558 0.1102515459060669 1.7672175168991089
v 0.9969196319580078 0.05943334102630615 1.9812530279159546
v 0.8130173087120056 0.1746160387992859 0.9736167192459106
v 0.8538888096809387 0.16994228959083557 1.1168824434280396
v 0.7806792855262756 0.17819353938102722 1.1428955793380737
v 0.7830207347869873 0.17793571949005127 1.0240795612335205
v 0.7613141536712646 0.1890932321548462 0.9522658586502075
v 0.7579671740531921 0.18804657459259033 1.0708398818969727
v 0.7877545356750488 0.17941711843013763 0.9038516283035278
v 0.7354497313499451 0.2156893014907837 1.0507373809814453
v 0.7388591766357422 0.214241623878479 1.11430823802948
v 0.9360251426696777 0.17887337505817413 0.7935718297958374
v 0.763069748878479 0.214241623878479 1.173643946647644
v 0.9476783275604248 0.18063940107822418 0.82764732837677
v 0.9625699520111084 0.17378252744674683 1.0254584550857544
v 0.9148731231689453 0.17723803222179413 0.4190788269042969
v 0.9087408781051636 0.17605893313884735 0.4696434736251831
v 0.9056605100631714 0.1755712628364563 0.5272947549819946
v 0.9157801866531372 0.1765216737985611 0.7004595994949341
v 0.8396791219711304 0.17574484646320343 0.7789508104324341
v 0.7989561557769775 0.17840489745140076 0.6657513380050659
v 0.7897142767906189 0.18328726291656494 0.7869318723678589
v 0.02598249912261963 0.8264781832695007 2.7961206436157227
v -0.11353445053100586 0.7960604429244995 2.8008694648742676
v -0.09755420684814453 0.9010969400405884 2.7666449546813965
v -0.01988530158996582 0.7457044124603271 2.814267635345459
v -0.25701260566711426 0.9040870070457458 2.768710136413574
v 0.04100298881530762 0.9270548820495605 2.7791194915771484
v -0.24523019790649414 0.7410465478897095 2.8087286949157715
v 0.23150348663330078 0.7413928508758545 2.796459197998047
v -0.3925364017486572 0.8165357708930969 2.8022966384887695
v -0.09667766094207764 0.958423376083374 2.7611613273620605
v 0.1064983606338501 0.8529883027076721 2.7832798957824707
v -0.09274709224700928 0.5893786549568176 2.814584732055664
v 0.11874496936798096 0.6707942485809326 2.8065428733825684
v -0.3867875337600708 0.9021473526954651 2.7710609436035156
v -0.2496192455291748 0.9559094905853271 2.766181468963623
v -0.0736314058303833 1.0661811828613281 2.765760898590088
v 0.21075105667114258 0.8506935834884644 2.7776999473571777
v -0.53106689453125 0.7975671291351318 2.8079214096069336
v 0.24563157558441162 0.6799710392951965 2.79703426361084
v -0.5257036685943604 0.897715151309967 2.7893824577331543
v -0.3858436346054077 0.9571641087532043 2.7645373344421387
v -0.23015058040618896 1.0416067838668823 2.7716870307922363
v 0.0965733528137207 1.062255859375 2.7857112884521484
v 0.2161949872970581 0.9472001194953918 2.780437469482422
v -0.5276731252670288 0.854075014591217 2.799581527709961
v 0.4319133758544922 0.7400856614112854 2.8002676963806152
v 0.33424484729766846 0.8538990020751953 2.7671828269958496
v 0.08365321159362793 1.1651926040649414 2.780897617340088
v -0.584854245185852 0.8231857419013977 2.791910171508789
v 0.44204187393188477 0.7995816469192505 2.781031608581543
v 0.4277251958847046 0.5750069618225098 2.8029561042785645
v -0.5312436819076538 0.9537791609764099 2.7822318077087402
v -0.3895310163497925 1.0650949478149414 2.768043041229248
v 0.19607818126678467 1.1520501375198364 2.7795791625976562
v 0.34104931354522705 0.9735822677612305 2.776750087738037
v 0.5093348026275635 0.7526209950447083 2.7874722480773926
v 0.5430721044540405 0.7137021422386169 2.7865514755249023
v 0.5148853063583374 0.8466684222221375 2.769336700439453
v -0.5767604112625122 0.9337127804756165 2.7749886512756348
v -0.3732486963272095 1.1582660675048828 2.762040138244629
v 0.40654826164245605 0.8964698910713196 2.7741951942443848
v 0.5737390518188477 0.6069709658622742 2.7759437561035156
v -0.6026644706726074 0.9335131645202637 2.7480340003967285
v -0.5247564315795898 1.039739966392517 2.7841501235961914
v -0.5781725645065308 1.0169020891189575 2.777620792388916
v -0.5397425889968872 1.1122967004776 2.7809324264526367
v 0.6438446044921875 0.5500765442848206 2.7616519927978516
v -0.6164413690567017 0.8140838742256165 2.7375364303588867
v -0.5167925357818604 1.1663424968719482 2.7732667922973633
v 0.6403319835662842 0.7761915922164917 2.7597179412841797
v 0.6367384195327759 0.43693771958351135 2.752054214477539
v 0.6533464193344116 0.6855887174606323 2.762838840484619
v -0.6126272678375244 0.8885554075241089 2.7113537788391113
v -0.6191200017929077 0.553130567073822 2.731416702270508
v -0.6064046621322632 1.0236129760742188 2.744690418243408
v -0.5716208219528198 1.1474577188491821 2.7673277854919434
v -0.46170079708099365 1.2227882146835327 2.750965118408203
v 0.7015154361724854 0.5406970381736755 2.725257396697998
v -0.6070882678031921 0.7403426766395569 2.485297679901123
v -0.6105866432189941 0.6021286845207214 2.507169246673584
v -0.5904420614242554 1.1160739660263062 2.755721092224121
v -0.5582952499389648 1.2221721410751343 2.741239070892334
v -0.5973515510559082 0.6810604929924011 2.265000343322754
v -0.6138753890991211 0.9631509184837341 2.6688079833984375
v -0.6030018925666809 0.448520302772522 2.4793004989624023
v -0.6060214042663574 1.1697731018066406 2.712523937225342
v -0.6016384959220886 0.5308115482330322 2.36838960647583
v -0.5962339639663696 0.5428293943405151 2.210536479949951
v -0.5861619710922241 0.39744138717651367 2.2288851737976074
v -0.6133618950843811 0.49929922819137573 2.169954776763916
v 0.06921207904815674 -1.0024164915084839 2.8095455169677734
v 0.14385712146759033 -0.9751514792442322 2.7749528884887695
v 0.002389073371887207 -1.0058847665786743 2.8180437088012695
v 0.08326351642608643 -0.9035792946815491 2.7795095443725586
v -0.04112708568572998 -1.0058847665786743 2.786935329437256
v 0.008206367492675781 -0.9528356790542603 2.8071861267089844
v 0.11512017250061035 -0.8522030711174011 2.7711615562438965
v 0.02178013324737549 -0.8972499370574951 2.7833542823791504
v -0.033238768577575684 -0.8445559740066528 2.7759838104248047
v -0.07939493656158447 -1.0544291734695435 2.749145984649658
v -0.0428241491317749 -0.9528356790542603 2.790102958679199
v 0.1469789743423462 -0.8131870031356812 2.771048069000244
v -0.1511063575744629 -1.1102652549743652 2.7376937866210938
v -0.08624088764190674 -0.9199689030647278 2.7628893852233887
v -0.04047846794128418 -0.8997868299484253 2.785724639892578
v -0.03732907772064209 -0.7927771210670471 2.781355381011963
v -0.1370757818222046 -1.0058847665786743 2.741360664367676
v 0.25122904777526855 -0.7082260251045227 2.7769994735717773
v -0.08538985252380371 -0.8391998410224915 2.7658424377441406
v 0.11899912357330322 -0.7421178221702576 2.7884559631347656
v -0.12145030498504639 -1.1694978475570679 2.7121968269348145
v -0.13956665992736816 -0.9038127660751343 2.7419843673706055
v -0.09919893741607666 -0.7374225854873657 2.8019237518310547
v -0.1924344301223755 -1.1571049690246582 2.7244467735290527
v -0.17754077911376953 -0.8502141833305359 2.7358245849609375
v 0.25214314460754395 -0.5913995504379272 2.773406982421875
v 0.17601168155670166 -0.6786375641822815 2.787464141845703
v -0.16813981533050537 -0.7441897988319397 2.787972927093506
v -0.2063615322113037 -1.193190097808838 2.6610965728759766
v -0.24991416931152344 -1.1650315523147583 2.727308750152588
v -0.2645750045776367 -0.9182336330413818 2.7412686347961426
v -0.1686265468597412 -0.7952111959457397 2.7602086067199707
v -0.18017125129699707 -0.6837064623832703 2.7911534309387207
v -0.11036908626556396 -0.5696186423301697 2.7922234535217285
v -0.2424306869506836 -1.185871958732605 2.697225570678711
v -0.28274214267730713 -1.1118354797363281 2.748383045196533
v -0.2587454319000244 -0.8455734252929688 2.737532138824463
v 0.1800152063369751 -0.40268898010253906 2.783188819885254
v 0.2626216411590576 -0.3923678994178772 2.7772746086120605
v -0.2650032043457031 -0.7911575436592102 2.7481918334960938
v -0.3374747037887573 -0.6584010720252991 2.77278470993042
v 0.05733144283294678 -0.39486896991729736 2.7835917472839355
v -0.27952849864959717 -1.1969883441925049 2.625673294067383
v -0.3092402219772339 -1.165099859237671 2.7258801460266113
v -0.48698651790618896 -1.1109453439712524 2.7471890449523926
v -0.3683750629425049 -0.8515393137931824 2.748093605041504
v -0.2755472660064697 -0.7406046390533447 2.771479606628418
v -0.16004157066345215 -0.5797238349914551 2.7944822311401367
v -0.10349082946777344 -0.35021355748176575 2.7917518615722656
v -0.34253036975860596 -1.1963454484939575 2.648040771484375
v -0.41139137744903564 -1.1654943227767944 2.728576183319092
v -0.557756781578064 -0.8989105820655823 2.7397141456604004
v -0.4669233560562134 -0.8431398868560791 2.747391700744629
v -0.34199416637420654 -0.7921268343925476 2.7635107040405273
v 0.09490537643432617 -0.17134180665016174 2.7746901512145996
v 0.23807799816131592 -0.15564262866973877 2.769253730773926
v -0.3906867504119873 -0.7499542832374573 2.776928424835205
v -0.21853935718536377 -0.4905749261379242 2.7980875968933105
v -0.1710035800933838 -0.46553900837898254 2.802318572998047
v -0.37466299533843994 -1.1896090507507324 2.688228130340576
v -0.4617868661880493 -1.1979765892028809 2.642096996307373
v -0.5419332981109619 -1.163866639137268 2.719191551208496
v -0.5586587190628052 -0.9629737734794617 2.740760326385498
v -0.43340766429901123 -0.6460554599761963 2.7750144004821777
v -0.27962422370910645 -0.4990997016429901 2.782944679260254
v -0.07873868942260742 -0.16000401973724365 2.7840375900268555
v -0.1701744794845581 -0.34790468215942383 2.800623893737793
v -0.5590125322341919 -1.1119827032089233 2.7425780296325684
v -0.4973111152648926 -1.188265323638916 2.687931537628174
v -0.6023461818695068 -0.8997868299484253 2.6965909004211426
v -0.5551046133041382 -0.8155560493469238 2.733211040496826
v -0.4457641839981079 -0.7936888933181763 2.755864143371582
v 0.15616464614868164 -0.11189121007919312 2.7909393310546875
v -0.48999452590942383 -0.6821266412734985 2.766045570373535
v -0.39211225509643555 -0.5410357713699341 2.7672133445739746
v -0.24463331699371338 -0.3273967504501343 2.8038620948791504
v 0.03683280944824219 -0.15021009743213654 2.7787084579467773
v -0.2666738033294678 -0.15997283160686493 2.8034915924072266
v -0.5909385681152344 -1.159915566444397 2.6898374557495117
v -0.5681470632553101 -1.1862891912460327 2.647298812866211
v -0.6058611869812012 -1.1086736917495728 2.707676410675049
v -0.602017879486084 -0.9550435543060303 2.7110514640808105
v -0.5961933135986328 -0.8216097950935364 2.6934142112731934
v -0.4998534917831421 -0.7755504250526428 2.740528106689453
v -0.5616754293441772 -0.590575635433197 2.750072956085205
v -0.4760938882827759 -0.46949058771133423 2.7615013122558594
v -0.32106542587280273 -0.45507991313934326 2.7824625968933105
v -0.4141467809677124 -0.22845834493637085 2.7837471961975098
v 0.022795438766479492 -0.10215101391077042 2.8030171394348145
v -0.1763859987258911 -0.1521957367658615 2.796261787414551
v -0.6113427877426147 -0.9528356790542603 2.6843390464782715
v -0.6071127653121948 -0.9479135870933533 2.6358089447021484
v -0.5631951093673706 -0.719356119632721 2.752391815185547
v -0.3907172679901123 -0.4409317374229431 2.765657424926758
v -0.39989757537841797 -0.3567328453063965 2.7751307487487793
v -0.34885144233703613 -0.16104711592197418 2.7971277236938477
v -0.1491314172744751 -0.10670134425163269 2.815053939819336
v -0.25068390369415283 -0.05486806854605675 2.8332133293151855
v -0.6004509925842285 -1.1650315523147583 2.629991054534912
v -0.6083214282989502 -1.0129473209381104 2.686246871948242
v -0.6052107810974121 -0.6794936060905457 2.7210021018981934
v 0.08559691905975342 -0.05295564606785774 2.82741641998291
v -0.5617631673812866 -0.4453255236148834 2.7478418350219727
v -0.5054078102111816 -0.15707121789455414 2.7610020637512207
v -0.48873186111450195 -0.29099196195602417 2.758756160736084
v -0.12532520294189453 -0.05022227391600609 2.8477492332458496
v -0.36961257457733154 -0.10310826450586319 2.81288480758667
v -0.6118500232696533 -1.1128674745559692 2.614393711090088
v -0.6079732179641724 -0.5773319005966187 2.7202558517456055
v -0.35704076290130615 -0.05109502002596855 2.8348946571350098
v -0.11758792400360107 -0.0034249979071319103 2.846992015838623
v -0.6169499158859253 -0.5808706283569336 2.6839470863342285
v -0.5621273517608643 -0.16611318290233612 2.7490272521972656
v -0.6026339530944824 -0.33391040563583374 2.7108469009399414
v -0.5629061460494995 -0.09851609170436859 2.7555389404296875
v -0.22283971309661865 0.0018491600640118122 2.835291862487793
v -0.45330095291137695 -0.05207141116261482 2.8288798332214355
v -0.4575690031051636 -0.00585224898532033 2.832859516143799
v -0.20225799083709717 0.14396074414253235 2.8262038230895996
v -0.6124671697616577 -0.3349148631095886 2.6798629760742188
v -0.6022434234619141 -0.10372456163167953 2.7137770652770996
v -0.5267603397369385 -0.05823183059692383 2.7947092056274414
v -0.5356534719467163 0.002045750617980957 2.811307430267334
v -0.09936285018920898 0.1506955325603485 2.8390369415283203
v -0.5780682563781738 -0.021227223798632622 2.7815475463867188
v -0.4522331953048706 0.07269290834665298 2.827324867248535
v -0.0033986568450927734 0.2768626809120178 2.8251914978027344
v -0.19122958183288574 0.25507059693336487 2.828197956085205
v -0.6129541397094727 -0.06935586035251617 2.673442840576172
v -0.6088012456893921 -0.019253358244895935 2.728872299194336
v -0.5404455661773682 0.20987220108509064 2.8220696449279785
v -0.4301338195800781 0.19339096546173096 2.831209182739258
v -0.11864233016967773 0.2687980532646179 2.8385066986083984
v -0.23532140254974365 0.2334332913160324 2.8253731727600098
v -0.587173342704773 0.05480330064892769 2.7948966026306152
v -0.009277582168579102 0.37237563729286194 2.8158087730407715
v -0.12653112411499023 0.37651893496513367 2.822878360748291
v -0.24794435501098633 0.3444255590438843 2.811710834503174
v -0.6159572601318359 0.060161154717206955 2.7390522956848145
v -0.45043718814849854 0.2881872057914734 2.8235621452331543
v -0.5884557962417603 0.20309703052043915 2.79910945892334
v -0.5269690752029419 0.36664003133773804 2.8139424324035645
v -0.09274709224700928 0.5893786549568176 2.814584732055664
v -0.6156895160675049 0.2912607491016388 2.7384510040283203
v -0.5852278470993042 0.33812814950942993 2.791489601135254
v -0.25537168979644775 0.5832266211509705 2.8067431449890137
v -0.4793713092803955 0.6566218733787537 2.810990810394287
v -0.6166828870773315 0.3841297924518585 2.675220012664795
v -0.5347638130187988 0.5330668091773987 2.809345245361328
v -0.24523019790649414 0.7410465478897095 2.8087286949157715
v -0.6152667999267578 0.48834848403930664 2.7388839721679688
v -0.5843154191970825 0.5492488145828247 2.790173053741455
v -0.53106689453125 0.7975671291351318 2.8079214096069336
v -0.6191200017929077 0.553130567073822 2.731416702270508
v -0.584854245185852 0.8231857419013977 2.791910171508789
v -0.32881051301956177 -1.2240175008773804 1.1785885095596313
v -0.2384057641029358 -1.2283873558044434 1.1596673727035522
v -0.3356282711029053 -1.2291122674942017 0.9049587249755859
v -0.2551419734954834 -1.222349762916565 1.398114800453186
v -0.45626693964004517 -1.2312127351760864 1.1985286474227905
v -0.33638978004455566 -1.2222285270690918 1.3379298448562622
v -0.4387757182121277 -1.2331463098526 1.0419244766235352
v -0.4780436158180237 -1.2297461032867432 1.25003182888031
v -0.28849339485168457 -1.2096527814865112 1.4641107320785522
v -0.4998556971549988 -1.2310184240341187 1.1742280721664429
v -0.4122374653816223 -1.230011224746704 0.8862752914428711
v -0.5317180156707764 -1.2190037965774536 1.2281757593154907
v -0.4784497618675232 -1.2181158065795898 1.3602477312088013
v -0.12431669235229492 -1.2179521322250366 1.5011218786239624
v -0.5222169160842896 -1.2168684005737305 1.1038259267807007
v -0.4613639712333679 -1.2334905862808228 0.9940763711929321
v -0.43606480956077576 -1.2313205003738403 0.8330121040344238
v -0.5106764435768127 -1.2185977697372437 1.295915961265564
v -0.20307785272598267 -1.2017745971679688 1.5743111371994019
v -0.44644230604171753 -1.2180678844451904 1.5272845029830933
v -0.5061787366867065 -1.2217049598693848 1.055545687675476
v -0.5296058058738708 -1.2180806398391724 1.163360595703125
v -0.5106641054153442 -1.2160618305206299 0.9824551343917847
v -0.4799273908138275 -1.2218788862228394 0.889060378074646
v -0.553039014339447 -1.1968294382095337 1.2711728811264038
v -0.5313324928283691 -1.2069426774978638 1.3429864645004272
v -0.49541914463043213 -1.2185826301574707 1.4879363775253296
v -0.5463453531265259 -1.189271330833435 1.034024953842163
v -0.5496921539306641 -1.199180245399475 1.15259850025177
v -0.5655785799026489 -1.1687906980514526 1.1671961545944214
v -0.47534558176994324 -1.2167342901229858 0.8098330497741699
v -0.5682612061500549 -1.166496753692627 1.2811416387557983
v -0.5563857555389404 -1.1927069425582886 1.3897463083267212
v -0.4331212043762207 -1.2207961082458496 1.8824673891067505
v -0.5328448414802551 -1.2141720056533813 1.4568129777908325
v -0.5130364298820496 -1.2202515602111816 1.5957130193710327
v -0.558890700340271 -1.1659736633300781 1.0325732231140137
v -0.5514061450958252 -1.1686103343963623 0.9278768301010132
v -0.5179452300071716 -1.2015210390090942 0.8686909675598145
v -0.5709406137466431 -1.1667518615722656 1.391682505607605
v -0.46534156799316406 -1.2219104766845703 1.6725531816482544
v -0.278517484664917 -1.209618091583252 1.7998071908950806
v -0.5597325563430786 -1.1973029375076294 1.5083204507827759
v -0.5380260944366455 -1.2134782075881958 1.5801342725753784
v -0.5631275177001953 -1.1105318069458008 1.1593029499053955
v -0.5382549166679382 -1.1857880353927612 0.7800775766372681
v -0.5761613845825195 -1.1671305894851685 1.5106619596481323
v -0.5363760590553284 -1.2175644636154175 1.6944342851638794
v -0.5630795955657959 -1.1963945627212524 1.6268945932388306
v -0.5655590891838074 -1.1096456050872803 1.337222695350647
v -0.5608332753181458 -1.0995844602584839 1.0538792610168457
v -0.5625782608985901 -1.160159707069397 0.8424139022827148
v -0.5789254307746887 -1.1674643754959106 1.6368826627731323
v -0.5500199198722839 -1.006010890007019 1.3028663396835327
v -0.5616047382354736 -1.1101467609405518 0.9307444095611572
v -0.5927217602729797 -1.1670879125595093 0.7705363035202026
v -0.5748659372329712 -1.125395655632019 1.5953601598739624
v -0.5624544620513916 -1.0671628713607788 1.5442806482315063
v -0.5587798357009888 -0.9522168040275574 0.8458751440048218
v -0.5702017545700073 -1.1119827032089233 0.8461655378341675
v -0.598151683807373 -1.1065715551376343 0.7702759504318237
v -0.5603240728378296 -0.9858525991439819 1.0902700424194336
v -0.5544096827507019 -0.976356029510498 1.4547911882400513
v -0.5549851655960083 -1.0199681520462036 0.8389220237731934
v -0.5573610663414001 -0.9250337481498718 1.6398710012435913
v -0.5442771911621094 -0.9097264409065247 1.2544509172439575
v -0.5303521752357483 -0.8497840762138367 1.3371721506118774
v -0.5779088735580444 -1.0058847665786743 0.770612359046936
v -0.5693949460983276 -0.8854516744613647 0.9873272180557251
v -0.5524418354034424 -0.8337645530700684 1.1650221347808838
v -0.5552791357040405 -0.8562503457069397 1.506562352180481
v -0.5518782734870911 -0.874127209186554 1.4505373239517212
v -0.5761088132858276 -0.9141368865966797 0.7289637327194214
v -0.5555146336555481 -0.8276664018630981 0.8408762216567993
v -0.5461428165435791 -0.8204900026321411 1.220681071281433
v -0.5269614458084106 -0.761440634727478 1.2873717546463013
v -0.5326752662658691 -0.8077548146247864 1.4011424779891968
v -0.5572353005409241 -0.8513666987419128 0.7829965353012085
v -0.557457447052002 -0.717137336730957 0.9009639024734497
v -0.5515331029891968 -0.5998010635375977 0.9451799392700195
v -0.5479908585548401 -0.6352943181991577 1.2300163507461548
v -0.5801085829734802 -0.8164510726928711 0.7133324146270752
v -0.5580688118934631 -0.7877405285835266 0.816220760345459
v -0.5482175350189209 -0.6441605687141418 1.078129768371582
v -0.5523747205734253 -0.5978835225105286 1.1548584699630737
v -0.5596814155578613 -0.6631553173065186 0.8378801345825195
v -0.5446648001670837 -0.6060907244682312 1.0243741273880005
v -0.5373364686965942 -0.5782756805419922 1.2330745458602905
v -0.5183541178703308 -0.6824105381965637 1.3003894090652466
v -0.567034125328064 -0.5404219031333923 0.8669290542602539
v -0.5404375791549683 -0.5704168081283569 1.1062952280044556
v -0.5308232307434082 -0.5284439325332642 0.9907175302505493
v -0.5121467709541321 -0.4748789072036743 1.2178822755813599
v -0.5554991960525513 -0.5276373624801636 0.92168128490448
v -0.5078858137130737 -0.4757838547229767 1.061185359954834
v -0.5038130283355713 -0.5492815971374512 1.3062981367111206
v -0.5490572452545166 -0.4753950834274292 0.9160928726196289
v -0.5188673734664917 -0.48840630054473877 0.9865386486053467
v -0.5146888494491577 -0.42242008447647095 1.0154283046722412
v -0.5431572794914246 -0.42234599590301514 0.9154797792434692
v -0.5357260704040527 -0.37473756074905396 1.2299202680587769
v -0.5295940637588501 -0.3743094801902771 1.113166093826294
v -0.5310009717941284 -0.3734392523765564 1.0013185739517212
v -0.5620843172073364 -0.3196532428264618 1.165778398513794
v -0.5463453531265259 -0.33973801136016846 1.034024953842163
v -0.5748209953308105 -0.3142922818660736 1.132787823677063
v -0.5784511566162109 -0.31197404861450195 1.009790062904358
v -1.08748197555542 0.18331682682037354 1.707027554512024
v -1.0341957807540894 0.21474769711494446 1.6703070402145386
v -1.0407217741012573 0.17598283290863037 1.7320810556411743
v -1.1373636722564697 0.21175545454025269 1.6786683797836304
v -1.0156681537628174 0.19363343715667725 1.6853207349777222
v -1.1125354766845703 0.17159879207611084 1.753787875175476
v -0.9517437815666199 0.214241623878479 1.678338646888733
v -0.9863057136535645 0.17572984099388123 1.7581809759140015
v -0.9689080119132996 0.18389523029327393 1.7103742361068726
v -0.38933566212654114 -0.12411465495824814 0.20440268516540527
v -0.38271796703338623 -0.34762200713157654 0.12995022535324097
v -0.3928096890449524 -0.21652622520923615 0.0015925765037536621
v -0.3789982795715332 -0.2875083088874817 0.22220122814178467
v -0.39120379090309143 -0.28679531812667847 -0.04961681365966797
v -0.393934965133667 -0.03765514865517616 0.057473838329315186
v -0.3811936378479004 -0.4643343985080719 0.2679544687271118
v -0.37340593338012695 -0.20716091990470886 0.2723957300186157
v -0.38916510343551636 -0.23218029737472534 -0.10641604661941528
v -0.38959336280822754 0.008597740903496742 0.18740713596343994
v -0.37764981389045715 -0.0241247545927763 -0.07212203741073608
v -0.3693585991859436 -0.28587135672569275 0.2839934825897217
v -0.3746885061264038 -0.10405218601226807 0.2755880355834961
v -0.381384015083313 -0.15154874324798584 -0.07300859689712524
v -0.3992428779602051 0.14384771883487701 0.11170822381973267
v -0.38662469387054443 0.004735098220407963 0.017719388008117676
v -0.3757462203502655 -0.415751576423645 0.3577536344528198
v -0.37898847460746765 -0.18364782631397247 0.33935439586639404
v -0.39298132061958313 -0.16692256927490234 -0.2069491744041443
v -0.39516472816467285 0.1557890623807907 0.1895228624343872
v -0.3683859705924988 0.005060509778559208 0.2767455577850342
v -0.3874216675758362 -0.10405218601226807 -0.1518593430519104
v -0.37241554260253906 0.057037610560655594 -0.015305578708648682
v -0.3921324610710144 -0.5337149500846863 0.33682262897491455
v -0.3910045921802521 0.3141835927963257 0.05239444971084595
v -0.3952001631259918 0.25256890058517456 0.1697455644607544
v -0.3866013288497925 -0.014919083565473557 -0.14730364084243774
v -0.35924965143203735 0.13083110749721527 -0.0780261754989624
v -0.3769772946834564 0.029370835050940514 0.33418238162994385
v -0.407693475484848 -0.10405218601226807 -0.2197168469429016
v -0.37027356028556824 0.11825516819953918 0.27945125102996826
v -0.3669864535331726 0.26597151160240173 0.25693535804748535
v -0.3771085739135742 0.0714682936668396 -0.18086588382720947
v -0.37236881256103516 0.363272488117218 -0.010261714458465576
v -0.38425153493881226 -0.05267145484685898 0.39903712272644043
v -0.39929282665252686 0.3734331429004669 0.16153496503829956
v -0.3865082859992981 0.08213676512241364 -0.20428228378295898
v -0.41014447808265686 0.000641402555629611 -0.2198275327682495
v -0.3953394889831543 0.37901580333709717 0.05017060041427612
v -0.3827148973941803 0.22798112034797668 -0.200839102268219
v -0.3641573488712311 0.361902117729187 -0.07550323009490967
v -0.3944932222366333 0.020879732444882393 0.3930220603942871
v -0.3637987971305847 0.28361624479293823 0.2935934066772461
v -0.3763137459754944 0.3830263316631317 0.27583813667297363
v -0.40707457065582275 0.43598073720932007 0.01949244737625122
v -0.3807222247123718 0.2996615469455719 -0.17723506689071655
v -0.37943384051322937 0.4254056215286255 -0.06303948163986206
v -0.3794025182723999 0.37349021434783936 -0.16968077421188354
v -0.42228206992149353 0.4264475107192993 0.12130188941955566
v -0.3922187089920044 0.4254891276359558 0.28512680530548096
v -0.38962259888648987 0.24584174156188965 0.39514458179473877
v -0.40473639965057373 0.42566442489624023 0.20741629600524902
v -0.4009232521057129 0.3722740411758423 0.3857426643371582
v -0.4860076606273651 0.4794836640357971 0.1542479395866394
v -0.4373425841331482 0.4768633246421814 0.26155149936676025
v -0.4488389194011688 0.48486781120300293 0.30388176441192627
v -0.4990074038505554 1.283623218536377 1.4241493940353394
v -0.5146321058273315 1.285506010055542 1.48971426486969
v -0.5901098847389221 1.3281277418136597 1.4369982481002808
v -0.569857120513916 1.3243234157562256 1.5323125123977661
v -0.4411587119102478 1.24616277217865 1.5116671323776245
v -0.602196455001831 1.328933596611023 1.485568881034851
v -0.5380260944366455 1.3053287267684937 1.5801342725753784
v -0.4107065796852112 1.2239824533462524 1.579626441001892
v -0.4662122130393982 1.2497581243515015 1.5584274530410767
v -0.6315464973449707 1.337509036064148 1.5300272703170776
v -0.6532529592514038 1.3325008153915405 1.458213448524475
v -0.49847400188446045 1.2699943780899048 1.6013256311416626
v -0.5666614174842834 1.3279279470443726 1.631585955619812
v -0.6783065795898438 1.3394602537155151 1.5049737691879272
v -0.6565999984741211 1.3390425443649292 1.5767875909805298
v -0.5178549289703369 1.2727206945419312 1.6511253118515015
v -0.609839677810669 1.3388360738754272 1.6018410921096802
v -0.6945645213127136 1.3270634412765503 1.5553373098373413
v -0.7310382723808289 1.3312617540359497 1.4849494695663452
v -0.5454428791999817 1.2738686800003052 1.704260230064392
v -0.6348930597305298 1.3451756238937378 1.6486009359359741
v -0.6779624819755554 1.3276736736297607 1.6188699007034302
v -0.4695590138435364 1.2499159574508667 1.6770015954971313
v -0.585178554058075 1.3303018808364868 1.6752372980117798
v -0.7143007516860962 1.2752212285995483 1.555451512336731
v -0.6927547454833984 1.2752212285995483 1.6277316808700562
v -0.7201553583145142 1.3282698392868042 1.4223679304122925
v -0.4946123957633972 1.2365225553512573 1.7237614393234253
v -0.6599465608596802 1.352732539176941 1.6953612565994263
v -0.7312357425689697 1.2752212285995483 1.4826854467391968
v -0.6882826089859009 1.3282698392868042 1.680179238319397
v -0.7297636270523071 1.330474853515625 1.3618906736373901
v -0.5496623516082764 1.2752212285995483 1.7544502019882202
v -0.4257810711860657 1.2188204526901245 1.7046400308609009
v -0.6131864786148071 1.3430861234664917 1.7204147577285767
v -0.6820036172866821 1.2752212285995483 1.68354332447052
v -0.7420966625213623 1.2712647914886475 1.4047406911849976
v -0.5196658968925476 1.2427133321762085 1.7705217599868774
v -0.41720664501190186 1.2221721410751343 1.6448677778244019
v -0.43781477212905884 1.2226786613464355 1.8091946840286255
v -0.6850000619888306 1.349805235862732 1.7421215772628784
v -0.5878006219863892 1.3282698392868042 1.7340160608291626
v -0.7533794641494751 1.2752212285995483 1.3443833589553833
v -0.6162832379341125 1.3282698392868042 1.778939127922058
v -0.5664262175559998 1.3040298223495483 1.745468258857727
v -0.6405073404312134 1.3320986032485962 1.7714067697525024
v -0.6850000619888306 1.3072298765182495 1.7421215772628784
v -0.7537736892700195 1.2751283645629883 1.3067134618759155
v -0.7935336232185364 1.2504023313522339 1.383052945137024
v -0.49795931577682495 1.2499951124191284 1.84233558177948
v -0.6901448965072632 1.3282698392868042 1.7517238855361938
v -0.768480122089386 1.257092833518982 1.3362926244735718
v -0.5914797186851501 1.3181957006454468 1.7922285795211792
v -0.6165333390235901 1.3147152662277222 1.8389889001846313
v -0.7901866436004639 1.2399533987045288 1.2644790410995483
v -0.8152402639389038 1.2492927312850952 1.3112393617630005
v -0.7651333808898926 1.234836459159851 1.2177191972732544
v -0.8402937650680542 1.2576855421066284 1.3579994440078735
v -0.569062352180481 1.2967219352722168 1.8639730215072632
v -0.8516038060188293 1.2542788982391357 1.248693823814392
v -0.8118936419487 1.2409323453903198 1.192665457725525
v -0.8870540261268616 1.2636550664901733 1.3329459428787231
v -0.9121076464653015 1.2624605894088745 1.3797062635421753
v -0.8837069869041443 1.2622078657150269 1.2143720388412476
v -0.9087606072425842 1.2606128454208374 1.2611323595046997
v -0.7868400812149048 1.238061785697937 1.1459052562713623
v -0.9338141083717346 1.247637152671814 1.3078924417495728
v -0.8073192834854126 1.2430808544158936 1.0806139707565308
v -0.9525361061096191 1.2222232818603516 1.34604012966156
v -0.9304672479629517 1.2530392408370972 1.189318299293518
v -0.9054139852523804 1.260863184928894 1.1425585746765137
v -0.9513701796531677 1.2221721410751343 1.233772873878479
v -0.8622006773948669 1.257369041442871 1.0599933862686157
v -0.9545801281929016 1.1665551662445068 1.290822148323059
v -0.9536822438240051 1.2221721410751343 1.1768802404403687
v -0.8302533626556396 1.245496153831482 1.0022776126861572
v -0.9271207451820374 1.2522462606430054 1.0707446336746216
v -0.9520784020423889 1.2245826721191406 1.0717201232910156
v -0.9020671844482422 1.2571114301681519 1.0239843130111694
v -0.5573610663414001 -0.9250337481498718 1.6398710012435913
v -0.5552791357040405 -0.8562503457069397 1.506562352180481
v -0.5432862639427185 -0.8049559593200684 1.6317046880722046
v -0.537948727607727 -0.7670413851737976 1.5789748430252075
v -0.5379310846328735 0.7171353101730347 -0.1049538254737854
v -0.515562891960144 0.6888816356658936 -0.09256023168563843
v -0.5300906300544739 0.6916822195053101 -0.11958730220794678
v -0.528825044631958 0.6386336088180542 -0.12194943428039551
v -0.5846909284591675 0.719997763633728 -0.13000714778900146
v -0.5243374705314636 0.5863315463066101 -0.10413235425949097
v -0.5749552249908447 0.6916822195053101 -0.14817798137664795
v -0.5673247575759888 0.5855845212936401 -0.16241949796676636
v -0.5684459209442139 0.6386336088180542 -0.1603270173072815
v -0.4918903112411499 0.5322374701499939 -0.07994353771209717
v -0.5610105991363525 0.523608922958374 -0.17420440912246704
v -0.4943547546863556 0.5325354337692261 -0.021422505378723145
v -0.5245428085327148 0.5325354337692261 -0.1299418807029724
v -0.4441481828689575 0.4797099828720093 -0.0550304651260376
v -0.4193570017814636 0.4617272615432739 -0.10160678625106812
v -0.37943384051322937 0.4254056215286255 -0.06303948163986206
v -0.8183934688568115 0.6386336088180542 0.19385087490081787
v -0.7503578662872314 0.6279295086860657 0.26155853271484375
v -0.7600654363632202 0.6068240404129028 0.19731426239013672
v -0.8318792581558228 0.6656521558761597 0.21902108192443848
v -0.3922187089920044 0.4254891276359558 0.28512680530548096
v -0.42654064297676086 0.4341484308242798 0.3760124444961548
v -0.4009232521057129 0.3722740411758423 0.3857426643371582
v -0.4488389194011688 0.48486781120300293 0.30388176441192627
v -0.40707457065582275 0.43598073720932007 0.01949244737625122
v -0.46655094623565674 0.4662044048309326 0.10655796527862549
v -0.42228206992149353 0.4264475107192993 0.12130188941955566
v -0.4860076606273651 0.4794836640357971 0.1542479395866394
v -0.7967776656150818 -0.10652413964271545 0.48505568504333496
v -0.7363802194595337 -0.15710127353668213 0.49008965492248535
v -0.7835301160812378 -0.15710127353668213 0.4657632112503052
v -0.7667592763900757 -0.17685115337371826 0.43446195125579834
v -0.7676278948783875 -0.10405218601226807 0.42833101749420166
v -0.7792348861694336 -0.15710127353668213 0.42777764797210693
v -0.7199989557266235 -0.1901644468307495 0.45951545238494873
v -0.7577412724494934 -0.15710127353668213 0.417630672454834
v -0.6998155117034912 -0.15710127353668213 0.4218447208404541
v -0.6906083226203918 -0.1087847501039505 0.4189258813858032
v -0.6619827151298523 -0.21133840084075928 0.42680180072784424
v -0.584230363368988 0.320339560508728 0.43076932430267334
v -0.5438998937606812 0.3733886480331421 0.4678236246109009
v -0.6014510989189148 0.37339550256729126 0.46283650398254395
v -0.5226686596870422 0.31589460372924805 0.4474036693572998
v -0.5546649694442749 0.39381301403045654 0.48791563510894775
v -0.648185133934021 0.341884970664978 0.4378087520599365
v -0.4856427013874054 0.3733886480331421 0.45986855030059814
v -0.5511338114738464 0.42465296387672424 0.4957634210586548
v -0.6341454386711121 0.31725409626960754 0.42236971855163574
v -0.6670545935630798 0.3733886480331421 0.47302699089050293
v -0.4760010838508606 0.320339560508728 0.4534238576889038
v -0.4912291169166565 0.42643749713897705 0.46171998977661133
v -0.6185025572776794 0.42643749713897705 0.49473536014556885
v -0.7112711668014526 0.3712227940559387 0.4655369520187378
v -0.4337765872478485 0.3747279942035675 0.43316805362701416
v -0.4765717387199402 0.20687715709209442 0.45511460304260254
v -0.4622112512588501 0.4286605715751648 0.43224096298217773
v -0.5546649694442749 0.454264760017395 0.48791563510894775
v -0.6732386946678162 0.39883720874786377 0.48456907272338867
v -0.42463454604148865 0.2579631507396698 0.4369877576828003
v -0.5299599170684814 0.4807549715042114 0.4431835412979126
v -0.6239885687828064 0.5005236268043518 0.4536641836166382
v -0.7088687419891357 0.42706018686294556 0.4762512445449829
v -0.5688492655754089 0.5283978581428528 0.40251386165618896
v -0.66314697265625 0.4794865846633911 0.46573376655578613
v -0.6926867365837097 0.5352131128311157 0.4153546094894409
v -0.7199617624282837 0.47168517112731934 0.4555269479751587
v -0.6472758650779724 0.5724785327911377 0.3717454671859741
v -0.5376030206680298 0.5263502597808838 0.36926043033599854
v -0.621721625328064 0.5824770331382751 0.3294624090194702
v -0.7596485018730164 0.5476981997489929 0.3914937973022461
v -0.8152987957000732 0.44209951162338257 0.418140172958374
v -0.8476114869117737 0.5325354337692261 0.36071133613586426
v -0.7459714412689209 0.575946569442749 0.3790714740753174
v -0.8346748948097229 0.5856630206108093 0.3379385471343994
v -0.7363810539245605 0.6136968731880188 0.3320198059082031
v -0.8109591603279114 0.6386336088180542 0.2895658016204834
v -0.6915988326072693 0.6084088087081909 0.2941814661026001
v -0.6778463125228882 0.6360965967178345 0.036835432052612305
v -0.6320664882659912 0.6826481819152832 0.07613259553909302
v -0.6819099187850952 0.6916822195053101 0.05144369602203369
v -0.6566190123558044 0.7298709154129028 0.013713955879211426
v -0.6423368453979492 0.7385056614875793 0.014258623123168945
v -1.2147321701049805 0.4861532151699066 1.5950819253921509
v -1.1580528020858765 0.5327324867248535 1.6099966764450073
v -1.1910984516143799 0.4808032512664795 1.6524137258529663
v -1.177655816078186 0.5110388994216919 1.5383468866348267
v -1.1302794218063354 0.5325354337692261 1.6239134073257446
v -1.1186048984527588 0.5265247225761414 1.5395399332046509
v -1.1979211568832397 0.47829902172088623 1.4652823209762573
v -1.1383516788482666 0.5036160945892334 1.4575504064559937
v -1.0735822916030884 0.5081746578216553 1.4793652296066284
v -1.1818562746047974 0.48429620265960693 1.4157289266586304
v -1.1340985298156738 0.49361875653266907 1.3985697031021118
v -1.2239410877227783 0.4295281171798706 1.438881754875183
v -1.0947954654693604 0.49286165833473206 1.3538411855697632
v -1.1956385374069214 0.47919249534606934 1.347255825996399
v -0.9113715291023254 0.4934075176715851 1.3795243501663208
v -1.1709619760513306 0.4929150342941284 1.3011990785598755
v -1.2346994876861572 0.42784085869789124 1.28361976146698
v -0.9629403352737427 0.4932037591934204 1.2421268224716187
v -1.1459084749221802 0.4975317716598511 1.2544387578964233
v -1.2103477716445923 0.47385597229003906 1.2778621912002563
v -1.074094533920288 0.4969693422317505 1.2327319383621216
v -1.1208548545837402 0.5006567239761353 1.2076784372329712
v -1.1983996629714966 0.4834146499633789 1.226314663887024
v -1.1676151752471924 0.5063008069992065 1.1826249361038208
v -1.2343735694885254 0.42722246050834656 1.161682367324829
v -1.213930606842041 0.4792432188987732 1.1572343111038208
v -0.6124671697616577 -0.3349148631095886 2.6798629760742188
v -0.6069628000259399 -0.12583893537521362 2.557666778564453
v -0.6129541397094727 -0.06935586035251617 2.673442840576172
v -0.5915758609771729 -0.2909225821495056 2.4544692039489746
v -0.6035981774330139 0.0564727857708931 2.504091262817383
v -0.5917941331863403 -0.1503487378358841 2.4577555656433105
v -0.6159572601318359 0.060161154717206955 2.7390522956848145
v -0.5731020569801331 -0.19916985929012299 2.2764787673950195
v -0.6125550270080566 0.18182706832885742 2.5345711708068848
v -0.5921460390090942 0.03331329673528671 2.3747453689575195
v -0.5785103440284729 -0.3270539343357086 2.2781572341918945
v -0.5845301747322083 -0.05515434220433235 2.3029332160949707
v -0.6166828870773315 0.3841297924518585 2.675220012664795
v -0.5716172456741333 -0.16294801235198975 2.2176151275634766
v -0.6030018925666809 0.448520302772522 2.4793004989624023
v -0.5861619710922241 0.39744138717651367 2.2288851737976074
v -0.5925218462944031 0.009482975117862225 2.2244529724121094
v -0.5805262327194214 -0.39062801003456116 2.219320774078369
v -0.6191200017929077 0.553130567073822 2.731416702270508
v -0.5844031572341919 0.12877339124679565 2.226318359375
v -0.6102979779243469 -0.28603142499923706 2.150571346282959
v -0.6129895448684692 0.00458557577803731 2.164468765258789
v -0.6059716939926147 0.3738611042499542 2.1551570892333984
v -0.5926324725151062 0.057979896664619446 2.218567371368408
v -0.6035743951797485 -0.15710127353668213 2.1517844200134277
v -0.6055513024330139 -0.3692971467971802 2.1488022804260254
v -0.6062778830528259 0.13134634494781494 2.1577835083007812
v -0.6133618950843811 0.49929922819137573 2.169954776763916
v -0.65474534034729 -0.2647971212863922 2.1293458938598633
v -0.6492871642112732 -0.30825090408325195 2.1197471618652344
v -0.6497701406478882 -0.14773327112197876 2.126669406890869
v -0.6510084271430969 0.36336392164230347 2.1242432594299316
v -0.6596546173095703 0.48711755871772766 2.1450886726379395
v -0.6547800302505493 0.009754178114235401 2.1299686431884766
v -0.6671449542045593 0.6822468638420105 2.147675037384033
v -0.7102569937705994 -0.2625620663166046 2.1233935356140137
v -0.7193578481674194 0.018009591847658157 2.1291561126708984
v -0.7475480437278748 0.4226399064064026 2.1310043334960938
v -0.841475248336792 0.5498436093330383 2.156330108642578
v -0.8532236218452454 0.1297081857919693 2.1360597610473633
v -0.8363993763923645 0.42432093620300293 2.134751796722412
v -0.8467975854873657 0.7593870759010315 2.153808116912842
v -0.9005595445632935 0.5485904216766357 2.145695209503174
v -0.6991761326789856 0.7810843586921692 2.157820701599121
v -0.8900907635688782 0.2658424377441406 2.1248302459716797
v -0.8916985392570496 0.43462589383125305 2.1247334480285645
v -0.8938400149345398 0.16338497400283813 2.1313109397888184
v -0.914574921131134 0.44150209426879883 2.100041389465332
v -0.9126986265182495 0.26729071140289307 2.1015920639038086
v -0.9271847009658813 0.5458743572235107 2.0865330696105957
v -0.9276195168495178 0.21138149499893188 2.0863656997680664
v -0.9138565063476562 0.4344346523284912 2.0452394485473633
v -0.9288156628608704 0.7741615772247314 2.0843567848205566
v -0.9098106026649475 0.2744770646095276 2.043989658355713
v -0.9158138632774353 0.6888765692710876 2.020979404449463
v -0.8528928160667419 0.2709275782108307 1.8272374868392944
v -0.8367156982421875 0.5268052816390991 1.781464695930481
v -0.9159126281738281 0.8503972291946411 1.9900568723678589
v -0.8684008717536926 0.21703551709651947 1.8302499055862427
v -0.8566016554832458 0.3728673756122589 1.8347748517990112
v -0.8638899326324463 0.5919735431671143 1.8538788557052612
v -0.8487934470176697 0.2671341300010681 1.7739619016647339
v -0.8989172577857971 0.2075178623199463 1.9284254312515259
v -0.8377471566200256 0.4842720925807953 1.7823282480239868
v -0.848562479019165 0.6253016591072083 1.7760995626449585
v -0.8688187003135681 0.8333578705787659 1.8302720785140991
v -0.8790075182914734 0.21524578332901 1.7594605684280396
v -0.9064710140228271 0.18505942821502686 1.8121529817581177
v -0.8569055795669556 0.3733886480331421 1.7703837156295776
v -0.8460447788238525 0.42643749713897705 1.7762027978897095
v -0.8584103584289551 0.5325354337692261 1.712497591972351
v -0.846071720123291 0.7195771932601929 1.7757138013839722
v -0.8650374412536621 0.5855845212936401 1.7411633729934692
v -0.8681118488311768 0.26729071140289307 1.7469013929367065
v -0.8721365928649902 0.3733886480331421 1.7544132471084595
v -0.8610783815383911 0.4794865846633911 1.7149029970169067
v -0.8642668724060059 0.7125228643417358 1.7361880540847778
v -0.8675252199172974 0.6386336088180542 1.7458065748214722
v -0.918847918510437 0.20640480518341064 1.7292686700820923
v -0.9104405641555786 0.26729071140289307 1.713577151298523
v -0.8702248334884644 0.320339560508728 1.7508453130722046
v -0.8660763502120972 0.42643749713897705 1.7431021928787231
v -0.8838146924972534 0.4794865846633911 1.6638821363449097
v -0.8970944881439209 0.5589085817337036 1.688667893409729
v -0.9131439924240112 0.5855845212936401 1.7186228036880493
v -0.9081615209579468 0.320339560508728 1.709323525428772
v -0.9215062856674194 0.3737103343009949 1.7357715368270874
v -0.9003386497497559 0.4331713914871216 1.6947227716445923
v -0.8717749118804932 0.5254219770431519 1.6416336297988892
v -0.916356086730957 0.6679749488830566 1.7210479974746704
v -0.9427285194396973 0.2900375425815582 1.664033055305481
v -0.9240003824234009 0.320339560508728 1.6742521524429321
v -0.9213249087333679 0.4817897081375122 1.621564507484436
v -0.9103976488113403 0.5855845212936401 1.6815401315689087
v -0.8892145156860352 0.5855845212936401 1.6327060461044312
v -0.9449368119239807 0.3733886480331421 1.665634036064148
v -0.8937476277351379 0.4941943883895874 1.5700937509536743
v -0.9442264437675476 0.4286617040634155 1.664307951927185
v -0.8580151796340942 0.5339927673339844 1.5345572233200073
v -0.9483386874198914 0.4976266920566559 1.577210783958435
v -0.9893999695777893 0.480197548866272 1.6402872800827026
v -0.8932204246520996 0.6304556727409363 1.5052520036697388
v -1.0045099258422852 0.2755242884159088 1.6611260175704956
v -1.006078839302063 0.4256081283092499 1.6662386655807495
v -0.8686941266059875 0.5039807558059692 1.5233334302902222
v -0.8582426905632019 0.5325354337692261 1.5038269758224487
v -1.0373752117156982 0.503353476524353 1.6135073900222778
v -0.9146591424942017 0.4973386526107788 1.4979151487350464
v -1.062779426574707 0.47666072845458984 1.6588891744613647
v -0.861091136932373 0.5325354337692261 1.4672237634658813
v -1.1351981163024902 0.4261959195137024 1.6798752546310425
v -1.1361820697784424 0.268698126077652 1.6723014116287231
v -1.0510194301605225 0.511322557926178 1.5556539297103882
v -1.1567246913909912 0.4787620007991791 1.6691449880599976
v -1.188724160194397 0.2683201730251312 1.669510006904602
v -1.1091885566711426 0.5140987634658813 1.6352137327194214
v -1.0735822916030884 0.5081746578216553 1.4793652296066284
v -0.8904008865356445 0.4995490312576294 1.4515200853347778
v -1.1892077922821045 0.42233189940452576 1.6765707731246948
v -1.1910984516143799 0.4808032512664795 1.6524137258529663
v -1.0841352939605713 0.5192209482192993 1.5884538888931274
v -0.9371611475944519 0.4950796365737915 1.4264665842056274
v -1.1302794218063354 0.5325354337692261 1.6239134073257446
v -0.8626752495765686 0.5245276689529419 1.4027248620986938
v -0.9113715291023254 0.4934075176715851 1.3795243501663208
v -0.8592429757118225 0.5325354337692261 1.3478466272354126
v -1.2541978359222412 0.04015814885497093 2.1285104751586914
v -1.2116551399230957 -0.04964436963200569 2.1602001190185547
v -1.2604789733886719 -0.09836850315332413 2.1426444053649902
v -1.2023959159851074 0.036593321710824966 2.1498684883117676
v -1.208611011505127 -0.10405218601226807 2.157759189605713
v -1.070023536682129 0.04918984696269035 2.1389546394348145
v -1.2434957027435303 0.12533129751682281 2.1110105514526367
v -1.1483263969421387 -0.10405218601226807 2.154939651489258
v -1.2478561401367188 -0.15808142721652985 2.105623722076416
v -1.0356471538543701 0.10176373273134232 2.132671356201172
v -1.0889593362808228 -0.09300258755683899 2.156191825866699
v -1.19057035446167 0.11038661003112793 2.134580612182617
v -1.1936860084533691 -0.15630236268043518 2.1308555603027344
v -0.9617525935173035 0.05509483814239502 2.1302475929260254
v -1.028061866760254 -0.10998518764972687 2.1473827362060547
v -1.1801061630249023 0.16119277477264404 2.1045570373535156
v -1.0787469148635864 -0.16521728038787842 2.140033721923828
v -1.2108891010284424 -0.18019096553325653 2.0636720657348633
v -1.003798007965088 0.0014355550520122051 2.1231584548950195
v -0.8967504501342773 0.11001326143741608 2.134488105773926
v -1.0282849073410034 -0.154940664768219 2.1449031829833984
v -1.2344579696655273 0.16119277477264404 2.0936732292175293
v -1.1225757598876953 -0.17885839939117432 2.1095094680786133
v -1.1288492679595947 0.15824073553085327 2.100543975830078
v -0.9274898171424866 0.002045750617980957 2.102294445037842
v -0.8882033824920654 0.04518294334411621 2.1213831901550293
v -1.0040020942687988 0.1466761827468872 2.112856388092041
v -0.9821035265922546 -0.15710127353668213 2.124589443206787
v -0.9918961524963379 -0.051003336906433105 2.11934232711792
v -1.097522497177124 -0.19002997875213623 2.0627493858337402
v -1.050762414932251 -0.2011340856552124 2.0878028869628906
v -1.1000254154205322 -0.1901613175868988 2.020447254180908
v -1.0496525764465332 0.1619046926498413 2.089052677154541
v -0.943874716758728 0.16119277477264404 2.1129612922668457
v -0.9948831796646118 -0.2089514136314392 2.0954537391662598
v -0.9369804859161377 -0.08778205513954163 2.0967159271240234
v -0.8622992038726807 -0.01818803884088993 2.069973945617676
v -0.9323948621749878 -0.04112374782562256 2.090303897857666
v -0.829667329788208 0.05509483814239502 2.124457836151123
v -0.9951311349868774 0.16119277477264404 2.096299648284912
v -0.9428896903991699 -0.15710127353668213 2.1111226081848145
v -1.0327852964401245 -0.21129083633422852 2.0471673011779785
v -0.9279289841651917 -0.21351778507232666 2.094930648803711
v -0.891780436038971 -0.16038116812705994 2.1024951934814453
v -0.8611434698104858 -0.06162905693054199 2.0676355361938477
v -1.0423691272735596 -0.21880412101745605 1.930745005607605
v -0.9789484739303589 -0.23054802417755127 2.066096305847168
v -0.8142887353897095 -0.00007593631744384766 2.095754623413086
v -0.763118326663971 0.002045750617980957 2.123040199279785
v -0.8699287176132202 -0.10405218601226807 2.0872750282287598
v -1.0006552934646606 -0.23005473613739014 1.9942823648452759
v -0.7632626295089722 -0.07272344827651978 2.11965274810791
v -0.8168447613716125 -0.2622990608215332 2.0914645195007324
v -0.9244171380996704 -0.26319921016693115 2.0766448974609375
v -0.8207864761352539 -0.10405218601226807 2.0876026153564453
v -0.9555130004882812 -0.26845261454582214 1.9008482694625854
v -0.9545562863349915 -0.27097928524017334 2.015902042388916
v -0.8053436279296875 -0.051003336906433105 2.079059600830078
v -0.7651591897010803 -0.26031893491744995 2.1149563789367676
v -0.8084409832954407 -0.17406952381134033 2.0994601249694824
v -1.0723955631256104 -0.2289409041404724 1.8909682035446167
v -0.8603745698928833 -0.285575270652771 2.0694427490234375
v -0.9071348905563354 -0.29982197284698486 2.044389247894287
v -0.9016976952552795 -0.31593430042266846 1.9247936010360718
v -1.0167584419250488 -0.3136364221572876 1.7996827363967896
v -0.7092195153236389 -0.3176596760749817 2.092339038848877
v -0.7885608673095703 -0.3090463876724243 2.047736167907715
v -0.8788086175918579 -0.31530773639678955 1.9915207624435425
v -0.9217581748962402 -0.3157665729522705 1.8571947813034058
v -1.0711803436279297 -0.270546555519104 1.7809604406356812
v -0.8356419205665588 -0.3105059564113617 2.019552707672119
v -0.8643602132797241 -0.32857996225357056 1.8885596990585327
v -1.052227258682251 -0.3161013722419739 1.7260009050369263
v -0.9832422137260437 -0.3322466313838959 1.7572251558303833
v -0.6699870228767395 -0.33061039447784424 2.0510830879211426
v -0.744792640209198 -0.32395675778388977 2.0181260108947754
v -0.8491051197052002 -0.3293871581554413 1.8342920541763306
v -1.1002709865570068 -0.26319921016693115 1.7308968305587769
v -0.6226375699043274 -0.368017315864563 2.075779438018799
v -0.744757354259491 -0.32459214329719543 1.93962562084198
v -1.1393160820007324 -0.2658909559249878 1.6811856031417847
v -1.155578851699829 -0.16872993111610413 1.7348390817642212
v -0.99875807762146 -0.32545971870422363 1.7010506391525269
v -0.6613617539405823 -0.3133585751056671 1.697332739830017
v -0.620403528213501 -0.3692971467971802 2.017465591430664
v -0.6682424545288086 -0.3272481858730316 1.9400001764297485
v -0.664810299873352 -0.31725236773490906 1.8197928667068481
v -1.0601325035095215 -0.3158884048461914 1.6614972352981567
v -1.1435446739196777 -0.2101501226425171 1.6993366479873657
v -0.9772781133651733 -0.30024316906929016 1.5773082971572876
v -0.6672012805938721 -0.3040638864040375 1.6015690565109253
v -0.6150488257408142 -0.4237004220485687 2.073486328125
v -0.6449334025382996 -0.3392599821090698 2.0043230056762695
v -0.6415866017341614 -0.3282965421676636 1.8857487440109253
v -0.6382399797439575 -0.32151663303375244 1.7671750783920288
v -0.6282855272293091 -0.3134220838546753 1.6521412134170532
v -0.6105745434761047 -0.3683539032936096 1.910382866859436
v -0.6165333390235901 -0.3454242944717407 1.8389889001846313
v -0.6131864786148071 -0.33169257640838623 1.7204147577285767
v -0.5968694686889648 -0.31349116563796997 1.584527850151062
v -0.600883960723877 -0.4132547676563263 1.8464809656143188
v -0.5999473333358765 -0.36901137232780457 1.8003286123275757
v -0.5881329774856567 -0.3476964235305786 1.6736544370651245
v -0.5831679701805115 -0.36360710859298706 1.6881881952285767
v -0.578058660030365 -0.4271123707294464 1.7065078020095825
v -0.9793591499328613 0.17692992091178894 1.9599422216415405
v -0.9804312586784363 0.17309042811393738 1.833642840385437
v -0.17939245700836182 -1.2029423713684082 2.5925827026367188
v -0.08367085456848145 -1.1955801248550415 2.4487996101379395
v -0.20464980602264404 -1.2050551176071167 2.4399514198303223
v -0.14298498630523682 -1.193877935409546 2.3298821449279785
v -0.27952849864959717 -1.1969883441925049 2.625673294067383
v -0.056647300720214844 -1.1977647542953491 2.1334633827209473
v -0.30754554271698 -1.2039870023727417 2.2378458976745605
v -0.4793175458908081 -1.2014528512954712 2.262540817260742
v -0.17396390438079834 -1.1949419975280762 2.2310919761657715
v -0.4521057605743408 -1.2020000219345093 2.464984893798828
v -0.13066112995147705 -1.2113806009292603 2.0393123626708984
v -0.3540157079696655 -1.2077709436416626 2.154298782348633
v -0.2358781099319458 -1.2096312046051025 2.153557300567627
v -0.4617868661880493 -1.1979765892028809 2.642096996307373
v -0.49195563793182373 -1.2014366388320923 2.3810458183288574
v -0.508405327796936 -1.2014683485031128 2.19862699508667
v -0.5170115232467651 -1.1985589265823364 2.5497093200683594
v -0.5146931409835815 -1.2009648084640503 2.4352049827575684
v -0.5113465785980225 -1.2022978067398071 2.316631317138672
v -0.40842026472091675 -1.213338017463684 2.001873016357422
v -0.5300441980361938 -1.2013208866119385 2.124527931213379
v -0.5330531597137451 -1.1989363431930542 2.2448172569274902
v -0.5552387237548828 -1.1925725936889648 2.5164270401000977
v -0.5430936813354492 -1.1950339078903198 2.600539207458496
v -0.5614534616470337 -1.1906801462173462 2.410151481628418
v -0.5581066608428955 -1.1925960779190063 2.2915778160095215
v -0.5364001989364624 -1.199226975440979 2.363391399383545
v -0.278517484664917 -1.209618091583252 1.7998071908950806
v -0.5547598600387573 -1.200199007987976 2.173003673553467
v -0.587205171585083 -1.168921709060669 2.226226329803467
v -0.5950335264205933 -1.1666278839111328 2.581892967224121
v -0.5681470632553101 -1.1862891912460327 2.647298812866211
v -0.5891121029853821 -1.1636701822280884 2.47336483001709
v -0.5846936702728271 -1.1658512353897095 2.3387742042541504
v -0.4331212043762207 -1.2207961082458496 1.8824673891067505
v -0.5763591527938843 -1.1948599815368652 2.101454257965088
v -0.605364203453064 -1.1705751419067383 2.149200916290283
v -0.5854959487915039 -1.1650315523147583 2.276902675628662
v -0.6004509925842285 -1.1650315523147583 2.629991054534912
v -0.5858246684074402 -1.1650315523147583 2.3970937728881836
v -0.5296502709388733 -1.2184100151062012 1.9036251306533813
v -0.5263595581054688 -1.2053471803665161 2.007669448852539
v -0.592610239982605 -1.1118113994598389 2.2195773124694824
v -0.5947198271751404 -1.1150752305984497 2.4277825355529785
v -0.6118500232696533 -1.1128674745559692 2.614393711090088
v -0.5076106190681458 -1.22437584400177 1.7659636735916138
v -0.5981733202934265 -1.1852525472640991 2.02937650680542
v -0.6227033734321594 -1.1646690368652344 2.0755815505981445
v -0.6311736702919006 -1.1106375455856323 2.093733787536621
v -0.5572500228881836 -1.2158564329147339 1.8439785242080688
v -0.46534156799316406 -1.2219104766845703 1.6725531816482544
v -0.5731198191642761 -1.1988316774368286 1.9826160669326782
v -0.6246031522750854 -1.0553218126296997 2.086317539215088
v -0.6071127653121948 -0.9479135870933533 2.6358089447021484
v -0.5838547945022583 -1.0139621496200562 2.2320427894592285
v -0.5948262810707092 -1.1898080110549927 1.9108022451400757
v -0.5407606363296509 -1.2180806398391724 1.7592195272445679
v -0.5363760590553284 -1.2175644636154175 1.6944342851638794
v -0.6174878478050232 -1.1590371131896973 1.9673970937728882
v -0.6287612318992615 -1.1095887422561646 1.9870730638504028
v -0.5929567813873291 -0.7900345325469971 2.374749183654785
v -0.6134915947914124 -1.1650315523147583 1.9008015394210815
v -0.5960261225700378 -1.1668308973312378 1.7947105169296265
v -0.6148393154144287 -0.8971964120864868 2.0947518348693848
v -0.6218039989471436 -0.8950834274291992 2.0126428604125977
v -0.6051404476165771 -0.7526430487632751 2.632462501525879
v -0.5917205810546875 -0.6952018737792969 2.213324546813965
v -0.5664262175559998 -1.2062770128250122 1.745468258857727
v -0.6201943159103394 -1.1093531847000122 1.917199730873108
v -0.6194348335266113 -1.0416796207427979 1.9555786848068237
v -0.5961933135986328 -0.8216097950935364 2.6934142112731934
v -0.5923846364021301 -0.7331379055976868 2.3721213340759277
v -0.6003209948539734 -1.1138886213302612 1.8045023679733276
v -0.5904473066329956 -1.1650315523147583 1.7325979471206665
v -0.6129031777381897 -0.6803689002990723 2.0999650955200195
v -0.6171531081199646 -0.7407585978507996 2.0128540992736816
v -0.6171904802322388 -0.8919277191162109 1.946452260017395
v -0.6084178686141968 -0.7373900413513184 2.6861062049865723
v -0.5968465209007263 -0.5598295331001282 2.4718241691589355
v -0.583943247795105 -0.5566353797912598 2.228010654449463
v -0.5748659372329712 -1.125395655632019 1.5953601598739624
v -0.5789254307746887 -1.1674643754959106 1.6368826627731323
v -0.5894699692726135 -0.9999952912330627 1.8490878343582153
v -0.6169499158859253 -0.5808706283569336 2.6839470863342285
v -0.6052107810974121 -0.6794936060905457 2.7210021018981934
v -0.6110566258430481 -0.5840548872947693 2.0162863731384277
v -0.6022038459777832 -0.5474129319190979 2.160132884979248
v -0.5819091200828552 -0.840697169303894 1.7601746320724487
v -0.5964473485946655 -0.6652616858482361 1.9234405755996704
v -0.5912663340568542 -0.7903560996055603 1.8113163709640503
v -0.5635656714439392 -0.892579972743988 1.703156590461731
v -0.6093273162841797 -0.5145418643951416 1.96493399143219
v -0.5960853695869446 -0.5078514218330383 1.8092807531356812
v -0.5756255984306335 -0.7523829936981201 1.7157195806503296
v -0.5875002145767212 -0.6803638339042664 1.7426248788833618
v -0.5888726711273193 -0.5678206086158752 1.7351897954940796
v -0.5824870467185974 -0.6545156240463257 1.6796976327896118
v -0.54727703332901 -0.7318605184555054 1.6297036409378052
v -0.5711640119552612 -0.4859341084957123 1.684484839439392
v -0.5818840265274048 -0.586294412612915 1.6721619367599487
v -0.5485986471176147 -0.6159464120864868 1.588833212852478
v -0.5394697785377502 -0.700228214263916 1.581494688987732
v -1.1404820680618286 0.18141308426856995 2.0415358543395996
v -1.0496525764465332 0.1619046926498413 2.089052677154541
v -1.1288492679595947 0.15824073553085327 2.100543975830078
v -1.0356066226959229 0.1785099357366562 2.0328264236450195
v -0.9951311349868774 0.16119277477264404 2.096299648284912
v -0.9789484739303589 0.17696940898895264 2.066096305847168
v -0.9359349012374878 0.1879492700099945 1.983131766319275
v -0.9276195168495178 0.21138149499893188 2.0863656997680664
v -0.9159839749336243 0.21507741510868073 2.0192155838012695
v -0.9793591499328613 0.17692992091178894 1.9599422216415405
v -0.8989172577857971 0.2075178623199463 1.9284254312515259
v -0.9098106026649475 0.2744770646095276 2.043989658355713
v -1.2108891010284424 -0.18019096553325653 2.0636720657348633
v -1.1000254154205322 -0.1901613175868988 2.020447254180908
v -1.172037124633789 -0.18055619299411774 1.9761565923690796
v -1.1355929374694824 -0.19239862263202667 1.9182637929916382
v -1.2614370584487915 -0.15670698881149292 2.0337724685668945
v -1.1733633279800415 -0.17364652454853058 1.861594319343567
v -1.0423691272735596 -0.21880412101745605 1.930745005607605
v -1.2478561401367188 -0.15808142721652985 2.105623722076416
v -1.2416071891784668 -0.16189531981945038 1.9659761190414429
v -1.0995306968688965 -0.2258080095052719 1.8455833196640015
v -1.0723955631256104 -0.2289409041404724 1.8909682035446167
v -1.2906384468078613 -0.10077384114265442 2.0808730125427246
v -1.2867324352264404 -0.10296264290809631 2.0126142501831055
v -1.259509563446045 -0.13406074047088623 1.915775179862976
v -1.1562089920043945 -0.1731136590242386 1.8175886869430542
v -1.2604789733886719 -0.09836850315332413 2.1426444053649902
v -1.2307811975479126 -0.1395370215177536 1.858017086982727
v -1.0711803436279297 -0.270546555519104 1.7809604406356812
v -1.155578851699829 -0.16872993111610413 1.7348390817642212
v -1.281549096107483 -0.05286223813891411 1.9409719705581665
v -1.2541978359222412 0.04015814885497093 2.1285104751586914
v -1.2743369340896606 -0.10405218601226807 1.907831072807312
v -1.2532072067260742 -0.10222051292657852 1.7902594804763794
v -1.2090134620666504 -0.10708940029144287 1.7020961046218872
v -1.2784514427185059 0.05291811376810074 2.055295467376709
v -1.2658658027648926 0.10043489933013916 2.0931339263916016
v -1.2656748294830322 -0.10405218601226807 1.8522883653640747
v -1.1854219436645508 -0.10952866077423096 1.6545525789260864
v -1.2629574537277222 0.1532665491104126 1.9536765813827515
v -1.2434957027435303 0.12533129751682281 2.1110105514526367
v -1.2663164138793945 -0.048379600048065186 1.7371734380722046
v -1.270251750946045 -0.05124261602759361 1.823672890663147
v -1.2575228214263916 -0.053211331367492676 1.680705189704895
v -1.1605610847473145 -0.15710127353668213 1.6678727865219116
v -1.275506615638733 0.10989993810653687 2.0449986457824707
v -1.2479488849639893 -0.053038645535707474 1.6188613176345825
v -1.1435446739196777 -0.2101501226425171 1.6993366479873657
v -1.162484884262085 -0.11206633597612381 1.6071418523788452
v -1.2669751644134521 0.16513818502426147 2.0344839096069336
v -1.2670056819915771 0.0058569456450641155 1.6840780973434448
v -1.2589086294174194 0.10945258289575577 1.857796311378479
v -1.2344579696655273 0.16119277477264404 2.0936732292175293
v -1.2553428411483765 0.10330915451049805 1.7966057062149048
v -1.2494478225708008 0.1607532948255539 1.9048954248428345
v -1.214119791984558 0.16480398178100586 1.8197270631790161
v -1.237968921661377 0.16636478900909424 1.8671327829360962
v -1.2311094999313354 0.14369213581085205 1.7504411935806274
v -1.1434473991394043 0.17053237557411194 1.808266520500183
v -1.1910977363586426 0.16335606575012207 1.7718790769577026
v -1.2107189893722534 0.1659483164548874 1.7095361948013306
v -1.1592955589294434 0.17072689533233643 1.7287343740463257
v -1.1125354766845703 0.17159879207611084 1.753787875175476
v -1.0586140155792236 0.17279891669750214 1.7869375944137573
v -1.1373636722564697 0.21175545454025269 1.6786683797836304
v -1.08748197555542 0.18331682682037354 1.707027554512024
v -1.1556518077850342 0.1813167780637741 1.9601820707321167
v -1.0586140155792236 0.17279891669750214 1.7869375944137573
v -0.5177462697029114 -0.7441736459732056 1.3330832719802856
v -0.5183541178703308 -0.6824105381965637 1.3003894090652466
v -0.4947690963745117 -0.6853557825088501 1.3845914602279663
v -0.5269614458084106 -0.761440634727478 1.2873717546463013
v -0.48429983854293823 -0.5406401753425598 1.3662108182907104
v -0.5175478458404541 -0.736105740070343 1.413692831993103
v -0.5303521752357483 -0.8497840762138367 1.3371721506118774
v -0.49294179677963257 -0.6314030289649963 1.4240816831588745
v -0.5038130283355713 -0.5492815971374512 1.3062981367111206
v -0.4986063838005066 -0.6875909566879272 1.4207037687301636
v -0.4891536235809326 -0.5284439325332642 1.425768494606018
v -0.5030996203422546 -0.4648730754852295 1.2950025796890259
v -0.5326752662658691 -0.8077548146247864 1.4011424779891968
v -0.5350050330162048 -0.6865541338920593 1.4615029096603394
v -0.4881269335746765 -0.4741932153701782 1.3791898488998413
v -0.507067859172821 -0.5732669234275818 1.4738134145736694
v -0.5121467709541321 -0.4748789072036743 1.2178822755813599
v -0.5440520644187927 -0.7506795525550842 1.4567848443984985
v -0.5178967714309692 -0.6345418691635132 1.4705520868301392
v -0.515597403049469 -0.4670368731021881 1.4883681535720825
v -0.5264143943786621 -0.4102945625782013 1.3166593313217163
v -0.5493180751800537 -0.7482297420501709 1.498224139213562
v -0.5405716896057129 -0.6875909566879272 1.51858651638031
v -0.5255378484725952 -0.42645835876464844 1.4373728036880493
v -0.5310536026954651 -0.6345418691635132 1.5236862897872925
v -0.5212296843528748 -0.4892597198486328 1.5251213312149048
v -0.5357260704040527 -0.37473756074905396 1.2299202680587769
v -0.5456613302230835 -0.37029311060905457 1.4840420484542847
v -0.5343676805496216 -0.4188025891780853 1.5747696161270142
v -0.5518045425415039 -0.36036837100982666 1.3811956644058228
v -0.5406675934791565 -0.37085700035095215 1.308966040611267
v -0.5394697785377502 -0.700228214263916 1.581494688987732
v -0.5485986471176147 -0.6159464120864868 1.588833212852478
v -0.5316083431243896 -0.4761427938938141 1.5788747072219849
v -0.553039014339447 -0.3426564931869507 1.2711728811264038
v -0.5821964740753174 -0.31638777256011963 1.4371837377548218
v -0.5501281023025513 -0.3692971467971802 1.5736502408981323
v -0.578058660030365 -0.4271123707294464 1.7065078020095825
v -0.5908823609352112 -0.3163227140903473 1.3509856462478638
v -0.5950890779495239 -0.3098044693470001 1.2550042867660522
v -0.5845970511436462 -0.3162480592727661 1.4949983358383179
v -0.5597325563430786 -0.3411620855331421 1.5083204507827759
v -0.5831679701805115 -0.36360710859298706 1.6881881952285767
v -0.5818840265274048 -0.586294412612915 1.6721619367599487
v -0.5711640119552612 -0.4859341084957123 1.684484839439392
v -0.5620843172073364 -0.3196532428264618 1.165778398513794
v -0.6359217166900635 -0.30512744188308716 1.4405235052108765
v -0.6164946556091309 -0.30322256684303284 1.502597451210022
v -0.5968694686889648 -0.31349116563796997 1.584527850151062
v -0.6497946977615356 -0.30901774764060974 1.3510948419570923
v -0.846796989440918 -0.3049127459526062 1.3417712450027466
v -0.8283975124359131 -0.2990754246711731 1.535378336906433
v -0.6672012805938721 -0.3040638864040375 1.6015690565109253
v -0.7435222268104553 -0.2991243302822113 1.061432123184204
v -0.8728692531585693 -0.30450719594955444 1.0923410654067993
v -0.988620400428772 -0.2953067719936371 1.48796808719635
v -0.9772781133651733 -0.30024316906929016 1.5773082971572876
v -0.8599931001663208 -0.29921644926071167 0.9629954099655151
v -0.9725820422172546 -0.3077336549758911 1.2804361581802368
v -1.0707170963287354 -0.30068910121917725 1.5478686094284058
v -1.057516098022461 -0.29981595277786255 1.4249972105026245
v -0.9998282790184021 -0.2953239381313324 1.0886629819869995
v -1.0601325035095215 -0.3158884048461914 1.6614972352981567
v -1.0594614744186401 -0.29955193400382996 1.3173872232437134
v -1.0325067043304443 -0.2951911687850952 1.1517369747161865
v -1.035240650177002 -0.2899121940135956 1.0518981218338013
v -1.105841875076294 -0.30179131031036377 1.516640067100525
v -1.1091885566711426 -0.305641770362854 1.6352137327194214
v -1.025907039642334 -0.30563461780548096 1.25603187084198
v -1.1257874965667725 -0.2901918292045593 1.4438396692276
v -1.0778889656066895 -0.2663962244987488 1.1227160692214966
v -0.9955873489379883 -0.2948840856552124 0.9738774299621582
v -1.1308954954147339 -0.29222238063812256 1.563400387763977
v -1.1393160820007324 -0.2658909559249878 1.6811856031417847
v -1.1025618314743042 -0.26594680547714233 1.2843767404556274
v -1.1208604574203491 -0.2617155909538269 1.3625885248184204
v -1.074094533920288 -0.29058992862701416 1.2327319383621216
v -1.0869371891021729 -0.2627229690551758 1.1918209791183472
v -1.0719196796417236 -0.26319921016693115 1.0533469915390015
v -1.0709975957870483 -0.26471441984176636 0.999413013458252
v -1.003286361694336 -0.30278560519218445 0.9187222719192505
v -1.1443747282028198 -0.265476256608963 1.4541407823562622
v -1.1510632038116455 -0.26319921016693115 1.552594780921936
v -1.154484510421753 -0.26319921016693115 1.6091781854629517
v -1.077694058418274 -0.21393942832946777 1.1602624654769897
v -1.0423476696014404 -0.28918349742889404 0.9488239288330078
v -0.9890566468238831 -0.31273674964904785 0.8574390411376953
v -1.1465847492218018 -0.21237660944461823 1.6154578924179077
v -1.12179696559906 -0.20740467309951782 1.3735543489456177
v -1.13224458694458 -0.19957663118839264 1.465804934501648
v -1.0951642990112305 -0.21034936606884003 1.263374924659729
v -1.0779078006744385 -0.20653262734413147 0.9930676221847534
v -1.0834200382232666 -0.26319921016693115 0.9227148294448853
v -1.0640543699264526 -0.30163657665252686 0.8770101070404053
v -1.150322675704956 -0.2101501226425171 1.6733583211898804
v -1.0708972215652466 -0.15819641947746277 1.1837431192398071
v -1.0390009880065918 -0.3094567060470581 0.8302502632141113
v -1.1441998481750488 -0.15710127353668213 1.6164551973342896
v -1.1202975511550903 -0.14950841665267944 1.4114574193954468
v -1.0764706134796143 -0.15734867751598358 0.9986777305603027
v -1.0901113748550415 -0.1620224267244339 0.9237645864486694
v -1.1128857135772705 -0.2666130065917969 0.8508468866348267
v -1.135318398475647 -0.157765731215477 1.5446475744247437
v -1.114316701889038 -0.10472431778907776 1.3115729093551636
v -1.0916311740875244 -0.10164058953523636 1.0868932008743286
v -1.1196318864822388 -0.2101501226425171 0.8537077903747559
v -1.0857609510421753 -0.2972608804702759 0.8051968812942505
v -1.1432507038116455 -0.1035441905260086 1.44050133228302
v -1.0940552949905396 -0.10008115321397781 1.1677883863449097
v -1.10591721534729 -0.10016173124313354 0.9639608860015869
v -1.14901602268219 -0.15665362775325775 0.8168278932571411
v -1.1318150758743286 -0.2562819719314575 0.7799167633056641
v -1.1492550373077393 -0.0776594877243042 1.3730124235153198
v -1.1208548545837402 -0.07867372035980225 1.2076784372329712
v -1.142561674118042 -0.059150099754333496 1.1358647346496582
v -1.139215111732483 -0.06237494945526123 1.0172910690307617
v -1.130482792854309 -0.1021086573600769 0.8996798992156982
v -1.1387965679168701 -0.2101501226425171 0.7800325155258179
v -1.1074676513671875 -0.29134833812713623 0.733383059501648
v -1.184078335762024 -0.08896980434656143 1.572560429573059
v -1.1545490026474 -0.06709256023168564 1.2730027437210083
v -1.191943883895874 -0.06863699108362198 1.4500240087509155
v -1.117508053779602 -0.07185256481170654 1.089104413986206
v -1.1817573308944702 -0.04436398670077324 0.9877675771713257
v -1.1694108247756958 -0.057301878929138184 0.9409288167953491
v -1.176063060760498 -0.19935214519500732 0.7490826845169067
v -1.1791226863861084 -0.10309416055679321 0.8157017230987549
v -1.15611732006073 -0.2642098665237427 0.7096379995346069
v -1.2001850605010986 -0.05302762985229492 1.3457249402999878
v -1.172720193862915 -0.05242788791656494 1.1798897981643677
v -1.1563048362731934 -0.04979735612869263 1.0558210611343384
v -1.1860376596450806 -0.052518367767333984 0.8739862442016602
v -1.1933263540267944 -0.15715064108371735 0.758044958114624
v -1.2347831726074219 -0.05505107343196869 1.5122944116592407
v -1.2039155960083008 -0.05060001090168953 1.2551225423812866
v -1.2259552478790283 -0.05035911127924919 1.3988760709762573
v -1.1829372644424438 -0.0489116907119751 1.114232063293457
v -1.2057042121887207 0.00812838226556778 0.9304642677307129
v -1.213483214378357 0.0046902066096663475 1.0548341274261475
v -1.207584261894226 -0.1672193706035614 0.6942806243896484
v -1.2032405138015747 -0.051003336906433105 0.8012747764587402
v -1.2476445436477661 0.001208160538226366 1.3753317594528198
v -1.2143754959106445 -0.03204643726348877 1.1575714349746704
v -1.2044135332107544 0.009673569351434708 0.8027510643005371
v -1.2064270973205566 -0.10734757035970688 0.7297862768173218
v -1.2433544397354126 0.003244024235755205 1.2311955690383911
v -1.2293283939361572 0.002045750617980957 1.149559736251831
v -1.2205023765563965 0.07212325930595398 1.077496886253357
v -1.2056100368499756 -0.09413837641477585 0.4733670949935913
v -1.2415701150894165 0.05343407392501831 1.227610468864441
v -1.2033147811889648 0.12150272727012634 0.5915393829345703
v -0.601481556892395 -0.6060687303543091 0.4623016119003296
v -0.5922593474388123 -0.5804497599601746 0.6812833547592163
v -0.5981554985046387 -0.6714185476303101 0.4649137258529663
v -0.6189672946929932 -0.48738986253738403 0.496171236038208
v -0.5918793082237244 -0.6513141989707947 0.5715081691741943
v -0.5615893006324768 -0.6367864012718201 0.4239029884338379
v -0.6060464978218079 -0.5316110849380493 0.6112213134765625
v -0.6103396415710449 -0.47637900710105896 0.45852017402648926
v -0.591213047504425 -0.6860405802726746 0.7001261711120605
v -0.58884596824646 -0.5728321671485901 0.4372725486755371
v -0.6088529229164124 -0.4722506105899811 0.5577023029327393
v -0.6052334308624268 -0.4767177104949951 0.6759457588195801
v -0.6097012758255005 -0.42848482728004456 0.47422611713409424
v -0.5676601529121399 -0.5860207080841064 0.8142894506454468
v -0.5801085829734802 -0.8164510726928711 0.7133324146270752
v -0.5577530860900879 -0.4302225708961487 0.42692887783050537
v -0.5766767263412476 -0.47719642519950867 0.8481271266937256
v -0.5871642827987671 -0.43726450204849243 0.4339611530303955
v -0.5596814155578613 -0.6631553173065186 0.8378801345825195
v -0.567034125328064 -0.5404219031333923 0.8669290542602539
v -0.5580688118934631 -0.7877405285835266 0.816220760345459
v -0.5221215486526489 -0.4279259443283081 0.4316812753677368
v -0.586063027381897 -0.3692971467971802 0.5373530387878418
v -0.5715932250022888 -0.36680737137794495 0.6383939981460571
v -0.5681315660476685 -0.36979907751083374 0.7797756195068359
v -0.5863478779792786 -0.3692971467971802 0.47094035148620605
v -0.5296436548233032 -0.3695523738861084 0.4412156343460083
v -0.5490572452545166 -0.4753950834274292 0.9160928726196289
v -0.5670580863952637 -0.4216673970222473 0.8442692756652832
v -0.603966236114502 -0.31809574365615845 0.458072304725647
v -0.6113481521606445 -0.3169795870780945 0.5795160531997681
v -0.5989195108413696 -0.3120118975639343 0.6891332864761353
v -0.562332272529602 -0.3599203824996948 0.842436671257019
v -0.5326686501502991 -0.31096699833869934 0.44303274154663086
v -0.6352592706680298 -0.318878173828125 0.5049178600311279
v -0.6460577249526978 -0.31224727630615234 0.5461646318435669
v -0.5863070487976074 -0.32986119389533997 0.6536712646484375
v -0.5967291593551636 -0.3231431245803833 0.7662960290908813
v -0.5431572794914246 -0.42234599590301514 0.9154797792434692
v -0.6083515882492065 -0.31474384665489197 0.8166422843933105
v -0.5484310984611511 -0.3692971467971802 0.9173785448074341
v -0.579334020614624 -0.2628338634967804 0.4260590076446533
v -0.6732386946678162 -0.30683720111846924 0.48456907272338867
v -0.6627203226089478 -0.26319921016693115 0.5772640705108643
v -0.6303777098655701 -0.2637723684310913 0.6280992031097412
v -0.6216709017753601 -0.26319921016693115 0.6927489042282104
v -0.6344172954559326 -0.2708519697189331 0.7461031675338745
v -0.5903778076171875 -0.31631988286972046 0.8902852535247803
v -0.6460402607917786 -0.27094709873199463 0.43380558490753174
v -0.6869938969612122 -0.26319921016693115 0.5309512615203857
v -0.6582257151603699 -0.2974740266799927 0.7935304641723633
v -0.5310009717941284 -0.3734392523765564 1.0013185739517212
v -0.6615725159645081 -0.305172324180603 0.9121041297912598
v -0.5731358528137207 -0.3175475597381592 0.9667857885360718
v -0.7033778429031372 -0.26319921016693115 0.4684208631515503
v -0.6579252481460571 -0.2101501226425171 0.5571277141571045
v -0.6240586638450623 -0.2101501226425171 0.6914695501327515
v -0.6324740052223206 -0.20452772080898285 0.746700644493103
v -0.6832790970802307 -0.3114966154098511 0.8402904272079468
v -0.6626520752906799 -0.25562405586242676 0.79115891456604
v -0.6158720850944519 -0.30364811420440674 0.9365919828414917
v -0.6881381273269653 -0.2101501226425171 0.5123776197433472
v -0.6300694942474365 -0.2101501226425171 0.6282768249511719
v -0.7299280762672424 -0.26319921016693115 0.8155180215835571
v -0.5784511566162109 -0.31197404861450195 1.009790062904358
v -0.7505570650100708 -0.31462663412094116 0.8633910417556763
v -0.7726166844367981 -0.29926079511642456 0.9596245288848877
v -0.6482021808624268 -0.29957205057144165 0.9935686588287354
v -0.7067281007766724 -0.2101501226425171 0.46662580966949463
v -0.6915442943572998 -0.1546924114227295 0.5332756042480469
v -0.6590843200683594 -0.14937126636505127 0.6042724847793579
v -0.6498004794120789 -0.15710127353668213 0.7378610372543335
v -0.6507830619812012 -0.15140604972839355 0.6722922325134277
v -0.6592574119567871 -0.2101501226425171 0.7996633052825928
v -0.7149037718772888 -0.2089681327342987 0.8299944400787354
v -0.6612409949302673 -0.16700339317321777 0.7919149398803711
v -0.7280133366584778 -0.10159793496131897 0.5760867595672607
v -0.7108498811721802 -0.09855203330516815 0.6742144823074341
v -0.6799324750900269 -0.1215282678604126 0.7217167615890503
v -0.7090797424316406 -0.10669636726379395 0.7662836313247681
v -0.7111930847167969 -0.15710127353668213 0.8253344297409058
v -0.763229489326477 -0.07309070974588394 0.6394134759902954
v -0.8625687956809998 -0.08051956444978714 0.5035535097122192
v -0.7390185594558716 -0.15710127353668213 0.8319958448410034
v -0.7780248522758484 -0.07186737656593323 0.7279759645462036
v -0.8101481199264526 -0.05686139315366745 0.6391075849533081
v -0.7300393581390381 -0.1262909173965454 0.8152369260787964
v -0.7696380615234375 -0.10153251886367798 0.798662543296814
v -0.9922407865524292 0.176216721534729 0.8553037643432617
v -1.0043569803237915 0.2097495198249817 0.9126420021057129
v -1.0640543699264526 0.17736899852752686 0.8770101070404053
v -0.945480465888977 0.18670809268951416 0.8803572654724121
v -1.14382803440094 0.2117166966199875 0.9142122268676758
v -0.9671441316604614 0.17381490767002106 0.8095978498458862
v -0.9615448713302612 0.214241623878479 0.9103400707244873
v -0.970905065536499 0.2603458762168884 0.9168349504470825
v -1.1358678340911865 0.19019782543182373 0.8987170457839966
v -0.9204269051551819 0.1848047971725464 0.83359694480896
v -0.9204947352409363 0.214241623878479 0.8937443494796753
v -1.1464362144470215 0.2725180685520172 0.9192363023757935
v -1.1852754354476929 0.214241623878479 0.9324288368225098
v -0.8921862840652466 0.214241623878479 0.8487279415130615
v -0.8883568048477173 0.2109074592590332 0.7792466878890991
v -1.0474350452423096 0.41607916355133057 0.9150217771530151
v -0.9139506816864014 0.2671397924423218 0.897097110748291
v -0.9663802981376648 0.42059704661369324 0.91131591796875
v -1.1450018882751465 0.4365873336791992 0.9154719114303589
v -1.1836917400360107 0.2842007875442505 0.9329442977905273
v -0.8758337497711182 0.26767057180404663 0.7838720083236694
v -0.8835588693618774 0.2665659189224243 0.8528519868850708
v -1.0886285305023193 0.48309004306793213 0.9228756427764893
v -1.1906440258026123 0.4154667258262634 0.9295620918273926
v -0.9196878671646118 0.4205333888530731 0.8944213390350342
v -1.0290061235427856 0.4794865846633911 0.923923134803772
v -1.182102918624878 0.5117897391319275 0.9333124160766602
v -1.1481106281280518 0.5325354337692261 0.9215672016143799
v -1.2204828262329102 0.40715891122817993 0.9739183187484741
v -0.890580952167511 0.46545568108558655 0.8502007722854614
v -0.9107023477554321 0.4794865846633911 0.8989909887313843
v -0.9734948873519897 0.4810105562210083 0.9242525100708008
v -1.0453990697860718 0.5256317853927612 0.9545191526412964
v -1.2127188444137573 0.4794865846633911 0.9779086112976074
v -1.0954301357269287 0.5325354337692261 0.935570240020752
v -0.9955873489379883 0.5227037668228149 0.9738774299621582
v -1.1568326950073242 0.5953279733657837 0.9378461837768555
v -1.2136259078979492 0.5325354337692261 0.9774227142333984
v -1.2343735694885254 0.42722246050834656 1.161682367324829
v -0.8993142247200012 0.5342113375663757 0.9060916900634766
v -0.9237735271453857 0.5111247301101685 0.952170729637146
v -0.9488270878791809 0.5195633172988892 0.9989310503005981
v -1.0213959217071533 0.5395662188529968 1.0173711776733398
v -1.0674011707305908 0.5646153688430786 0.99558424949646
v -1.1789963245391846 0.5855845212936401 0.9357930421829224
v -1.2125552892684937 0.5855845212936401 0.9779962301254272
v -1.2192238569259644 0.48681697249412537 1.0529582500457764
v -1.101337194442749 0.5892481207847595 0.9730930328369141
v -0.8883885145187378 0.6096863746643066 0.8634728193283081
v -1.211208701133728 0.5858947038650513 1.039049506187439
v -1.2214192152023315 0.5332034230232239 1.0511043071746826
v -1.1859749555587769 0.6182411909103394 0.9922376871109009
v -1.213930606842041 0.4792432188987732 1.1572343111038208
v -0.9032480716705322 0.5325354337692261 0.9631679058074951
v -0.8955212831497192 0.5855845212936401 0.902686357498169
v -0.9764574766159058 0.5289583206176758 1.0462164878845215
v -1.0456944704055786 0.5482491254806519 1.0673980712890625
v -1.1369308233261108 0.6160368323326111 1.0168253183364868
v -1.2092787027359009 0.5325354337692261 1.100118637084961
v -0.8979340195655823 0.6416767835617065 0.9048857688903809
v -0.9077979326248169 0.5370618104934692 1.0209139585494995
v -1.0036762952804565 0.5310431718826294 1.089910864830017
v -1.168338656425476 0.5916827917098999 1.0716475248336792
v -1.192609429359436 0.5437502861022949 1.1165921688079834
v -0.8826100826263428 0.585695743560791 1.0082834959030151
v -0.9209944009780884 0.5317116975784302 1.0690135955810547
v -1.07074773311615 0.5477041006088257 1.1141579151153564
v -1.12461256980896 0.5810699462890625 1.08529794216156
v -1.1676151752471924 0.5063008069992065 1.1826249361038208
v -0.9762069582939148 0.5088744759559631 1.1610124111175537
v -1.0259006023406982 0.5207487344741821 1.1372809410095215
v -1.1459920406341553 0.536207377910614 1.1497728824615479
v -1.0959749221801758 0.5227339267730713 1.1595877408981323
v -1.1208548545837402 0.5006567239761353 1.2076784372329712
v -1.0361785888671875 0.5003639459609985 1.192116379737854
v -0.9629403352737427 0.4932037591934204 1.2421268224716187
v -1.074094533920288 0.4969693422317505 1.2327319383621216
v -1.1508811712265015 -0.2897716760635376 0.5897554159164429
v -1.1291744709014893 -0.297183632850647 0.6615691184997559
v -1.1041209697723389 -0.3022345304489136 0.6148089170455933
v -1.1728763580322266 -0.2644037902355194 0.5962100028991699
v -1.1258277893066406 -0.305944561958313 0.5429954528808594
v -1.1727279424667358 -0.26328253746032715 0.5180841684341431
v -1.1929736137390137 -0.20086778700351715 0.44845259189605713
v -1.0542012453079224 0.10571012645959854 0.4121793508529663
v -1.0061100721359253 -0.0546797513961792 0.4186321496963501
v -0.9409905672073364 -0.051003336906433105 0.42266786098480225
v -0.9104024171829224 0.0029230108484625816 0.41946399211883545
v -0.8362511992454529 -0.052871763706207275 0.4305441379547119
v -0.933462917804718 0.1081448495388031 0.4167870283126831
v -0.910386323928833 -0.08559787273406982 0.4778752326965332
v -0.7899451851844788 -0.045959051698446274 0.41943061351776123
v -0.7770993709564209 0.13068880140781403 0.41654419898986816
v -0.8385730981826782 -0.0769127607345581 0.4561687707901001
v -0.8625687956809998 -0.08051956444978714 0.5035535097122192
v -0.7676278948783875 -0.10405218601226807 0.42833101749420166
v -0.7967776656150818 -0.10652413964271545 0.48505568504333496
v -0.9354398846626282 -0.08968150615692139 0.5246355533599854
v -1.1475341320037842 -0.29670703411102295 0.47118186950683594
v -1.0757207870483398 -0.29844510555267334 0.44947493076324463
v -1.1250309944152832 -0.2699824571609497 0.41987478733062744
v -1.1007742881774902 -0.31320273876190186 0.4962352514266968
v -1.1702070236206055 0.10290957987308502 0.39100706577301025
v -1.196967363357544 0.12932448089122772 0.44722986221313477
v -1.2035268545150757 -0.10024645179510117 0.4500288963317871
v -1.169240951538086 0.1362546682357788 0.3993680477142334
v -1.2056100368499756 -0.09413837641477585 0.4733670949935913
v -1.167961597442627 -0.09645677357912064 0.4031214714050293
v -1.1096493005752563 0.10575464367866516 0.39508795738220215
v -1.1255346536636353 0.16273534297943115 0.4219309091567993
v -1.2036049365997314 -0.15713103115558624 0.5066065788269043
v -1.2033147811889648 0.12150272727012634 0.5915393829345703
v -1.1640644073486328 -0.21130846440792084 0.4033091068267822
v -1.1929736137390137 -0.20086778700351715 0.44845259189605713
v -1.207584261894226 -0.1672193706035614 0.6942806243896484
v -1.108540654182434 -0.11992489546537399 0.4015709161758423
v -1.1088422536849976 -0.2101501226425171 0.3989666700363159
v -1.1719839572906494 -0.26319921016693115 0.4580819606781006
v -1.1727279424667358 -0.26328253746032715 0.5180841684341431
v -1.173493504524231 0.159277081489563 0.7559374570846558
v -1.1213839054107666 0.17480622231960297 0.7936182022094727
v -1.1593469381332397 0.1621924638748169 0.8282942771911621
v -1.1074676513671875 0.1830829381942749 0.733383059501648
v -1.1108142137527466 0.17382681369781494 0.8519567251205444
v -1.1970293521881104 0.10894086211919785 0.7670167684555054
v -1.043412446975708 0.18057429790496826 0.682007908821106
v -1.1542279720306396 0.18768346309661865 0.708329439163208
v -0.9671441316604614 0.17381490767002106 0.8095978498458862
v -1.1766117811203003 0.1536417007446289 0.8768869638442993
v -1.200469970703125 0.11038773506879807 0.9020813703536987
v -1.19171142578125 0.16119277477264404 0.6791728734970093
v -0.9651262164115906 0.17713795602321625 0.6949481964111328
v -1.129326343536377 0.20030079782009125 0.6591809988021851
v -1.0640543699264526 0.17736899852752686 0.8770101070404053
v -1.1358678340911865 0.19019782543182373 0.8987170457839966
v -1.2057042121887207 0.00812838226556778 0.9304642677307129
v -0.938787043094635 0.17921245098114014 0.6432094573974609
v -1.0432831048965454 0.17969773709774017 0.5236399173736572
v -1.1759346723556519 0.18978893756866455 0.6365156173706055
v -0.9245323538780212 0.18138739466667175 0.7268916368484497
v -1.2044135332107544 0.009673569351434708 0.8027510643005371
v -1.198637843132019 0.15982164442539215 0.59246826171875
v -0.8911198973655701 0.2127310037612915 0.6677162647247314
v -0.9635294079780579 0.1796649694442749 0.5817806720733643
v -1.1007742881774902 0.18539607524871826 0.4962352514266968
v -1.1505500078201294 0.200974702835083 0.588157057762146
v -0.8883568048477173 0.2109074592590332 0.7792466878890991
v -1.1899628639221191 0.16119277477264404 0.5086326599121094
v -0.8959012031555176 0.21257981657981873 0.5677821636199951
v -0.9137335419654846 0.1914900541305542 0.5964492559432983
v -0.9354398846626282 0.18414509296417236 0.5246355533599854
v -1.0745075941085815 0.16318297386169434 0.4472106695175171
v -0.8866379261016846 0.214241623878479 0.7313334941864014
v -1.1725876331329346 0.1820281744003296 0.5179420709609985
v -0.8877852559089661 0.26069438457489014 0.5522619485855103
v -0.9822001457214355 0.1779557466506958 0.49958205223083496
v -1.0289604663848877 0.1749635934829712 0.474528431892395
v -0.8758337497711182 0.26767057180404663 0.7838720083236694
v -1.1817121505737305 0.16119277477264404 0.4528697729110718
v -0.8968082666397095 0.2720247209072113 0.48604846000671387
v -0.909542977809906 0.2130270004272461 0.47832703590393066
v -1.1475341320037842 0.1845630407333374 0.47118186950683594
v -1.0144879817962646 0.16119277477264404 0.4475167989730835
v -0.9101110696792603 0.4231793284416199 0.475083589553833
v -0.9642950892448425 0.16374719142913818 0.44401657581329346
v -0.8801273703575134 0.24848666787147522 0.4330763816833496
v -0.884540319442749 0.3237285614013672 0.4315401315689087
v -0.9037359356880188 0.15902388095855713 0.4201744794845581
v -1.0181922912597656 0.11731253564357758 0.41784369945526123
v -0.8859468698501587 0.3733886480331421 0.4209432601928711
v -0.807792603969574 0.24296629428863525 0.4220774173736572
v -0.822435736656189 0.320339560508728 0.42604970932006836
v -0.8227223753929138 0.3712758421897888 0.42633628845214844
v -0.6341454386711121 0.31725409626960754 0.42236971855163574
v -0.767449140548706 0.3225976228713989 0.4335595369338989
v -0.8152987957000732 0.44209951162338257 0.418140172958374
v -0.7112711668014526 0.3712227940559387 0.4655369520187378
v -0.7722346782684326 0.42643749713897705 0.44468140602111816
v -0.7199617624282837 0.47168517112731934 0.4555269479751587
v -0.7088687419891357 0.42706018686294556 0.4762512445449829
v -0.3556244969367981 1.2272515296936035 -0.6025028228759766
v -0.5267884731292725 -0.1304907202720642 0.4417048692703247
v -0.48196616768836975 -0.20083576440811157 0.4658827781677246
v -0.5788496732711792 -0.07977012544870377 0.4252878427505493
v -0.48946237564086914 -0.3028876483440399 0.4776928424835205
v -0.48140907287597656 -0.047003865242004395 0.4674980640411377
v -0.45460689067840576 -0.2879416048526764 0.4822087287902832
v -0.414869487285614 -0.13322778046131134 0.4421830177307129
v -0.6534425020217896 -0.03540441766381264 0.4179178476333618
v -0.48554158210754395 0.004384439904242754 0.4604130983352661
v -0.41326773166656494 -0.2726781666278839 0.44361603260040283
v -0.4885125160217285 -0.3692971467971802 0.4767754077911377
v -0.4110996127128601 -0.051003336906433105 0.4406994581222534
v -0.5836944580078125 0.006594620645046234 0.42988812923431396
v -0.42734912037849426 0.01630382239818573 0.4365793466567993
v -0.5242986679077148 0.013940151780843735 0.45435523986816406
v -0.4437159597873688 -0.36656245589256287 0.4850732088088989
v -0.4780037999153137 -0.4743141531944275 0.45420730113983154
v -0.39257845282554626 -0.2114788293838501 0.38658571243286133
v -0.641281247138977 0.14333170652389526 0.41472136974334717
v -0.7899451851844788 -0.045959051698446274 0.41943061351776123
v -0.42880481481552124 0.13025197386741638 0.4349343776702881
v -0.4765717387199402 0.20687715709209442 0.45511460304260254
v -0.40234819054603577 -0.42234599590301514 0.4491581916809082
v -0.3891550302505493 -0.3479953110218048 0.40337443351745605
v -0.5808348655700684 0.17963889241218567 0.4257621765136719
v -0.7770993709564209 0.13068880140781403 0.41654419898986816
v -0.5226686596870422 0.31589460372924805 0.4474036693572998
v -0.4227767586708069 -0.42234599590301514 0.46641242504119873
v -0.4777013063430786 -0.5814930200576782 0.4565972089767456
v -0.6341454386711121 0.31725409626960754 0.42236971855163574
v -0.42463454604148865 0.2579631507396698 0.4369877576828003
v -0.41182154417037964 -0.4730478525161743 0.4440823793411255
v -0.38112932443618774 -0.42780202627182007 0.39444661140441895
v -0.4245710074901581 -0.5284439325332642 0.4372514486312866
v -0.584230363368988 0.320339560508728 0.43076932430267334
v -0.420803427696228 -0.6181091666221619 0.4405369758605957
v -0.404348760843277 -0.5371277928352356 0.38965094089508057
v -0.38750404119491577 -0.698996901512146 0.3943037986755371
v -0.3782995343208313 -0.670632004737854 0.3429504632949829
v -0.39170223474502563 -0.8326470255851746 0.3261615037918091
v -0.5659371018409729 0.7034841775894165 0.06390774250030518
v -0.47111278772354126 -0.9428486824035645 0.448988676071167
v -0.41031551361083984 -0.9079592823982239 0.4446827173233032
v -0.4240148365497589 -0.8423985242843628 0.43786168098449707
v -0.4338243007659912 -1.110251545906067 0.43145203590393066
v -0.39768660068511963 -0.8471081256866455 0.39175212383270264
v -0.4706987142562866 -0.8300140500068665 0.4434518814086914
v -0.4614987075328827 -1.1100050210952759 0.43201470375061035
v -0.40478888154029846 -1.108328104019165 0.3778197765350342
v -0.39678364992141724 -0.9700115323066711 0.38780391216278076
v -0.5218107104301453 -0.8606975674629211 0.4275606870651245
v -0.41643065214157104 -0.6917241215705872 0.4420030117034912
v -0.5191463828086853 -1.0537378787994385 0.4251577854156494
v -0.47222983837127686 -1.166425347328186 0.44738948345184326
v -0.41414597630500793 -1.170481562614441 0.44657933712005615
v -0.544238269329071 -0.7335830926895142 0.42831575870513916
v -0.4732494354248047 -0.7406398057937622 0.44828808307647705
v -0.5121707916259766 -1.1119827032089233 0.4086040258407593
v -0.4002366065979004 -1.1657177209854126 0.32984769344329834
v -0.3959958553314209 -1.1646146774291992 0.13172638416290283
v -0.5617073774337769 -0.9113526344299316 0.42459821701049805
v -0.4841761589050293 -0.6363030672073364 0.46496665477752686
v -0.5646997094154358 -1.105969786643982 0.4246424436569214
v -0.4788947105407715 -1.1650315523147583 0.468328595161438
v -0.5111892223358154 -1.1650315523147583 0.4067718982696533
v -0.3818177580833435 -1.2196615934371948 0.3822057247161865
v -0.5889495611190796 -0.7936888933181763 0.4395773410797119
v -0.5233803391456604 -0.6880204677581787 0.43043291568756104
v -0.43609100580215454 -1.1454488039016724 0.4912623167037964
v -0.529611349105835 -1.1930803060531616 0.4411553144454956
v -0.3897278606891632 -1.2194620370864868 0.5008299350738525
v -0.601391077041626 -0.7650888562202454 0.4640094041824341
v -0.5869988203048706 -0.8780595660209656 0.4348036050796509
v -0.5537598729133606 -0.6875909566879272 0.428216814994812
v -0.5869898796081543 -1.1083595752716064 0.43559110164642334
v -0.5237483978271484 -0.5814930200576782 0.4302126169204712
v -0.5590477585792542 -1.1650315523147583 0.42538368701934814
v -0.45895320177078247 -1.1665432453155518 0.5339325666427612
v -0.4260067045688629 -1.1650315523147583 0.496665358543396
v -0.5079046487808228 -1.198006272315979 0.5129691362380981
v -0.5951167941093445 -1.1650315523147583 0.46624207496643066
v -0.5546649694442749 -1.201318621635437 0.48791563510894775
v -0.41438427567481995 -1.1947795152664185 0.5630761384963989
v -0.6098803281784058 -0.8962973952293396 0.4670325517654419
v -0.605228841304779 -1.1257805824279785 0.46093010902404785
v -0.4861981272697449 -1.1889539957046509 0.5847829580307007
v -0.5329582095146179 -1.2086585760116577 0.5597294569015503
v -0.38301733136177063 -1.2226568460464478 0.5844675302505493
v -0.5986028909683228 -0.7581017017364502 0.5347634553909302
v -0.6075993180274963 -1.1650315523147583 0.519737720489502
v -0.5797184705734253 -1.1977788209915161 0.5346759557723999
v -0.4394378364086151 -1.1901079416275024 0.6098364591598511
v -0.6146827936172485 -1.1101239919662476 0.4912557601928711
v -0.51125168800354 -1.1966146230697632 0.6315432786941528
v -0.6103836297988892 -1.168213963508606 0.5877478122711182
v -0.4007452726364136 -1.2227603197097778 0.6305674314498901
v -0.5910533666610718 -0.9377772212028503 0.6781550645828247
v -0.5883135795593262 -0.8187889456748962 0.665756344795227
v -0.5580117702484131 -1.209180474281311 0.6064897775650024
v -0.614159345626831 -1.1110403537750244 0.6289992332458496
v -0.6167367100715637 -1.1650315523147583 0.6352088451385498
v -0.5761088132858276 -0.9141368865966797 0.7289637327194214
v 0.014759495854377747 -1.2324819564819336 -0.6525644063949585
v 0.1432042270898819 -1.2209192514419556 -0.5955552458763123
v -0.05465364456176758 -1.2160059213638306 -0.45283499360084534
v -0.15241876244544983 -1.2274924516677856 -0.5286804437637329
v 0.0037061870098114014 -1.2143471240997314 -0.43702107667922974
v -0.0764879435300827 -1.2284340858459473 -0.5248973369598389
v -0.2535478174686432 -1.2186853885650635 -0.614388108253479
v -0.027115583419799805 -1.2211436033248901 -0.300065279006958
v -0.23728910088539124 -1.2215505838394165 -0.6660760641098022
v -0.28022468090057373 -1.2242040634155273 -0.5701544880867004
v -0.17028272151947021 -1.224507212638855 -0.4444723129272461
v -0.3091024160385132 -1.2224503755569458 -0.64436936378479
v -0.33415597677230835 -1.230296015739441 -0.5976090431213379
v -0.3026387393474579 -1.2343978881835938 -0.5217286348342896
v -0.3413882255554199 -1.2164466381072998 -0.3647381067276001
v -0.3706832528114319 -1.2170321941375732 -0.6705228090286255
v -0.355445921421051 -1.222285509109497 -0.4268980920314789
v -0.38800930976867676 -1.2404296398162842 -0.49924662709236145
v 0.502973735332489 -0.32303300499916077 0.519652247428894
v 0.4623931050300598 -0.32335221767425537 0.6115573644638062
v 0.5091531872749329 -0.3194493055343628 0.6366108655929565
v 0.44068634510040283 -0.3338128328323364 0.5397435426712036
v 0.4373396635055542 -0.334680438041687 0.6583174467086792
v 0.6208879947662354 -0.3239585757255554 0.6989604234695435
v 0.4175536632537842 -0.3667101263999939 0.5400642156600952
v 0.46573978662490845 -0.3244665861129761 0.49298346042633057
v 0.4821892976760864 -0.31709447503089905 0.6891525983810425
v 0.41709983348846436 -0.36733001470565796 0.657471776008606
v 0.6175071001052856 -0.3246539235115051 0.5525857210159302
v 0.4907933473587036 -0.31988728046417236 0.4462231397628784
v 0.4590461850166321 -0.3204880952835083 0.7301312685012817
v 0.6648422479629517 -0.3137717843055725 0.5937870740890503
v 0.6450561285018921 -0.32615727186203003 0.4355515241622925
v 0.5021541714668274 -0.3171456754207611 0.7565956115722656
v 0.41662919521331787 -0.3706185519695282 0.4682602882385254
v 0.41694360971450806 -0.4891611933708191 0.6289825439453125
v 0.5139690637588501 -0.3207962214946747 0.39018332958221436
v 0.415846049785614 -0.3669402599334717 0.7790426015853882
v 0.5041207671165466 -0.3158993721008301 0.8610833883285522
v 0.44403326511383057 -0.3308500051498413 0.4211697578430176
v 0.43399274349212646 -0.3360978364944458 0.7768913507461548
v 0.4556995630264282 -0.32073676586151123 0.8487051725387573
v 0.4142688512802124 -0.36610662937164307 0.9037978649139404
v 0.43064600229263306 -0.3369389772415161 0.8954654932022095
v 0.4181932210922241 -0.4773668050765991 0.8858029842376709
v 0.46291565895080566 -0.31677162647247314 0.9584436416625977
v 0.40720242261886597 -0.6045485734939575 1.1576149463653564
v 0.4153379797935486 -0.4598141312599182 1.061527132987976
v 0.48173511028289795 -0.3151906430721283 1.057644248008728
v 0.4116328954696655 -0.3664703667163849 1.015766978263855
v 0.4272992014884949 -0.3346511125564575 1.0140390396118164
v 0.4152710437774658 -0.4932846426963806 1.1681817770004272
v 0.4132084250450134 -0.3692971467971802 1.126856803894043
v 0.45529913902282715 -0.31757521629333496 1.0892248153686523
v 0.41529130935668945 -0.370121568441391 1.2029451131820679
v 0.4586717486381531 -0.31650468707084656 1.2006295919418335
v 0.42395228147506714 -0.34106695652008057 1.1326133012771606
v 0.7286338806152344 0.21681679785251617 0.40214216709136963
v 0.7529945373535156 0.18992531299591064 0.40615665912628174
v 0.7747013568878174 0.18143856525421143 0.4779703617095947
v 0.7771134376525879 0.1784362941980362 0.367531418800354
v 0.7430087327957153 0.21360991895198822 0.5711655616760254
v 0.7391558289527893 0.1888916790485382 0.21953368186950684
v 0.8015062808990479 0.17605045437812805 0.5484088659286499
v 0.7879720330238342 0.17337988317012787 0.27624356746673584
v 0.9148731231689453 0.17723803222179413 0.4190788269042969
v 0.7792017459869385 -0.051003336906433105 0.9618498086929321
v 0.8083059191703796 -0.051003336906433105 0.9172600507736206
v 0.7603254914283752 -0.10137438774108887 0.9534235000610352
v 0.747596025466919 -0.10405218601226807 1.0050994157791138
v 0.7631573677062988 -0.051003336906433105 1.0134369134902954
v 0.7830207347869873 -0.031296610832214355 1.0240795612335205
v 0.7382833957672119 -0.1087525263428688 1.1134411096572876
v 1.0255494117736816 0.16180837154388428 0.1276332139968872
v 1.0385864973068237 0.15972983837127686 0.20036852359771729
v 0.9837955236434937 0.1763681322336197 0.1909550428390503
v 0.8191279172897339 -0.19648486375808716 0.3860102891921997
v 0.8073338270187378 -0.21386969089508057 0.3149036169052124
v 0.7780481576919556 -0.24009335041046143 0.3593963384628296
v 0.8830405473709106 -0.15999408066272736 0.29197025299072266
v 0.7563415765762329 -0.2386258840560913 0.28758275508880615
v 0.8117578029632568 -0.2134859561920166 0.43120110034942627
v 0.8260537385940552 -0.20893144607543945 0.2697981595993042
v 0.9016643166542053 -0.16050530970096588 0.39187324047088623
v 0.7432481050491333 -0.27249303460121155 0.334894061088562
v 0.6911153793334961 -0.31147053837776184 0.3825267553329468
v 0.8508836030960083 -0.15710127353668213 0.22345519065856934
v 0.921675443649292 -0.13492071628570557 0.3159830570220947
v 0.7777465581893921 -0.2026047706604004 0.24763214588165283
v 0.7153738737106323 -0.2651212811470032 0.2643427848815918
v 0.8159438371658325 -0.2303103804588318 0.5484257936477661
v 0.742084264755249 -0.2729593515396118 0.5102747678756714
v 0.8999688625335693 -0.12539255619049072 0.24416935443878174
v 0.7787429094314575 -0.15710127353668213 0.23193883895874023
v 0.9433822631835938 -0.12995374202728271 0.38779664039611816
v 0.7215226888656616 -0.2101501226425171 0.2402416467666626
v 0.6781611442565918 -0.31740960478782654 0.3198336362838745
v 0.8932751417160034 -0.18908536434173584 0.48131728172302246
v 0.696081280708313 -0.3107416033744812 0.4982466697692871
v 0.8534210920333862 -0.10405218601226807 0.21958625316619873
v 0.920913815498352 -0.10405218601226807 0.2553912401199341
v 0.9242935180664062 -0.1592930555343628 0.43003571033477783
v 0.9596529006958008 -0.10295776277780533 0.34672653675079346
v 0.7260244488716125 -0.15710127353668213 0.23183941841125488
v 0.685675859451294 -0.19906045496463776 0.19723975658416748
v 0.6450561285018921 -0.32615727186203003 0.4355515241622925
v 0.8111574649810791 -0.23461677134037018 0.6215590238571167
v 0.8542996644973755 -0.21017241477966309 0.5309640169143677
v 0.6648422479629517 -0.3137717843055725 0.5937870740890503
v 0.9041966199874878 -0.10405218601226807 0.23627865314483643
v 0.9356822967529297 -0.10405218601226807 0.28984034061431885
v 0.9526509046554565 -0.10405218601226807 0.4529463052749634
v 0.9613053798675537 -0.10405218601226807 0.39739954471588135
v 0.9375112056732178 -0.15249383449554443 0.507339596748352
v 0.9670850038528442 -0.08522375673055649 0.22092211246490479
v 0.9467289447784424 -0.06520259380340576 0.2692227363586426
v 0.9494407176971436 -0.11184882372617722 0.504326343536377
v 0.9713699817657471 -0.0620729923248291 0.33895766735076904
v 0.679236650466919 -0.10405218601226807 0.19044530391693115
v 0.857211709022522 -0.2062833309173584 0.6470719575881958
v 0.8955443501472473 -0.1665586233139038 0.6029001474380493
v 0.9755795001983643 -0.051003336906433105 0.28468048572540283
v 0.9626145362854004 -0.049587368965148926 0.46066343784332275
v 0.9738385677337646 -0.051003336906433105 0.4041147232055664
v 0.6509532928466797 -0.10405218601226807 0.14729857444763184
v 0.8188923001289368 -0.25610995292663574 0.7294028997421265
v 0.9278173446655273 -0.10405218601226807 0.5600079298019409
v 0.955743670463562 -0.051003336906433105 0.5147870779037476
v 0.9958227872848511 0.002045750617980957 0.35571014881134033
v 0.9034855365753174 -0.15710127353668213 0.6673382520675659
v 0.8662548661231995 -0.2130834460258484 0.7593151330947876
v 0.9143321514129639 -0.10405218601226807 0.6129662990570068
v 1.008786678314209 0.010426759719848633 0.48611342906951904
v 0.9942412376403809 -0.005286455154418945 0.41024553775787354
v 0.8928107023239136 -0.15955591201782227 0.7090061902999878
v 0.9141566753387451 -0.10887372493743896 0.6709374189376831
v 0.9350194931030273 -0.051003336906433105 0.5638667345046997
v 1.0018410682678223 0.0010646299924701452 0.5385035276412964
v 1.0285885334014893 0.049815647304058075 0.35977041721343994
v 0.8647245168685913 -0.10427624732255936 0.7975801229476929
v 0.9324812889099121 -0.04330635070800781 0.6269978284835815
v 1.0204988718032837 0.05509483814239502 0.5494821071624756
v 1.0182032585144043 0.05465298518538475 0.42977118492126465
v 0.9014546275138855 -0.10405218601226807 0.7264338731765747
v 0.9678195714950562 -0.00709986686706543 0.5814405679702759
v 0.9372215270996094 -0.051003336906433105 0.6854134798049927
v 1.0172287225723267 0.0970597192645073 0.4627639055252075
v 0.9369021654129028 -0.05430102348327637 0.7368730306625366
v 0.9567677974700928 0.002045750617980957 0.6357028484344482
v 1.0023797750473022 0.10823242366313934 0.6043611764907837
v 1.0438138246536255 0.10801530629396439 0.35304462909698486
v 0.9628788232803345 -0.009253131225705147 0.6962388753890991
v 0.9795224666595459 0.09974105656147003 0.6500836610794067
v 1.0316457748413086 0.16154709458351135 0.5564013719558716
v 1.0374712944030762 0.16119277477264404 0.3780249357223511
v 0.9703507423400879 0.05509483814239502 0.674444317817688
v 1.028093934059143 0.16119277477264404 0.6137348413467407
v 1.024582028388977 0.16119277477264404 0.4914860725402832
v 1.0440847873687744 0.1700071096420288 0.31611573696136475
v 1.0315027236938477 0.16119277477264404 0.44209539890289307
v 1.00165855884552 0.10893934220075607 0.7203041315078735
v 1.034732699394226 0.158311665058136 0.6707627773284912
v 0.9552301168441772 -0.05048369616270065 0.9266451597213745
v 1.0233259201049805 -0.026585465297102928 0.9077843427658081
v 0.9420523643493652 -0.047590382397174835 0.8051704168319702
v 0.9961643218994141 -0.04949080944061279 0.9632480144500732
v 0.9801020622253418 -0.026979804039001465 0.7685719728469849
v 1.0246251821517944 0.0031682848930358887 0.7945593595504761
v 1.0476409196853638 0.005484342575073242 0.8658617734909058
v 0.9919341802597046 0.002045750617980957 0.7464883327484131
v 0.8894476294517517 -0.06604571640491486 0.8260403871536255
v 1.0561771392822266 0.06295762956142426 0.9106429815292358
v 1.0503640174865723 0.05509483814239502 0.8062175512313843
v 1.0399854183197021 0.05509483814239502 0.7691318988800049
v 0.812124490737915 -0.09925580024719238 0.855239748954773
v 1.0415235757827759 0.10814368724822998 0.8687008619308472
v 1.027308702468872 0.10814368724822998 0.7934232950210571
v 0.7986000776290894 -0.2105485051870346 0.8530416488647461
v 0.854478120803833 -0.04716189578175545 0.8934521675109863
v 1.0296822786331177 0.16119277477264404 0.7349528074264526
v 0.8366237878799438 -0.212593674659729 0.8156222105026245
v 0.7822721600532532 -0.0934593677520752 0.9033114910125732
v 0.8083059191703796 -0.051003336906433105 0.9172600507736206
v 1.036661982536316 0.16119277477264404 0.8590594530105591
v 1.037156581878662 0.16409891843795776 0.8974426984786987
v 1.0278654098510742 0.17053043842315674 0.7930235862731934
v 0.7813085317611694 -0.26319921016693115 0.8426114320755005
v 0.7706683874130249 -0.2040313333272934 0.8947740793228149
v 0.8080742359161377 -0.02553403377532959 0.9773193597793579
v 0.807490885257721 -0.26319921016693115 0.7964562177658081
v 0.7582785487174988 -0.26319921016693115 0.8904560804367065
v 0.7603254914283752 -0.10137438774108887 0.9534235000610352
v 0.7411537170410156 -0.29303017258644104 0.8727234601974487
v 0.7549319267272949 -0.26319921016693115 0.9563575983047485
v 0.7506725788116455 -0.14874128997325897 0.9819589853286743
v 0.7786709070205688 -0.28287065029144287 0.7858399152755737
v 0.7535408735275269 -0.2101501226425171 1.0082846879959106
v 0.747596025466919 -0.10405218601226807 1.0050994157791138
v 0.7098599672317505 -0.3151748776435852 0.8055375814437866
v 0.6976948976516724 -0.3170503079891205 0.9639565944671631
v 0.7749483585357666 -0.2650991380214691 0.6764527559280396
v 0.7489827275276184 -0.2651004493236542 1.0151034593582153
v 0.730184018611908 -0.208327516913414 1.1194636821746826
v 0.7398251891136169 -0.15710127353668213 1.0611196756362915
v 0.6767243146896362 -0.3153163194656372 0.6784173250198364
v 0.6858728528022766 -0.31911665201187134 0.9221147298812866
v 0.7362606525421143 -0.2941678762435913 0.9990261793136597
v 0.7382833957672119 -0.1087525263428688 1.1134411096572876
v 0.6208879947662354 -0.3239585757255554 0.6989604234695435
v 0.6481122970581055 -0.3228552043437958 0.84552001953125
v 0.6754009127616882 -0.3197058439254761 1.0308246612548828
v 0.7112070918083191 -0.3066481351852417 1.0457864999771118
v 0.7277576923370361 -0.26319921016693115 1.1205240488052368
v 0.7266823053359985 -0.15710127353668213 1.1211007833480835
v 0.48173511028289795 -0.3151906430721283 1.057644248008728
v 0.76192307472229 -0.26319921016693115 1.1757842302322388
v 0.7618083953857422 -0.15710127353668213 1.1759980916976929
v 0.5041207671165466 -0.3158993721008301 0.8610833883285522
v 0.5298629403114319 -0.3127318322658539 1.1880472898483276
v 0.686153769493103 -0.3099566698074341 1.0925463438034058
v 0.7078602910041809 -0.2957533597946167 1.1643600463867188
v 0.7642335891723633 -0.2101501226425171 1.1714719533920288
v 0.6475573182106018 -0.31363019347190857 1.1336508989334106
v 0.4586717486381531 -0.31650468707084656 1.2006295919418335
v 1.0394964218139648 0.05800461769104004 1.3378900289535522
v 1.010128140449524 0.09465229511260986 1.3864949941635132
v 0.9809048175811768 0.11014456301927567 1.3684295415878296
v 1.0383583307266235 0.05509483814239502 1.4016202688217163
v 0.9923920631408691 0.10887008905410767 1.4323045015335083
v 0.4070459008216858 -0.47902199625968933 1.5709060430526733
v 0.4056137800216675 -0.3691900372505188 1.5443133115768433
v 0.4097103476524353 -0.365394651889801 1.4930957555770874
v 0.40502703189849854 -0.3685256540775299 1.662155032157898
v 0.4606722593307495 -0.32565271854400635 1.5133880376815796
v 0.4128512144088745 -0.46469947695732117 1.3891271352767944
v 0.4058660864830017 -0.36419081687927246 1.6117783784866333
v 0.4045119285583496 -0.4817424416542053 1.7876118421554565
v 0.43561869859695435 -0.3243049383163452 1.5601483583450317
v 0.4857257604598999 -0.3351026773452759 1.4666279554367065
v 0.4030858874320984 -0.5739114880561829 1.451342225074768
v 0.4113987684249878 -0.3692971467971802 1.4268044233322144
v 0.4573252201080322 -0.32237088680267334 1.6319621801376343
v 0.39935755729675293 -0.5786629915237427 1.6741687059402466
v 0.4059380292892456 -0.36627620458602905 1.7263678312301636
v 0.4823787808418274 -0.3277658224105835 1.5852018594741821
v 0.5252207517623901 -0.34720730781555176 1.6018635034561157
v 0.43896543979644775 -0.32905495166778564 1.4415744543075562
v 0.41529130935668945 -0.370121568441391 1.2029451131820679
v 0.41334545612335205 -0.3657419681549072 1.373829960823059
v 0.43227189779281616 -0.32516753673553467 1.6787220239639282
v 0.5689713358879089 -0.3851563632488251 1.5184639692306519
v 0.4640188217163086 -0.325750470161438 1.394814372062683
v 0.4133096933364868 -0.3661523163318634 1.260912537574768
v 0.4790322184562683 -0.3309983015060425 1.7037755250930786
v 0.5040855407714844 -0.33880388736724854 1.6570156812667847
v 0.5559973120689392 -0.3689231276512146 1.5636123418807983
v 0.528323769569397 -0.35797417163848877 1.4334198236465454
v 0.4586717486381531 -0.31650468707084656 1.2006295919418335
v 0.44231224060058594 -0.32844746112823486 1.3230007886886597
v 0.489072322845459 -0.32871973514556885 1.34805428981781
v 0.45397865772247314 -0.3236435651779175 1.7505358457565308
v 0.5861068367958069 -0.3644556403160095 1.6247822046279907
v 0.6009527444839478 -0.3851281404495239 1.5885485410690308
v 0.4673658013343811 -0.3208216428756714 1.2762404680252075
v 0.5652917623519897 -0.3736793100833893 1.6839584112167358
v 0.5068230628967285 -0.3482263386249542 1.7239128351211548
v 0.5595695376396179 -0.3658292591571808 1.333422303199768
v 0.5298629403114319 -0.3127318322658539 1.1880472898483276
v 0.5230003595352173 -0.3364696204662323 1.2906547784805298
v 0.6145200133323669 -0.37172865867614746 1.6560014486312866
v 0.6477130651473999 -0.37875568866729736 1.6136020421981812
v 0.6709849238395691 -0.39661845564842224 1.6821612119674683
v 0.6727586984634399 -0.4403839409351349 1.5713356733322144
v 0.5919055938720703 -0.36432790756225586 1.2827833890914917
v 0.565165638923645 -0.3183126151561737 1.2014726400375366
v 0.694473147392273 -0.3697909116744995 1.6386555433273315
v 0.6227083206176758 -0.4231795072555542 1.54143488407135
v 0.6451031565666199 -0.3158404231071472 1.1925572156906128
v 0.7231446504592896 -0.42473816871643066 1.5938338041305542
v 0.7000879645347595 -0.47369909286499023 1.5158487558364868
v 0.6109930872917175 -0.3336862325668335 1.2328273057937622
v 0.6475573182106018 -0.31363019347190857 1.1336508989334106
v 0.7412333488464355 -0.3794502019882202 1.663709044456482
v 0.7662868499755859 -0.388069748878479 1.6169489622116089
v 0.6715918779373169 -0.4763507843017578 1.4555553197860718
v 0.6597829461097717 -0.36750999093055725 1.2651032209396362
v 0.7078602910041809 -0.2957533597946167 1.1643600463867188
v 0.7836847305297852 -0.41443920135498047 1.696804404258728
v 0.7776005268096924 -0.42234599590301514 1.5958327054977417
v 0.7445800304412842 -0.4688533544540405 1.5451353788375854
v 0.7228734493255615 -0.4837876558303833 1.473321795463562
v 0.6751655340194702 -0.44520294666290283 1.3234714269638062
v 0.6845065355300903 -0.31784284114837646 1.207947850227356
v 0.7629398703575134 -0.4549514055252075 1.7355228662490845
v 0.7984641790390015 -0.47437044978141785 1.5163439512252808
v 0.7654249668121338 -0.47359058260917664 1.400753140449524
v 0.7336786985397339 -0.32325947284698486 1.2285000085830688
v 0.7546206116676331 -0.2867211103439331 1.1894136667251587
v 0.8097001910209656 -0.45494329929351807 1.7605763673782349
v 0.6911262273788452 -0.4641216993331909 1.7572296857833862
v 0.7913402318954468 -0.45008814334869385 1.5701888799667358
v 0.8153321146965027 -0.46896347403526306 1.4194506406784058
v 0.7050958871841431 -0.47400566935539246 1.3911725282669067
v 0.7766461372375488 -0.3675713539123535 1.2618244886398315
v 0.76192307472229 -0.26319921016693115 1.1757842302322388
v 0.834653377532959 -0.4221787452697754 1.7140034437179565
v 0.744326114654541 -0.47262516617774963 1.7853325605392456
v 0.7980338931083679 -0.4587041139602661 1.3330413103103638
v 0.6520586609840393 -0.447630375623703 1.3679026365280151
v 0.7676135897636414 -0.42234599590301514 1.277490496635437
v 0.8105691075325012 -0.2667321562767029 1.1970704793930054
v 0.880734920501709 -0.42243126034736633 1.7383228540420532
v 0.8564602732658386 -0.4510308504104614 1.7856298685073853
v 0.726491391658783 -0.47090160846710205 1.8377801179885864
v 0.7512735724449158 -0.4504019021987915 1.3079875707626343
v 0.7044720649719238 -0.42148542404174805 1.2842310667037964
v 0.822891354560852 -0.422368586063385 1.2861512899398804
v 0.7642335891723633 -0.2101501226425171 1.1714719533920288
v 0.864043653011322 -0.3740767240524292 1.6591490507125854
v 0.8314067125320435 -0.46232306957244873 1.8323901891708374
v 0.9016847610473633 -0.4217432141304016 1.8110235929489136
v 0.9116296768188477 -0.370571494102478 1.693318486213684
v 0.8781670331954956 -0.43849241733551025 1.8574436902999878
v 0.8063533902168274 -0.46124184131622314 1.8791500329971313
v 0.9326615333557129 -0.3763556480407715 1.7617558240890503
v 0.8777124881744385 -0.36365067958831787 1.6164659261703491
v 0.7812998294830322 -0.4478851556777954 1.9259103536605835
v 0.9347484111785889 -0.3692971467971802 1.8275755643844604
v 0.9035653471946716 -0.4150626063346863 1.8668252229690552
v 0.9533276557922363 -0.342922568321228 1.7171629667282104
v 0.9518923759460449 -0.31109699606895447 1.63569176197052
v 0.8531137108802795 -0.4392911195755005 1.9042035341262817
v 0.7345397472381592 -0.4592539072036743 1.900856852531433
v 0.9792988300323486 -0.31767481565475464 1.7861613035202026
v 0.8735617995262146 -0.42234599590301514 1.9151593446731567
v 0.8264581561088562 -0.421000599861145 1.9482206106185913
v 0.687779426574707 -0.4613994359970093 1.8758033514022827
v 0.7445932626724243 -0.41976118087768555 1.965150237083435
v 0.9550075531005859 -0.3262612819671631 1.8384302854537964
v 0.896823525428772 -0.37239372730255127 1.9386667013168335
v 0.990689754486084 -0.3113410770893097 1.7387861013412476
v 0.7061589360237122 -0.42829763889312744 1.9538272619247437
v 1.0002920627593994 -0.26372838020324707 1.855493426322937
v 0.9633256196975708 -0.30677974224090576 1.9030705690383911
v 0.8463059067726135 -0.37305575609207153 1.9682773351669312
v 1.0426130294799805 -0.2441764771938324 1.764783501625061
v 1.0204945802688599 -0.2590519189834595 1.6929668188095093
v 0.7490601539611816 -0.36909666657447815 1.9863656759262085
v 1.0193151235580444 -0.2605336904525757 1.8127015829086304
v 0.8764212727546692 -0.3189520239830017 1.9780915975570679
v 0.9403660297393799 -0.3071248531341553 1.950952172279358
v 0.681419849395752 -0.3677605986595154 1.9915457963943481
v 0.991148829460144 -0.26319921016693115 1.9179776906967163
v 1.0213127136230469 -0.2101501226425171 1.8739556074142456
v 0.8003783226013184 -0.3162480592727661 1.9905141592025757
v 0.9466813802719116 -0.26319921016693115 1.9549487829208374
v 1.058830976486206 -0.2101501226425171 1.8338736295700073
v 1.0648318529129028 -0.21095238626003265 1.7533644437789917
v 0.7332148551940918 -0.3182821273803711 2.020514488220215
v 0.9761741161346436 -0.2153148651123047 1.8991764783859253
v 0.8029969930648804 -0.27332639694213867 1.9987024068832397
v 1.0384299755096436 -0.2101501226425171 1.6507357358932495
v 1.0536645650863647 -0.15710127353668213 1.8311055898666382
v 0.9911971092224121 -0.15181513130664825 1.8571680784225464
v 0.7739274501800537 -0.2613646388053894 2.047787666320801
v 0.93857741355896 -0.20987673103809357 1.8964732885360718
v 1.056236982345581 -0.1570931226015091 1.7438524961471558
v 1.0355242490768433 -0.15756459534168243 1.6431964635849
v 0.9376983642578125 -0.15710127353668213 1.8586605787277222
v 0.8030065894126892 -0.2463628053665161 1.997724175453186
v 0.7819317579269409 -0.2101501226425171 2.041269302368164
v 0.7528997659683228 -0.2953389883041382 2.0912442207336426
v 1.0812242031097412 -0.10180556029081345 1.827579379081726
v 1.0422515869140625 -0.13117630779743195 1.8854655027389526
v 0.9696276187896729 -0.11871886998414993 1.9089170694351196
v 0.7690377235412598 -0.2101501226425171 2.09989070892334
v 1.072225570678711 -0.10510911792516708 1.6639374494552612
v 0.766417384147644 -0.26319921016693115 2.09848690032959
v 1.0685548782348633 -0.12575161457061768 1.8390835523605347
v 0.7923856377601624 -0.2101501226425171 1.99203360080719
v 0.7804254293441772 -0.15710127353668213 2.0440001487731934
v 0.7286499738693237 -0.26873767375946045 2.1384353637695312
v 1.0711350440979004 -0.047132883220911026 1.677622675895691
v 1.0720610618591309 -0.10405218601226807 1.9011458158493042
v 0.9933943748474121 -0.11988198757171631 1.979364037513733
v 0.7682978510856628 -0.15714964270591736 1.9661155939102173
v 0.7793021202087402 -0.15710127353668213 2.1053905487060547
v 1.0825382471084595 -0.05227005109190941 1.8319193124771118
v 1.0575050115585327 -0.10405218601226807 1.9535306692123413
v 0.9667520523071289 -0.12354380637407303 2.0252065658569336
v 0.8734665513038635 -0.10863286256790161 1.9830161333084106
v 0.8030065894126892 -0.11653220653533936 1.997724175453186
v 0.8236707448959351 -0.13819336891174316 2.0732908248901367
v 1.0680780410766602 0.00295056588947773 1.779154658317566
v 1.0800952911376953 -0.051003336906433105 1.905450463294983
v 1.024775743484497 -0.10405218601226807 1.9961777925491333
v 1.0636903047561646 -0.051003336906433105 1.956844687461853
v 0.8280601501464844 -0.1069561243057251 1.9509638547897339
v 0.770355224609375 -0.15710127353668213 1.9200462102890015
v 0.7812998294830322 -0.11931049823760986 1.9259103536605835
v 1.0285542011260986 -0.04862058535218239 2.019443988800049
v 0.8063533902168274 -0.11876571178436279 1.8791500329971313
v 1.070054054260254 0.002045750617980957 1.9000705480575562
v 1.0593796968460083 0.002045750617980957 1.954534888267517
v 1.0341006517410278 0.051506463438272476 1.906746745109558
v 1.0284206867218018 0.06027638912200928 1.8175801038742065
v 0.9969196319580078 0.05943334102630615 1.9812530279159546
v 1.0540446043014526 0.26899150013923645 1.9769607782363892
v 1.0625114440917969 0.320339560508728 2.0163960456848145
v 1.0825691223144531 0.3221777379512787 1.9370909929275513
v 1.0373849868774414 0.2667173743247986 2.0110063552856445
v 1.0462496280670166 0.2651306390762329 1.887316346168518
v 1.0042380094528198 0.24536916613578796 1.9756895303726196
v 1.0157123804092407 0.3089030981063843 2.0558128356933594
v 0.9818615913391113 0.26611778140068054 2.0441737174987793
v 1.03289794921875 0.3733886480331421 2.060713291168213
v 0.9683408737182617 0.2477506399154663 2.0261244773864746
v 0.9336785078048706 0.32462891936302185 2.075869560241699
v 1.0017783641815186 0.3733886480331421 2.0760436058044434
v 0.9474598169326782 0.3733886480331421 2.0794825553894043
v 0.9045121073722839 0.2614511251449585 2.0568795204162598
v 0.5150504112243652 -0.34918537735939026 1.915824294090271
v 0.4723386764526367 -0.32343924045562744 1.9409233331680298
v 0.5339674949645996 -0.3409774899482727 1.975521445274353
v 0.45063161849975586 -0.3260143995285034 1.8691099882125854
v 0.44898295402526855 -0.31551939249038696 1.9915310144424438
v 0.5843404531478882 -0.38184434175491333 1.948055386543274
v 0.475685179233551 -0.32980072498321533 1.8223496675491333
v 0.42557835578918457 -0.32704341411590576 1.9158698320388794
v 0.5762721300125122 -0.3205515444278717 2.061305046081543
v 0.5583245158195496 -0.38757118582725525 1.8606477975845337
v 0.6126190423965454 -0.3379553556442261 2.0160837173461914
v 0.4023705720901489 -0.3674722909927368 1.8456088304519653
v 0.4013756513595581 -0.3692971467971802 1.9029022455215454
v 0.4000593423843384 -0.37252020835876465 2.006443977355957
v 0.4930450916290283 -0.3167593479156494 2.130354404449463
v 0.6277303695678711 -0.43819117546081543 1.8802682161331177
v 0.6270252466201782 -0.3714379668235779 1.9837490320205688
v 0.428925096988678 -0.3265470266342163 1.797296166419983
v 0.5068230628967285 -0.3482263386249542 1.7239128351211548
v 0.4222315549850464 -0.32832324504852295 2.0344438552856445
v 0.4439380168914795 -0.3225468397140503 2.106257915496826
v 0.48546743392944336 -0.3170880675315857 2.249718189239502
v 0.6593793630599976 -0.32700860500335693 2.041137218475342
v 0.6610611081123352 -0.4650479853153229 1.8023689985275269
v 0.6599403619766235 -0.4344637095928192 1.9334615468978882
v 0.4061039686203003 -0.4626621603965759 1.997820496559143
v 0.45397865772247314 -0.3236435651779175 1.7505358457565308
v 0.4027385115623474 -0.3692971467971802 1.7832659482955933
v 0.39204108715057373 -0.37225988507270813 2.115013599395752
v 0.4188845157623291 -0.33282268047332764 2.153017997741699
v 0.4656447172164917 -0.3169313669204712 2.1780714988708496
v 0.625648021697998 -0.3295345604419708 2.216808795928955
v 0.6806423664093018 -0.32445818185806274 2.1137351989746094
v 0.726491391658783 -0.47090160846710205 1.8377801179885864
v 0.687779426574707 -0.4613994359970093 1.8758033514022827
v 0.7061589360237122 -0.42829763889312744 1.9538272619247437
v 0.681419849395752 -0.3677605986595154 1.9915457963943481
v 0.39161407947540283 -0.5159328579902649 2.0906777381896973
v 0.38433837890625 -0.43224266171455383 2.1335673332214355
v 0.44059133529663086 -0.32077014446258545 2.2248315811157227
v 0.48836779594421387 -0.3184373676776886 2.355872631072998
v 0.7159900665283203 -0.31730028986930847 2.0735673904418945
v 0.6911262273788452 -0.4641216993331909 1.7572296857833862
v 0.7332148551940918 -0.3182821273803711 2.020514488220215
v 0.4059380292892456 -0.36627620458602905 1.7263678312301636
v 0.39166855812072754 -0.3678708076477051 2.2002291679382324
v 0.41553783416748047 -0.33696091175079346 2.2715916633605957
v 0.6857188940048218 -0.31496670842170715 2.1849608421325684
v 0.510706901550293 -0.32127246260643005 2.4232735633850098
v 0.4622979164123535 -0.3179382085800171 2.296645164489746
v 0.3826678991317749 -0.436911016702652 2.2601799964904785
v 0.3927234411239624 -0.3692971467971802 2.2593679428100586
v 0.6686519384384155 -0.3289114534854889 2.243204116821289
v 0.45895111560821533 -0.3210374116897583 2.415219306945801
v 0.6334367990493774 -0.3192051649093628 2.328155517578125
v 0.4372444152832031 -0.32593834400177 2.343405246734619
v 0.7286499738693237 -0.26873767375946045 2.1384353637695312
v 0.7528997659683228 -0.2953389883041382 2.0912442207336426
v 0.3927953243255615 -0.376390665769577 2.3460988998413086
v 0.702643632888794 -0.3162480592727661 2.244868755340576
v 0.43389785289764404 -0.33029210567474365 2.461979389190674
v 0.4121907949447632 -0.3428102731704712 2.3901658058166504
v 0.610403299331665 -0.31913208961486816 2.375998020172119
v 0.7027926445007324 -0.2939859628677368 2.184764862060547
v 0.6931307315826416 -0.311992883682251 2.299955368041992
v 0.7244991064071655 -0.2955247163772583 2.2565784454345703
v 0.4728531837463379 -0.32303479313850403 2.4965643882751465
v 0.6493387222290039 -0.28806793689727783 2.3968591690063477
v 0.5580180883407593 -0.3233332633972168 2.4606494903564453
v 0.7107306718826294 -0.26319921016693115 2.1890177726745605
v 0.3906288146972656 -0.3818720579147339 2.4347596168518066
v 0.6751875877380371 -0.25361010432243347 2.3483939170837402
v 0.4088442325592041 -0.35075843334198 2.508739471435547
v 0.6614962816238403 -0.26314881443977356 2.3741941452026367
v 0.6152677536010742 -0.31507039070129395 2.4535446166992188
v 0.7346762418746948 -0.26319921016693115 2.2537732124328613
v 0.7292675971984863 -0.2101501226425171 2.138766288757324
v 0.3813660144805908 -0.42554160952568054 2.5878586769104004
v 0.7222133874893188 -0.26319921016693115 2.315537452697754
v 0.43055081367492676 -0.3359266519546509 2.5805530548095703
v 0.3959331512451172 -0.3678547739982605 2.5115127563476562
v 0.6558582782745361 -0.2639440596103668 2.5107855796813965
v 0.738240122795105 -0.2101501226425171 2.252150058746338
v 0.7690377235412598 -0.2101501226425171 2.09989070892334
v 0.7144978046417236 -0.2101501226425171 2.1910362243652344
v 0.7183973789215088 -0.2101501226425171 2.313493251800537
v 0.6684943437576294 -0.2101501226425171 2.4071226119995117
v 0.7527785301208496 -0.15710127353668213 2.1513633728027344
v 0.39785802364349365 -0.36563682556152344 2.6351776123046875
v 0.723247766494751 -0.15710127353668213 2.316092014312744
v 0.6733642816543579 -0.16202116012573242 2.3543152809143066
v 0.7477588653564453 -0.15666073560714722 2.209341526031494
v 0.7793021202087402 -0.15710127353668213 2.1053905487060547
v 0.7696100473403931 -0.15774250030517578 2.286144733428955
v 0.7931653261184692 -0.15135931968688965 2.2407469749450684
v 0.7746062278747559 -0.14371860027313232 2.163058280944824
v 0.7206379175186157 -0.07892142236232758 2.3739748001098633
v 0.7454085350036621 -0.1073232889175415 2.335167407989502
v 0.821366548538208 -0.14066088199615479 2.1881117820739746
v 0.8236707448959351 -0.13819336891174316 2.0732908248901367
v 0.6775894165039062 -0.10891836881637573 2.452737808227539
v 0.8180197477340698 -0.12640178203582764 2.3066859245300293
v 0.878258228302002 -0.14719776809215546 2.2030630111694336
v 0.8973600268363953 -0.1371912956237793 2.0686697959899902
v 0.7684462070465088 -0.051003336906433105 2.340308666229248
v 0.7281066179275513 -0.051003336906433105 2.4535765647888184
v 0.8430733680725098 -0.1474665403366089 2.259925365447998
v 0.8086738586425781 -0.10405218601226807 2.324129104614258
v 0.8734665513038635 -0.10863286256790161 1.9830161333084106
v 0.7292454242706299 -0.051003336906433105 2.379488468170166
v 0.7298014163970947 -0.05692772567272186 2.4999961853027344
v 0.8898334503173828 -0.14837181568145752 2.2849788665771484
v 0.8895487785339355 -0.10595192760229111 2.326559543609619
v 0.988020658493042 -0.14711089432239532 2.101226806640625
v 0.9122689962387085 -0.15722841024398804 2.2394862174987793
v 0.9667520523071289 -0.12354380637407303 2.0252065658569336
v 0.8058364391326904 -0.051003336906433105 2.3294248580932617
v 0.7220065593719482 0.002045750617980957 2.375609874725342
v 0.7324507236480713 0.002045750617980957 2.466392993927002
v 0.8828505277633667 -0.06316696107387543 2.334475040435791
v 0.811235785484314 0.002045750617980957 2.319347858428955
v 0.7534112930297852 0.002045750617980957 2.3322529792785645
v 0.7210066318511963 0.002045750617980957 2.435257911682129
v 0.7584972381591797 0.05726891756057739 2.521409511566162
v 0.9638104438781738 -0.1574406921863556 2.26871919631958
v 0.9365935325622559 -0.13527429103851318 2.310032367706299
v 0.9830024242401123 -0.08376489579677582 2.335707187652588
v 1.0254021883010864 -0.1073475107550621 2.034295082092285
v 0.7594234943389893 0.05853748321533203 2.395657539367676
v 0.7445567846298218 0.054582834243774414 2.445380687713623
v 1.0337783098220825 -0.1035546138882637 2.065199375152588
v 1.024775743484497 -0.10405218601226807 1.9961777925491333
v 1.0123934745788574 -0.1485949605703354 2.1693687438964844
v 0.791407585144043 0.05736124515533447 2.3496828079223633
v 0.7922229766845703 0.06888065487146378 2.47352933883667
v 1.0084073543548584 -0.13560616970062256 2.288325786590576
v 1.0245718955993652 0.010583162307739258 2.3571701049804688
v 1.0285542011260986 -0.04862058535218239 2.019443988800049
v 1.0334609746932983 -0.134377121925354 2.241565227508545
v 0.8146729469299316 0.06698572635650635 2.425259590148926
v 0.8057546615600586 0.10814368724822998 2.531589984893799
v 1.035717487335205 -0.10405218601226807 2.3029580116271973
v 1.0483181476593018 -0.051003336906433105 2.3097095489501953
v 1.0588449239730835 -0.10497784614562988 2.1946253776550293
v 1.016484022140503 -0.03398720920085907 2.0541882514953613
v 0.8831398487091064 0.06612932682037354 2.5221266746520996
v 0.874203085899353 0.0623389333486557 2.4563002586364746
v 1.0474379062652588 0.052837420254945755 2.317955493927002
v 1.0387139320373535 0.05509483814239502 2.3647470474243164
v 1.039919137954712 -0.045789241790771484 2.1230826377868652
v 1.0555213689804077 -0.10405218601226807 2.253385066986084
v 1.060935378074646 -0.051003336906433105 2.2562856674194336
v 1.0529080629348755 0.039444200694561005 2.254347801208496
v 1.011642575263977 0.05594668537378311 2.4289841651916504
v 1.0578926801681519 -0.02044682949781418 2.201995372772217
v 1.029335856437683 0.10951432585716248 2.3807520866394043
v 0.9817154407501221 0.05509483814239502 2.514758586883545
v 0.9508572816848755 0.04935675486922264 2.516014575958252
v 0.9500997066497803 0.10814368724822998 2.5580029487609863
v 0.9299001693725586 0.06612646579742432 2.54718017578125
v 0.8389716744422913 0.1629238873720169 2.0418810844421387
v 0.8542645573616028 0.21368879079818726 2.0239291191101074
v 0.8034036159515381 0.21358883380889893 1.9969831705093384
v 0.8240723609924316 0.21393050253391266 2.065587043762207
v 0.8748202323913574 0.23857533931732178 1.9760173559188843
v 0.7588314414024353 0.21215903759002686 1.9678455591201782
v 0.8247131109237671 0.20171844959259033 2.069538116455078
v 0.9045121073722839 0.2614511251449585 2.0568795204162598
v 0.7752319574356079 0.2175227701663971 1.9245809316635132
v 0.746026873588562 0.16119277477264404 1.9917441606521606
v 0.8714734315872192 0.1739891767501831 2.0945916175842285
v 0.7326083183288574 0.16328567266464233 1.9033769369125366
v 0.8277984261512756 0.24223919212818146 1.9509772062301636
v 0.7218700051307678 0.16119277477264404 1.9542521238327026
v 0.84288489818573 0.1117539256811142 2.016024112701416
v 0.846420168876648 0.17579138278961182 2.1413512229919434
v 0.7562462687492371 0.12195789813995361 1.9726706743240356
v 0.725561261177063 -0.05105108767747879 2.5775561332702637
v 0.7406705617904663 -0.004423520993441343 2.5639142990112305
v 0.673232913017273 -0.10264120250940323 2.5315423011779785
v 0.7653156518936157 0.0059853726997971535 2.6201510429382324
v 0.7144590616226196 -0.06973922252655029 2.612300395965576
v 0.7759573459625244 0.10814368724822998 2.6098461151123047
v 0.7589490413665771 -0.05003458261489868 2.636547088623047
v 0.7681361436843872 0.10814368724822998 2.5808768272399902
v 0.6575942039489746 -0.09890131652355194 2.701826572418213
v 0.6634329557418823 -0.15463276207447052 2.4892749786376953
v 0.8082337379455566 0.10737341642379761 2.6623754501342773
v 0.8012691736221313 0.011013693176209927 2.6601662635803223
v 0.6441745758056641 -0.15716785192489624 2.614105701446533
v 0.7361655235290527 -0.07622134685516357 2.6841139793395996
v 0.7646230459213257 0.16216015815734863 2.6378865242004395
v 0.7458059787750244 0.16218000650405884 2.5564723014831543
v 0.7970308065414429 -0.051003336906433105 2.6828417778015137
v 0.6413435935974121 -0.15654128789901733 2.6937413215637207
v 0.7109479904174805 -0.05029582977294922 2.730607032775879
v 0.6465942859649658 -0.2110469937324524 2.616004467010498
v 0.8075571060180664 0.01276862621307373 2.723019599914551
v 0.7734065055847168 0.15404856204986572 2.7040672302246094
v 0.7905311584472656 -0.05411127954721451 2.713573455810547
v 0.7674349546432495 0.1606857180595398 2.511813163757324
v 0.6136585474014282 -0.1567525416612625 2.7374844551086426
v 0.6684936285018921 -0.20753240585327148 2.4831862449645996
v 0.8092300891876221 0.10814368724822998 2.7232608795166016
v 0.7050065994262695 0.20955324172973633 2.6131644248962402
v 0.7361655235290527 0.18001115322113037 2.6841139793395996
v 0.7178058624267578 0.18631303310394287 2.4937267303466797
v 0.6424450874328613 -0.2668549120426178 2.691348075866699
v 0.6182132959365845 -0.26319921016693115 2.741283893585205
v 0.7723742723464966 -0.051003336906433105 2.7288613319396973
v 0.7648227214813232 0.10814368724822998 2.742955207824707
v 0.6935850381851196 0.21791279315948486 2.5400118827819824
v 0.7109941244125366 0.16220051050186157 2.732229709625244
v 0.7428593635559082 0.1782752275466919 2.4469661712646484
v 0.5736068487167358 -0.16762779653072357 2.7555360794067383
v 0.763372540473938 0.004557881969958544 2.7457380294799805
v 0.6882628202438354 0.2636060416698456 2.565446376800537
v 0.7086381912231445 0.214241623878479 2.6693649291992188
v 0.7334786653518677 0.10784536600112915 2.743196487426758
v 0.6948471069335938 0.2151886373758316 2.471896171569824
v 0.6095271110534668 -0.31466424465179443 2.5722155570983887
v 0.584804892539978 -0.3123006820678711 2.723384380340576
v 0.5614796876907349 -0.26077184081077576 2.7641983032226562
v 0.7150141000747681 0.002774275839328766 2.7429137229919434
v 0.6992419958114624 0.2667340934276581 2.659722328186035
v 0.6924735307693481 0.22973959147930145 2.7226309776306152
v 0.6231235265731812 0.10156318545341492 2.7543749809265137
v 0.6459919214248657 -0.2842310667037964 2.5154333114624023
v 0.6123852729797363 -0.313332200050354 2.6779775619506836
v 0.5108828544616699 -0.26319921016693115 2.7676029205322266
v 0.7005376815795898 0.4281426668167114 2.6620841026306152
v 0.6934783458709717 0.26393792033195496 2.3686256408691406
v 0.6399229764938354 0.17516200244426727 2.7516775131225586
v 0.5990636348724365 -0.3203490972518921 2.504117488861084
v 0.5567786693572998 -0.32769906520843506 2.6894469261169434
v 0.518356204032898 -0.31175822019577026 2.742142677307129
v 0.44816386699676514 -0.2632005512714386 2.7700676918029785
v 0.6903544664382935 0.4259488582611084 2.719724655151367
v 0.6932435035705566 0.42246896028518677 2.562570571899414
v 0.546647310256958 -0.32687580585479736 2.593660831451416
v 0.47660768032073975 -0.31916260719299316 2.7315287590026855
v 0.7104476690292358 0.5341967344284058 2.6708102226257324
v 0.7027218341827393 0.5342648029327393 2.566570281982422
v 0.701622724533081 0.48202240467071533 2.4153566360473633
v 0.499017596244812 -0.3285623788833618 2.6774206161499023
v 0.40690910816192627 -0.31812024116516113 2.7551302909851074
v 0.6929041147232056 0.3845614492893219 2.2086739540100098
v 0.5023646354675293 -0.3246866464614868 2.5588464736938477
v 0.4738830327987671 -0.32660701870918274 2.6085681915283203
v 0.4272042512893677 -0.3374844789505005 2.699127197265625
v 0.7099500894546509 0.7188353538513184 2.670057773590088
v 0.7076679468154907 0.8290982842445374 2.5230512619018555
v 0.6989507675170898 0.4999883770942688 2.2856006622314453
v 0.7033083438873291 0.7027961611747742 2.289187431335449
v 0.7105395793914795 0.6450810432434082 2.1791062355041504
v 0.7031062841415405 0.8403701186180115 2.3156466484069824
v 0.7148587703704834 0.49076128005981445 2.127565383911133
v 0.7155929803848267 0.8375399708747864 2.1502389907836914
v 0.9215805530548096 0.22620761394500732 2.001070976257324
v 0.9818615913391113 0.26611778140068054 2.0441737174987793
v 0.765289306640625 1.062042236328125 2.7598328590393066
v 0.7706155776977539 1.11813485622406 2.7619800567626953
v 0.7704944610595703 1.1103787422180176 2.7271008491516113
v 0.7440818548202515 1.0627260208129883 2.7816338539123535
v 0.7671655416488647 1.1691230535507202 2.7385830879211426
v 0.770545244216919 1.0630253553390503 2.7322750091552734
v 0.7341117858886719 1.0099762678146362 2.743197441101074
v 0.7386276721954346 1.1167715787887573 2.7914934158325195
v 0.7677648067474365 1.2221721410751343 2.761228084564209
v 0.751298189163208 1.1691230535507202 2.6922216415405273
v 0.759002685546875 1.0630253553390503 2.696349620819092
v 0.6875647306442261 1.0099762678146362 2.788280963897705
v 0.675537109375 1.0833821296691895 2.80198335647583
v 0.7387098073959351 1.168662667274475 2.790207862854004
v 0.7726348638534546 1.2221721410751343 2.72837495803833
v 0.7446690797805786 1.2221721410751343 2.7805705070495605
v 0.7488590478897095 1.1646429300308228 2.6385860443115234
v 0.7514475584030151 1.0928494930267334 2.661123752593994
v 0.7110240459442139 0.9571791887283325 2.7308273315429688
v 0.7578723430633545 1.2547439336776733 2.7559280395507812
v 0.76200270652771 1.2221721410751343 2.6979570388793945
v 0.7586162090301514 1.2221721410751343 2.638939380645752
v 0.7246521711349487 0.9685863852500916 2.672116756439209
v 0.6803938150405884 0.9668583273887634 2.773440361022949
v 0.6135629415512085 1.0792155265808105 2.803347587585449
v 0.6725671291351318 1.1691230535507202 2.8028149604797363
v 0.6878215074539185 1.2283958196640015 2.781099319458008
v 0.7114866971969604 1.275812029838562 2.7346081733703613
v 0.7410346269607544 1.1581213474273682 2.562046527862549
v 0.7315136194229126 1.0160362720489502 2.611532211303711
v 0.6976218223571777 0.8923982977867126 2.7230377197265625
v 0.6180707216262817 0.9632444381713867 2.788389205932617
v 0.6101537942886353 1.0142802000045776 2.801515579223633
v 0.7361655235290527 1.2717379331588745 2.6841139793395996
v 0.7573341131210327 1.2221721410751343 2.5750889778137207
v 0.715261697769165 0.9220767021179199 2.573268413543701
v 0.7088795900344849 0.876796543598175 2.671010971069336
v 0.6422566175460815 0.8977537751197815 2.7586865425109863
v 0.5834741592407227 1.1621379852294922 2.8031668663024902
v 0.567047119140625 1.2188606262207031 2.79233455657959
v 0.6392983198165894 1.2624276876449585 2.7525811195373535
v 0.7142102718353271 1.2743648290634155 2.6139841079711914
v 0.7344526052474976 1.108566164970398 2.503169059753418
v 0.7485666275024414 1.2229622602462769 2.5472588539123535
v 0.7356084585189819 1.002171516418457 2.49601411819458
v 0.7099500894546509 0.7188353538513184 2.670057773590088
v 0.6403319835662842 0.7761915922164917 2.7597179412841797
v 0.40654826164245605 0.8964698910713196 2.7741951942443848
v 0.5660378932952881 0.912523627281189 2.771780490875244
v 0.3860393762588501 0.9809046387672424 2.779757022857666
v 0.628352165222168 1.2752161026000977 2.727055072784424
v 0.5833886861801147 1.2782765626907349 2.6507415771484375
v 0.7511343955993652 1.1691230535507202 2.5115838050842285
v 0.7386987209320068 1.2513821125030518 2.561069965362549
v 0.7076679468154907 0.8290982842445374 2.5230512619018555
v 0.7224389314651489 0.9408443570137024 2.448148250579834
v 0.7008111476898193 0.7330130934715271 2.725968360900879
v 0.5148853063583374 0.8466684222221375 2.769336700439453
v 0.4826546907424927 1.1531118154525757 2.7894997596740723
v 0.567484974861145 1.2493308782577515 2.774287700653076
v 0.6026816368103027 1.2800815105438232 2.55778169631958
v 0.722954511642456 1.0145316123962402 2.3987412452697754
v 0.7345389127731323 1.2193458080291748 2.448268413543701
v 0.6868288516998291 1.2748382091522217 2.546173095703125
v 0.7015154361724854 0.5406970381736755 2.725257396697998
v 0.6533464193344116 0.6855887174606323 2.762838840484619
v 0.34104931354522705 0.9735822677612305 2.776750087738037
v 0.46789562702178955 1.2203234434127808 2.7758994102478027
v 0.40363049507141113 1.161147117614746 2.778425693511963
v 0.5239322185516357 1.2733832597732544 2.7432475090026855
v 0.5291568040847778 1.2805585861206055 2.6704745292663574
v 0.384002685546875 1.2640612125396729 2.647599220275879
v 0.7243324518203735 1.1297581195831299 2.4234657287597656
v 0.6868443489074707 1.2749567031860352 2.4305520057678223
v 0.7031062841415405 0.8403701186180115 2.3156466484069824
v 0.7242047786712646 0.9641849994659424 2.342843532562256
v 0.39964759349823 1.2631162405014038 2.5071496963500977
v 0.7345118522644043 1.0853689908981323 2.2716012001037598
v 0.7346218824386597 1.2248657941818237 2.3704891204833984
v 0.19607818126678467 1.1520501375198364 2.7795791625976562
v 0.3817474842071533 1.220719337463379 2.7681961059570312
v 0.4739643335342407 1.2719534635543823 2.724180221557617
v 0.4272042512893677 1.2684258222579956 2.699127197265625
v 0.6949925422668457 1.2753673791885376 2.31465482711792
v 0.2941739559173584 1.2407909631729126 2.550093650817871
v 0.492928147315979 1.2697886228561401 2.3312721252441406
v 0.7462406158447266 1.2207448482513428 2.2732067108154297
v 0.7211525440216064 1.2518595457077026 2.375152587890625
v 0.7155929803848267 0.8375399708747864 2.1502389907836914
v 0.7409201860427856 1.168257236480713 2.1396188735961914
v 0.25804972648620605 1.220986247062683 2.7666354179382324
v 0.40215063095092773 1.249616026878357 2.745887279510498
v 0.3553903102874756 1.2612847089767456 2.7208337783813477
v 0.6423532962799072 1.278739333152771 2.3007330894470215
v 0.25406646728515625 1.2457451820373535 2.6346378326416016
v 0.31642913818359375 1.2461174726486206 2.429579734802246
v 0.3615458011627197 1.2467819452285767 2.3401622772216797
v 0.7437084913253784 1.1643829345703125 2.2586050033569336
v 0.735626220703125 0.9530595541000366 2.1097683906555176
v 0.08365321159362793 1.1651926040649414 2.780897617340088
v 0.28357672691345215 1.2519372701644897 2.7425408363342285
v 0.23719406127929688 1.2551600933074951 2.7163310050964355
v 0.7153134346008301 1.2706552743911743 2.251657009124756
v -0.048186540603637695 1.2262060642242432 2.531426429748535
v 0.1183013916015625 1.2212600708007812 2.3249354362487793
v 0.6759477853775024 1.2793604135513306 2.2270851135253906
v 0.23318076133728027 1.2404792308807373 2.1250948905944824
v 0.7412328720092773 1.2221721410751343 2.214162826538086
v 0.730980396270752 0.8688551783561707 2.0807886123657227
v 0.7333617210388184 1.2344130277633667 2.1409597396850586
v 0.7428780794143677 1.094746708869934 2.035736560821533
v 0.14083170890808105 1.221980333328247 2.769711971282959
v 0.19005632400512695 1.2510050535202026 2.6924338340759277
v 0.1153566837310791 1.24954092502594 2.714540958404541
v -0.002719402313232422 1.2173302173614502 2.3317337036132812
v 0.6060854196548462 1.275412678718567 2.1556620597839355
v 0.2327282428741455 1.2323477268218994 2.237199306488037
v 0.4481147527694702 1.25420343875885 1.9984742403030396
v 0.7310948371887207 0.5841244459152222 2.0666608810424805
v 0.7379278540611267 0.9609915614128113 2.0088133811950684
v 0.7438700199127197 1.2221721410751343 2.0991835594177246
v 0.7465125918388367 1.1666768789291382 2.006394386291504
v 0.03254354000091553 1.2221721410751343 2.761763095855713
v 0.165002703666687 1.2453783750534058 2.739193916320801
v 0.6975535154342651 1.2721306085586548 2.1945433616638184
v -0.0401766300201416 1.2404985427856445 2.6945457458496094
v -0.15992116928100586 1.2338730096817017 2.5815210342407227
v 0.07900214195251465 1.2072051763534546 2.2235960960388184
v 0.6628059148788452 1.2756370306015015 2.1633405685424805
v 0.4923527240753174 1.2611591815948486 2.114734649658203
v 0.12080585956573486 1.2082725763320923 2.1480560302734375
v 0.2923198938369751 1.2299506664276123 1.867308497428894
v 0.7336128950119019 0.7646318674087524 2.00858736038208
v 0.6960179805755615 1.2750989198684692 2.076174259185791
v 0.04642915725708008 1.2426165342330933 2.735846996307373
v -0.22261250019073486 1.221582293510437 2.3873047828674316
v -0.032434940338134766 1.191156029701233 2.210568904876709
v 0.6488432884216309 1.2735518217086792 2.0749387741088867
v 0.5448992252349854 1.243481993675232 2.0337767601013184
v 0.1558690071105957 1.2243728637695312 2.0748229026794434
v 0.17390024662017822 1.2053041458129883 1.8480161428451538
v 0.4437997341156006 1.2427382469177246 1.8847521543502808
v 0.479220986366272 1.2541202306747437 2.0416488647460938
v 0.7493971586227417 1.2221721410751343 2.0291848182678223
v -0.08230876922607422 1.2195836305618286 2.32161283493042
v -0.009628891944885254 1.1911206245422363 2.166867256164551
v -0.034773945808410645 1.2052695751190186 2.265827178955078
v 0.03779470920562744 1.2023447751998901 2.0749597549438477
v 0.17245757579803467 1.2229057550430298 2.0086898803710938
v 0.41584551334381104 1.2401355504989624 1.8068724870681763
v 0.5063295364379883 1.239730954170227 1.8451167345046997
v 0.5190987586975098 1.243036150932312 1.9659768342971802
v 0.7311927080154419 1.2610515356063843 2.0194311141967773
v 0.7470915913581848 1.2221721410751343 1.977432370185852
v -0.1474817991256714 1.21291983127594 2.310863971710205
v -0.060285329818725586 1.2162262201309204 2.137019157409668
v -0.10551798343658447 1.2005161046981812 2.2331509590148926
v 0.6898466348648071 1.276117205619812 1.9930094480514526
v 0.5772945880889893 1.2458486557006836 1.966746211051941
v 0.024526357650756836 1.2035257816314697 2.001931667327881
v 0.043502092361450195 1.197985291481018 1.928446650505066
v 0.7355390191078186 1.2250252962112427 1.9003793001174927
v -0.12507140636444092 1.217658281326294 2.157505989074707
v 0.657279372215271 1.2747727632522583 1.9831863641738892
v -0.04930472373962402 1.2283138036727905 2.022648811340332
v 0.5513253211975098 1.2374271154403687 1.8941706418991089
v 0.709486186504364 1.2667640447616577 1.9476171731948853
v -0.10217118263244629 1.2512344121932983 2.114577293395996
v -0.0364232063293457 1.2168315649032593 2.089620590209961
v 0.661091148853302 1.269761085510254 1.9222673177719116
v -0.015342116355895996 1.2008411884307861 1.9596794843673706
v -0.07711756229400635 1.2459648847579956 2.067817211151123
v -0.07552587985992432 1.2207226753234863 2.0070910453796387
v -0.5098836421966553 1.2478750944137573 2.687119483947754
v -0.42786645889282227 1.2421520948410034 2.722459316253662
v -0.46170079708099365 1.2227882146835327 2.750965118408203
v -0.4034935235977173 1.2428405284881592 2.676541328430176
v -0.3822906017303467 1.2158747911453247 2.7444663047790527
v -0.5433624982833862 1.2452291250228882 2.6008477210998535
v -0.3732486963272095 1.1582660675048828 2.762040138244629
v -0.3560529947280884 1.2412422895431519 2.7007532119750977
v -0.36899566650390625 1.2366321086883545 2.614108085632324
v -0.3131448030471802 1.2281385660171509 2.7329964637756348
v -0.2690662145614624 1.2190759181976318 2.7445902824401855
v -0.282143235206604 1.2418184280395508 2.6784000396728516
v -0.21394145488739014 1.1653356552124023 2.7660388946533203
v -0.3078315258026123 1.2190462350845337 2.354607105255127
v -0.19966328144073486 1.2221721410751343 2.745847702026367
v -0.23015058040618896 1.0416067838668823 2.7716870307922363
v -0.19719910621643066 1.2394580841064453 2.721970558166504
v -0.06607973575592041 1.1738286018371582 2.7610373497009277
v -0.0736314058303833 1.0661811828613281 2.765760898590088
v -0.16752099990844727 1.2415168285369873 2.681400775909424
v -0.1497880220413208 1.218288779258728 2.747981071472168
v -0.11890506744384766 1.2395514249801636 2.707446575164795
v -0.05980837345123291 1.2235547304153442 2.7392730712890625
v -0.4509856700897217 1.237273931503296 2.287041664123535
v -0.5433486700057983 1.241135597229004 2.385707378387451
v -0.5316198468208313 1.250080943107605 2.246851921081543
v -0.5581066608428955 1.2424472570419312 2.2915778160095215
v -0.5161424875259399 1.2727608680725098 2.1879425048828125
v -0.41796910762786865 1.246018886566162 2.247115135192871
v -0.5240697860717773 1.2361748218536377 2.447087287902832
v -0.5903441905975342 1.2202706336975098 2.2495927810668945
v -0.5829680562019348 1.221205234527588 2.385828971862793
v -0.5798134803771973 1.2447174787521362 2.21976375579834
v -0.3209587335586548 1.2325257062911987 2.2982711791992188
v -0.5812360048294067 1.2200411558151245 2.451842784881592
v -0.5914050340652466 1.2752619981765747 2.1548876762390137
v -0.4689149260520935 1.299363136291504 2.158939838409424
v -0.24610722064971924 1.2273088693618774 2.2791810035705566
v -0.2944455146789551 1.2726322412490845 2.248786449432373
v -0.574455976486206 1.2291711568832397 2.5235519409179688
v -0.49819350242614746 1.238722801208496 2.511033058166504
v -0.6003388166427612 1.169465184211731 2.2626681327819824
v -0.6232585906982422 1.2221721410751343 2.1954121589660645
v -0.6013743877410889 1.1683305501937866 2.4461417198181152
v -0.529706597328186 1.2904785871505737 2.1262435913085938
v -0.39180827140808105 1.2737022638320923 2.203923225402832
v -0.4881073236465454 1.3067649602890015 2.073932647705078
v -0.6821666955947876 1.2221721410751343 2.162278175354004
v -0.35867881774902344 1.2966002225875854 2.153843879699707
v -0.20238518714904785 1.2145003080368042 2.3016180992126465
v -0.24925994873046875 1.2752212285995483 2.2163195610046387
v -0.6070313453674316 1.171059250831604 2.5752363204956055
v -0.5998669266700745 1.0679794549942017 2.262375831604004
v -0.6191582083702087 1.1222147941589355 2.1950855255126953
v -0.5501281023025513 1.3084616661071777 2.002169609069824
v -0.6783801913261414 1.1691230535507202 2.164863109588623
v -0.6662701964378357 1.2783410549163818 2.123983860015869
v -0.34545767307281494 1.3115547895431519 2.1031956672668457
v -0.1773315668106079 1.1950215101242065 2.2548580169677734
v -0.27085185050964355 1.3000472784042358 2.2047510147094727
v -0.2311544418334961 1.2189117670059204 2.2375612258911133
v -0.6138753890991211 0.9631509184837341 2.6688079833984375
v -0.5908423662185669 1.2225494384765625 2.5757837295532227
v -0.6028783917427063 0.9942022562026978 2.267247200012207
v -0.6032583713531494 1.2983993291854858 2.0468287467956543
v -0.5437453389167786 1.296142339706421 1.9343777894973755
v -0.7255192399024963 1.2221721410751343 2.1547293663024902
v -0.7200939059257507 1.2468522787094116 2.1446032524108887
v -0.2925586700439453 1.3081721067428589 2.132936954498291
v -0.45229899883270264 1.3023015260696411 1.9851852655410767
v -0.23231720924377441 1.2221721410751343 2.1652135848999023
v -0.6060214042663574 1.1697731018066406 2.712523937225342
v -0.5891088247299194 1.2221721410751343 2.6360678672790527
v -0.6157253980636597 1.0595800876617432 2.1894655227661133
v -0.6707573533058167 1.0800622701644897 2.154179573059082
v -0.6137591004371643 1.3210350275039673 1.947180151939392
v -0.7256444096565247 1.1547209024429321 2.1612234115600586
v -0.7775821089744568 1.2761999368667603 2.111358642578125
v -0.6699870228767395 1.2943147420883179 2.0510830879211426
v -0.26750504970550537 1.2958940267562866 2.086176872253418
v -0.32521486282348633 1.3082419633865356 2.054680347442627
v -0.1980268955230713 1.170749306678772 2.1830568313598633
v -0.24579834938049316 1.2935999631881714 2.1579904556274414
v -0.5894283056259155 1.2200430631637573 2.690512180328369
v -0.6036812663078308 0.8077077269554138 2.2703614234924316
v -0.5681470632553101 1.2392972707748413 2.647298812866211
v -0.658017098903656 1.3174724578857422 1.9785372018814087
v -0.569062352180481 1.2967219352722168 1.8639730215072632
v -0.4722456932067871 1.2756438255310059 1.9018527269363403
v -0.7250688076019287 1.285409688949585 2.0823774337768555
v -0.22868776321411133 1.27383291721344 2.1132044792175293
v -0.37894582748413086 1.2768138647079468 1.9626508951187134
v -0.17398464679718018 1.1928290128707886 2.1362838745117188
v -0.5582952499389648 1.2221721410751343 2.741239070892334
v -0.5973515510559082 0.6810604929924011 2.265000343322754
v -0.6196403503417969 0.8810012936592102 2.195524215698242
v -0.6662703156471252 0.991794228553772 2.156667709350586
v -0.7092390656471252 1.0337828397750854 2.154682159423828
v -0.6684724688529968 1.323341965675354 1.9313164949417114
v -0.6415866017341614 1.3158358335494995 1.8857487440109253
v -0.42471396923065186 1.2862439155578613 1.9307745695114136
v -0.7885608673095703 1.2878221273422241 2.047736167907715
v -0.7467007040977478 1.2889689207077026 2.0070090293884277
v -0.25094711780548096 1.2752212285995483 2.0552725791931152
v -0.2859177589416504 1.2756407260894775 2.015693187713623
v -0.21838366985321045 1.2333837747573853 2.1124954223632812
v -0.5464402437210083 1.23820960521698 2.7191128730773926
v -0.6066857576370239 0.7156761884689331 2.205845832824707
v -0.6200228333473206 0.7959728837013245 2.191348075866699
v -0.7384539842605591 1.2982100248336792 1.9542158842086792
v -0.6165333390235901 1.3147152662277222 1.8389889001846313
v -0.8603745698928833 1.2889617681503296 2.0694427490234375
v -0.19207751750946045 1.2268556356430054 2.057725429534912
v -0.15793287754058838 1.2221721410751343 2.1063246726989746
v -0.5962339639663696 0.5428293943405151 2.210536479949951
v -0.6675639748573303 0.8063877820968628 2.161273956298828
v -0.6790698766708374 0.8909749984741211 2.1625847816467285
v -0.7014034986495972 1.2694401741027832 1.8417001962661743
v -0.6662372350692749 1.2796720266342163 1.8123582601547241
v -0.8112469911575317 1.2863134145736694 1.9766432046890259
v -0.23475122451782227 1.2223182916641235 2.02769136428833
v -0.6671449542045593 0.6822468638420105 2.147675037384033
v -0.1489313840866089 1.2385867834091187 2.0895237922668457
v -0.6133618950843811 0.49929922819137573 2.169954776763916
v -0.6991761326789856 0.7810843586921692 2.157820701599121
v -0.8688187003135681 0.8333578705787659 1.8302720785140991
v -0.846071720123291 0.7195771932601929 1.7757138013839722
v -0.8585823774337769 0.83699631690979 1.7691477537155151
v -0.8677206039428711 0.8029481768608093 1.7472814321517944
v -0.8575835227966309 0.9038780927658081 1.7700203657150269
v -0.8642668724060059 0.7125228643417358 1.7361880540847778
v -0.8824883699417114 0.9043000340461731 1.7520302534103394
v -0.8515992164611816 0.9610075354576111 1.7740706205368042
v -0.9057461023330688 0.7447313070297241 1.7048152685165405
v -0.9214519262313843 0.8537594079971313 1.7341290712356567
v -0.8696116209030151 0.9569271802902222 1.749700665473938
v -0.8624778389930725 1.0252604484558105 1.83153235912323
v -0.916356086730957 0.6679749488830566 1.7210479974746704
v -0.9067479372024536 0.7977803945541382 1.706685185432434
v -0.9305762052536011 0.9038780927658081 1.751158595085144
v -0.8843550682067871 1.0206029415130615 1.752663493156433
v -0.8712134957313538 1.0982898473739624 1.760189175605774
v -0.9145739078521729 0.7447313070297241 1.6793025732040405
v -0.9154314994812012 0.7977803945541382 1.6788431406021118
v -0.9299590587615967 1.0070263147354126 1.749935269355774
v -0.9513518810272217 0.9070885181427002 1.720176339149475
v -0.8710422515869141 1.1654402017593384 1.82602059841156
v -0.9223974943161011 0.6916822195053101 1.675110936164856
v -0.9238750338554382 0.8467885255813599 1.669432520866394
v -0.9397718906402588 1.0864627361297607 1.7650953531265259
v -0.8806595802307129 1.1691230535507202 1.7703207731246948
v -0.9190211892127991 0.6386336088180542 1.6769198179244995
v -0.9088739156723022 0.692428469657898 1.5973881483078003
v -0.9189128875732422 0.7780096530914307 1.6079331636428833
v -0.953474760055542 1.0252622365951538 1.7206777334213257
v -0.9305607080459595 0.9487341046333313 1.657211184501648
v -0.8572164177894592 1.225683331489563 1.830400824546814
v -0.9103976488113403 0.5855845212936401 1.6815401315689087
v -0.9008851647377014 0.6373389959335327 1.6046706438064575
v -0.9161343574523926 0.8294408917427063 1.537232756614685
v -0.9616538286209106 1.1160739660263062 1.701363205909729
v -0.9390294551849365 1.1691230535507202 1.7669357061386108
v -0.8839490413665771 1.2221721410751343 1.77646005153656
v -0.8892145156860352 0.5855845212936401 1.6327060461044312
v -0.8932204246520996 0.6304556727409363 1.5052520036697388
v -0.9041310548782349 0.7198202610015869 1.4342182874679565
v -0.9429128170013428 1.0238018035888672 1.671587347984314
v -0.931641697883606 0.9658913612365723 1.570487141609192
v -0.9342881441116333 1.2221721410751343 1.7580865621566772
v -0.828627347946167 1.246315836906433 1.7855347394943237
v -0.9274730682373047 0.7983125448226929 1.3499356508255005
v -0.9463491439819336 1.1068662405014038 1.6377907991409302
v -0.9690358638763428 1.1785048246383667 1.7105642557144165
v -0.8753876686096191 1.254245638847351 1.7604812383651733
v -0.80454021692276 1.2544574737548828 1.859162449836731
v -0.8983266353607178 0.6784693598747253 1.3566406965255737
v -0.9209254384040833 0.7219783663749695 1.286655306816101
v -0.9400385618209839 1.0062028169631958 1.3973549604415894
v -0.9613000750541687 1.1761244535446167 1.6431771516799927
v -0.9673274755477905 1.2221721410751343 1.7095929384231567
v -0.8946105241775513 1.2752212285995483 1.750181794166565
v -0.8596962690353394 1.2723468542099 1.7087053060531616
v -0.781867265701294 1.2424129247665405 1.8105882406234741
v -0.8806406259536743 0.5853415131568909 1.4376074075698853
v -0.9255086183547974 0.7535901665687561 1.24239981174469
v -0.94123774766922 1.0558165311813354 1.3054553270339966
v -0.9617449641227722 1.1600030660629272 1.4354578256607056
v -0.9665924906730652 1.229824185371399 1.6152952909469604
v -0.9266067743301392 1.2757573127746582 1.7340794801712036
v -0.7685301899909973 1.2455161809921265 1.7681339979171753
v -0.7014034986495972 1.2694401741027832 1.8417001962661743
v -0.861091136932373 0.5325354337692261 1.4672237634658813
v -0.8773767948150635 0.586214005947113 1.282800316810608
v -0.911662220954895 0.674532949924469 1.2260140180587769
v -0.9296133518218994 0.8763715028762817 1.2163485288619995
v -0.9699983596801758 1.2221721410751343 1.529239535331726
v -0.9376580715179443 1.2743213176727295 1.6642588376998901
v -0.8764477968215942 1.2781364917755127 1.644752860069275
v -0.7792970538139343 1.2479515075683594 1.688275933265686
v -0.7100536823272705 1.2443755865097046 1.7888818979263306
v -0.8653473854064941 0.5671178102493286 1.4047597646713257
v -0.9091630578041077 0.7080056071281433 1.117742657661438
v -0.9545801281929016 1.1665551662445068 1.290822148323059
v -0.9653438329696655 1.232004165649414 1.4635511636734009
v -0.9520899057388306 1.2739852666854858 1.5737115144729614
v -0.7317603826522827 1.2381399869918823 1.717068076133728
v -0.6662372350692749 1.2796720266342163 1.8123582601547241
v -0.8626752495765686 0.5245276689529419 1.4027248620986938
v -0.8878166079521179 0.5852015614509583 1.2146071195602417
v -0.8592429757118225 0.5325354337692261 1.3478466272354126
v -0.945252537727356 1.2783466577529907 1.542497992515564
v -0.9188011288642883 1.2827156782150269 1.6168540716171265
v -0.774836540222168 1.2389256954193115 1.574151873588562
v -0.7534669637680054 1.2385414838790894 1.6452542543411255
v -0.6850000619888306 1.2454761266708374 1.7421215772628784
v -0.9525361061096191 1.2222232818603516 1.34604012966156
v -0.9232000112533569 1.2773040533065796 1.4941297769546509
v -0.8865582942962646 1.279555082321167 1.5652292966842651
v -0.7067068815231323 1.2459911108016968 1.6703077554702759
v -0.674166202545166 1.2752212285995483 1.7219008207321167
v -0.9371611475944519 1.2624152898788452 1.4264665842056274
v -0.728413462638855 1.2451814413070679 1.5984939336776733
v -0.7968804836273193 1.2458313703536987 1.5016270875930786
v -0.6927547454833984 1.2752212285995483 1.6277316808700562
v -0.6820036172866821 1.2752212285995483 1.68354332447052
v -0.9121076464653015 1.2624605894088745 1.3797062635421753
v -0.8739268779754639 1.267354965209961 1.4184542894363403
v -0.7143007516860962 1.2752212285995483 1.555451512336731
v -0.7501204013824463 1.2397888898849487 1.526680588722229
v -0.81841641664505 1.252854585647583 1.4297648668289185
v -0.7312357425689697 1.2752212285995483 1.4826854467391968
v -0.771826982498169 1.2413820028305054 1.4548667669296265
v -0.8402937650680542 1.2576855421066284 1.3579994440078735
v -0.7420966625213623 1.2712647914886475 1.4047406911849976
v -0.7935336232185364 1.2504023313522339 1.383052945137024
v -0.9075422883033752 0.8461803197860718 0.025735080242156982
v -0.9031426310539246 0.8508458733558655 0.08425921201705933
v -0.8943786025047302 0.7447313070297241 0.11973637342453003
v -0.91738361120224 1.0588191747665405 0.049323439598083496
v -0.8828705549240112 0.7401036024093628 0.19737398624420166
v -0.8991214036941528 0.67985999584198 0.12182515859603882
v -0.9148384928703308 1.0243797302246094 0.13539844751358032
v -0.9287266731262207 1.046626329421997 -0.07437050342559814
v -0.8640265464782715 0.6913504004478455 0.1987462043762207
v -0.8935803174972534 0.8222523331642151 0.2519491910934448
v -0.9333988428115845 1.1643837690353394 0.07191634178161621
v -0.9094890356063843 0.922320544719696 0.3494676351547241
v -0.8807599544525146 0.7449003458023071 0.2593146562576294
v -0.9351077079772949 1.1745802164077759 0.1451166868209839
v -0.9205971956253052 1.0615200996398926 0.32030725479125977
v -0.9333824515342712 1.169067144393921 -0.053511202335357666
v -0.8603045344352722 0.686104416847229 0.2639741897583008
v -0.9342764616012573 1.1646684408187866 0.3536571264266968
v -0.9326820373535156 1.2217543125152588 0.09498536586761475
v -0.9139322638511658 1.0009649991989136 0.6561497449874878
v -0.9263447523117065 1.2225196361541748 -0.018611788749694824
v -0.8318792581558228 0.6656521558761597 0.21902108192443848
v -0.8865255117416382 0.6834479570388794 0.35694003105163574
v -0.9072431325912476 0.795446515083313 0.4070810079574585
v -0.933545708656311 1.2208216190338135 0.33312976360321045
v -0.9340059757232666 1.2255998849868774 0.1786109209060669
v -0.9286246299743652 1.1090887784957886 0.5432565212249756
v -0.9200723767280579 1.2221721410751343 -0.1291494369506836
v -0.8109591603279114 0.6386336088180542 0.2895658016204834
v -0.8653931617736816 0.6386336088180542 0.3214315176010132
v -0.9325526356697083 1.2210434675216675 0.4591737985610962
v -0.8969992399215698 1.2524312734603882 0.0035799741744995117
v -0.9003462791442871 1.2590235471725464 0.122153639793396
v -0.9042726159095764 0.7405842542648315 0.6717767715454102
v -0.9440819621086121 1.1571978330612183 0.6782015562057495
v -0.933245062828064 1.16581392288208 0.5568923950195312
v -0.8936525583267212 1.244205355644226 -0.11499404907226562
v -0.888425886631012 0.6386336088180542 0.3692746162414551
v -0.8955079317092896 0.6436991691589355 0.43486320972442627
v -0.9070397615432739 1.2589205503463745 0.3593015670776367
v -0.903692901134491 1.2602289915084839 0.24072730541229248
v -0.8727644681930542 1.2613797187805176 0.07425421476364136
v -0.8719456791877747 1.255637526512146 -0.04318034648895264
v -0.8751624822616577 1.2672041654586792 0.1879122257232666
v -0.9351847767829895 0.9511107802391052 0.8873797655105591
v -0.930489718914032 0.9903985261917114 0.8000407218933105
v -0.8671538829803467 1.2596631050109863 -0.16076934337615967
v -0.8346748948097229 0.5856630206108093 0.3379385471343994
v -0.9005425572395325 0.5855845212936401 0.3627825975418091
v -0.8792967796325684 1.2666559219360352 0.3115893602371216
v -0.8853330016136169 1.267504096031189 0.43111538887023926
v -0.9288212656974792 1.2221721410751343 0.5208712816238403
v -0.8432515859603882 1.2540688514709473 -0.07449150085449219
v -0.9278104305267334 0.7534856796264648 0.886462926864624
v -0.8942932486534119 0.6318230032920837 0.5221750736236572
v -0.9340690970420837 1.2206789255142212 0.6482676267623901
v -0.9555493593215942 1.0656715631484985 0.8795453310012817
v -0.8593363165855408 1.2694581747055054 0.39132487773895264
v -0.910386323928833 1.2547343969345093 0.4778752326965332
v -0.9207237362861633 1.2331074476242065 0.5927039384841919
v -0.620398759841919 1.245686650276184 -0.05176687240600586
v -0.5502819418907166 1.2538074254989624 0.23613882064819336
v -0.9207707643508911 0.9442181587219238 1.0221680402755737
v -0.9029744267463684 0.6609647870063782 0.7886877059936523
v -0.8916057348251343 0.5277419686317444 0.7103726863861084
v -0.9077435731887817 0.5459579229354858 0.4830859899520874
v -0.9606385231018066 1.2221531867980957 0.7763186693191528
v -0.966655969619751 1.1691230535507202 0.8081032037734985
v -0.8476114869117737 0.5325354337692261 0.36071133613586426
v -0.9120461940765381 0.5855845212936401 0.4168027639389038
v -0.7329758405685425 1.2605160474777222 0.4222677946090698
v -0.8535614609718323 1.2688113451004028 0.5608749389648438
v -0.8886799812316895 1.2621468305587769 0.5496889352798462
v -0.5657783150672913 1.2584706544876099 0.37396562099456787
v -0.9541912078857422 1.16604483127594 1.011866807937622
v -0.9063299894332886 0.7150368690490723 1.023872971534729
v -0.9142624139785767 0.6916822195053101 0.8970835208892822
v -0.8879105448722839 0.3891245126724243 0.6312717199325562
v -0.8932640552520752 0.5162838101387024 0.557237982749939
v -0.9379919171333313 1.2490754127502441 0.7565463781356812
v -0.8920267820358276 1.2626785039901733 0.6682629585266113
v -0.9666651487350464 1.1677982807159424 0.8759579658508301
v -0.9044569134712219 0.5325354337692261 0.3606853485107422
v -0.8669732809066772 1.2681893110275269 0.6215027570724487
v -0.8865541219711304 0.4045218825340271 0.7856765985488892
v -0.9252741932868958 0.5325354337692261 0.4097154140472412
v -0.912406861782074 0.4794865846633911 0.4784039258956909
v -0.91806560754776 1.2625269889831543 0.8292694091796875
v -0.9615281820297241 1.2215896844863892 0.9034044742584229
v -0.8602617979049683 0.47607260942459106 0.3879774808883667
v -0.6081526279449463 1.265548825263977 0.5042941570281982
v -0.9498360753059387 1.2227689027786255 0.9999727010726929
v -0.8877852559089661 0.26069438457489014 0.5522619485855103
v -0.9173782467842102 0.4794865846633911 0.41394591331481934
v -0.9101110696792603 0.4231793284416199 0.475083589553833
v -0.945480465888977 1.2461251020431519 0.8803572654724121
v -0.8301076889038086 1.270373821258545 0.7544777393341064
v -0.8152987957000732 0.44209951162338257 0.418140172958374
v -0.9520784020423889 1.2245826721191406 1.0717201232910156
v -0.902489185333252 0.42643749713897705 0.42192327976226807
v -0.8990100622177124 1.2618968486785889 0.9027371406555176
v -0.9237735271453857 1.252573847770691 0.952170729637146
v -0.8859468698501587 0.3733886480331421 0.4209432601928711
v -0.9020671844482422 1.2571114301681519 1.0239843130111694
v -0.7603987455368042 1.2698904275894165 0.8178554773330688
v -0.8095645904541016 1.2588365077972412 0.903862714767456
v -0.877013623714447 1.2570747137069702 0.9772239923477173
v -0.819057047367096 1.248700499534607 0.9433398246765137
v -0.8302533626556396 1.245496153831482 1.0022776126861572
v -1.2331866025924683 0.43117985129356384 1.6331385374069214
v -1.1892077922821045 0.42233189940452576 1.6765707731246948
v -1.2364294528961182 0.27614474296569824 1.6328576803207397
v -1.23871910572052 0.4304105341434479 1.5644572973251343
v -1.188724160194397 0.2683201730251312 1.669510006904602
v -1.241687536239624 0.3731137216091156 1.5548878908157349
v -1.2360429763793945 0.214241623878479 1.647321343421936
v -1.2422280311584473 0.29493448138237 1.553698182106018
v -1.191345453262329 0.214241623878479 1.6762248277664185
v -1.24773371219635 0.214241623878479 1.6211668252944946
v -1.2518751621246338 0.20091359317302704 1.563083291053772
v -1.2247437238693237 0.30080217123031616 1.4371336698532104
v -1.2289522886276245 0.373226523399353 1.4194532632827759
v -1.2303717136383057 0.16119277477264404 1.6906527280807495
v -1.244882345199585 0.16119277477264404 1.663819432258606
v -1.234542965888977 0.21264751255512238 1.4595962762832642
v -1.2333585023880005 0.3734644055366516 1.2943040132522583
v -1.2569615840911865 0.11495539546012878 1.6186753511428833
v -1.2430412769317627 0.08332847058773041 1.4608327150344849
v -1.2199379205703735 0.26912108063697815 1.3344422578811646
v -1.2557114362716675 0.11538298428058624 1.680390477180481
v -1.2581713199615479 0.06393606960773468 1.5748614072799683
v -1.2226448059082031 0.12678536772727966 1.3361903429031372
v -1.219144344329834 0.3089272379875183 1.0567827224731445
v -1.229567050933838 0.3798185884952545 1.0841318368911743
v -1.2539790868759155 0.003268041182309389 1.4824575185775757
v -1.226240873336792 0.13591933250427246 1.2399097681045532
v -1.2215299606323242 0.1860484480857849 1.0763477087020874
v -1.2408826351165771 0.05509483814239502 1.3841034173965454
v -1.2109010219573975 0.27117517590522766 0.9777652025222778
v -1.2204828262329102 0.40715891122817993 0.9739183187484741
v -1.2090582847595215 0.1422460973262787 0.9732606410980225
v -1.2461223602294922 -0.026167988777160645 1.4414795637130737
v -1.1852754354476929 0.214241623878479 0.9324288368225098
v -1.1836917400360107 0.2842007875442505 0.9329442977905273
v -1.1955002546310425 0.16119277477264404 0.9269504547119141
v -1.200469970703125 0.11038773506879807 0.9020813703536987
v -1.1358678340911865 0.19019782543182373 0.8987170457839966
v -1.1766117811203003 0.1536417007446289 0.8768869638442993
v -0.8871116638183594 0.6405289769172668 0.9913160800933838
v -0.8881943821907043 0.5855845212936401 1.1019450426101685
v -0.891370415687561 0.5855845212936401 1.1500829458236694
v -0.9038327932357788 0.5307981967926025 1.1418360471725464
v -0.8802254796028137 0.5262995958328247 1.213781476020813
v -0.9304672479629517 0.5054799318313599 1.189318299293518
v -0.863936185836792 0.5325354337692261 1.2873607873916626
v -0.9098091125488281 0.49628394842147827 1.2655905485153198
v -0.9113715291023254 0.4934075176715851 1.3795243501663208
v -0.8870540261268616 0.4999006986618042 1.3329459428787231
v -0.883621096611023 0.9822049140930176 1.8864411115646362
v -0.8624778389930725 1.0252604484558105 1.83153235912323
v -0.9218116998672485 1.0581774711608887 2.041989326477051
v -0.8992688059806824 1.1633912324905396 1.8913227319717407
v -0.9031161665916443 1.0575120449066162 1.9782365560531616
v -0.937511682510376 0.8899781703948975 2.0943527221679688
v -0.8710422515869141 1.1654402017593384 1.82602059841156
v -0.9307339787483215 1.2214703559875488 2.0080413818359375
v -0.9354740381240845 1.0422037839889526 2.0946044921875
v -0.8572164177894592 1.225683331489563 1.830400824546814
v -0.9112927913665771 1.1675646305084229 1.923618197441101
v -0.9214215278625488 1.2202732563018799 1.9810587167739868
v -0.9516139626502991 1.1421910524368286 2.0812911987304688
v -0.9088637232780457 0.8822409510612488 2.1601786613464355
v -0.9036284685134888 0.9918808937072754 2.151376724243164
v -0.8828350305557251 1.228922963142395 1.8768583536148071
v -0.8848904371261597 1.2748616933822632 2.0048036575317383
v -0.9639495015144348 1.2221721410751343 2.0741324424743652
v -0.9004272818565369 0.790468156337738 2.1459617614746094
v -0.9422616958618164 1.1160739660263062 2.109950542449951
v -0.9035968780517578 1.0630253553390503 2.150113582611084
v -0.80454021692276 1.2544574737548828 1.859162449836731
v -0.9067150354385376 1.2268613576889038 1.9288641214370728
v -0.9343807101249695 1.276889681816101 2.0897674560546875
v -0.956946611404419 1.2199335098266602 2.133059024810791
v -0.8544718027114868 0.8958476781845093 2.170675277709961
v -0.8317676782608032 1.0778864622116089 2.1595044136047363
v -0.8331854343414307 1.268957257270813 1.912157416343689
v -0.8603745698928833 1.2889617681503296 2.0694427490234375
v -0.9018716812133789 1.1323050260543823 2.1528096199035645
v -0.7384539842605591 1.2982100248336792 1.9542158842086792
v -0.8112469911575317 1.2863134145736694 1.9766432046890259
v -0.8887472152709961 1.2790340185165405 2.1223978996276855
v -0.9075579643249512 1.2221721410751343 2.1575064659118652
v -0.763251543045044 0.9777147173881531 2.1665124893188477
v -0.8460291028022766 1.1718553304672241 2.1600728034973145
v -0.8535200357437134 1.273077130317688 2.130856990814209
v -0.6790698766708374 0.8909749984741211 2.1625847816467285
v -0.7092390656471252 1.0337828397750854 2.154682159423828
v -0.8246279954910278 1.224277377128601 2.155980110168457
v -0.7256444096565247 1.1547209024429321 2.1612234115600586
v -0.8252415657043457 1.2752212285995483 2.116197109222412
v -0.7775821089744568 1.2761999368667603 2.111358642578125
v -0.7255192399024963 1.2221721410751343 2.1547293663024902
v 0.37088465690612793 -0.0031186947599053383 2.8010754585266113
v 0.4302171468734741 0.002045750617980957 2.805830478668213
v 0.43671154975891113 -0.05045181140303612 2.7980828285217285
v 0.4339336156845093 0.08442649990320206 2.801212787628174
v 0.492953896522522 0.009139341302216053 2.790208339691162
v 0.25337421894073486 -0.05080965533852577 2.805251121520996
v 0.4390820264816284 0.203444704413414 2.787726879119873
v 0.5493712425231934 -0.09359618276357651 2.7561745643615723
v 0.4333336353302002 -0.10772215574979782 2.7732558250427246
v 0.26195788383483887 0.004915227182209492 2.8065810203552246
v 0.49400341510772705 0.12826412916183472 2.7885847091674805
v 0.37291932106018066 0.18195542693138123 2.785600185394287
v 0.635132908821106 -0.045724786818027496 2.7459869384765625
v 0.25629210472106934 -0.09649074077606201 2.7855329513549805
v 0.12221944332122803 0.0068343644961714745 2.8272156715393066
v 0.2672206163406372 0.17588187754154205 2.796523094177246
v 0.45339107513427734 0.2771758437156677 2.7801036834716797
v 0.4421600103378296 -0.15791603922843933 2.7630887031555176
v 0.6031121015548706 -0.10623201727867126 2.742220401763916
v 0.15616464614868164 -0.11189121007919312 2.7909393310546875
v 0.3312946557998657 -0.15710127353668213 2.769226551055908
v 0.08559691905975342 -0.05295564606785774 2.82741641998291
v 0.310680627822876 0.41538506746292114 2.797574996948242
v 0.3843029737472534 0.4094085991382599 2.787705898284912
v 0.23807799816131592 -0.15564262866973877 2.769253730773926
v -0.11758792400360107 -0.0034249979071319103 2.846992015838623
v 0.12281346321105957 0.3000922203063965 2.817704200744629
v 0.22860097885131836 0.31897228956222534 2.80068302154541
v 0.4540393352508545 0.4047681391239166 2.7809762954711914
v 0.33593857288360596 -0.2602168321609497 2.7766079902648926
v 0.3313264846801758 -0.3139938414096832 2.776960849761963
v -0.0033986568450927734 0.2768626809120178 2.8251914978027344
v 0.1839512586593628 0.3864295184612274 2.800492286682129
v 0.32125627994537354 0.48952287435531616 2.799900531768799
v 0.449599027633667 0.45181363821029663 2.7886500358581543
v 0.12419867515563965 0.3937605023384094 2.808784008026123
v -0.009277582168579102 0.37237563729286194 2.8158087730407715
v 0.9299001693725586 0.14259111881256104 2.54718017578125
v 0.9229729175567627 0.10814368724822998 2.5601096153259277
v 0.9570752382278442 0.1631075143814087 2.5071287155151367
v 0.886273980140686 0.1583460569381714 2.516277313232422
v 0.999922513961792 0.10814368724822998 2.5245137214660645
v 0.8720335960388184 0.10814368724822998 2.542855739593506
v 1.0183814764022827 0.10814368724822998 2.4742207527160645
v 0.8309149742126465 0.16296443343162537 2.4989562034606934
v 0.9916790723800659 0.1621962934732437 2.441470146179199
v 0.8871860504150391 0.17109785974025726 2.3613786697387695
v 0.7564340829849243 0.21269866824150085 2.0834097862243652
v 0.8240723609924316 0.21393050253391266 2.065587043762207
v 0.7996598482131958 0.18212974071502686 2.116297721862793
v 0.8247131109237671 0.20171844959259033 2.069538116455078
v 0.7574130296707153 0.1793343424797058 2.1808815002441406
v 0.846420168876648 0.17579138278961182 2.1413512229919434
v 0.7278461456298828 0.19618737697601318 2.138004779815674
v 0.7026616334915161 0.2174200713634491 2.1946582794189453
v 0.7148369550704956 0.214241623878479 2.1310343742370605
v 0.7244991064071655 0.19047343730926514 2.2565784454345703
v 0.7084610462188721 0.26729071140289307 2.1276183128356934
v 0.6946852207183838 0.26926085352897644 2.203108310699463
v 0.7831339836120605 0.175580233335495 2.2852554321289062
v 0.7012598514556885 0.21429497003555298 2.33145809173584
v 0.7521954774856567 0.4241412580013275 2.087543487548828
v 0.6934783458709717 0.26393792033195496 2.3686256408691406
v 0.7478806972503662 0.17936928570270538 2.3499770164489746
v 0.7081714868545532 0.3924563229084015 2.1285743713378906
v 0.6929041147232056 0.3845614492893219 2.2086739540100098
v 0.7211525440216064 0.1911832094192505 2.375152587890625
v 0.6948471069335938 0.2151886373758316 2.471896171569824
v 0.7148587703704834 0.49076128005981445 2.127565383911133
v 0.7428593635559082 0.1782752275466919 2.4469661712646484
v 0.9416613578796387 -0.33290326595306396 1.2896274328231812
v 0.9854838848114014 -0.3150146007537842 1.3131071329116821
v 0.9643986225128174 -0.3143719434738159 1.2471903562545776
v 0.9693613052368164 -0.31701964139938354 1.352272391319275
v 1.013474941253662 -0.30482017993927 1.2679206132888794
v 0.8943856358528137 -0.3495253622531891 1.2653404474258423
v 0.9177675247192383 -0.3714712858200073 1.3359755277633667
v 1.0225615501403809 -0.26319921016693115 1.34707772731781
v 1.034715175628662 -0.26319921016693115 1.228277564048767
v 0.9197413921356201 -0.3008049428462982 1.2197855710983276
v 0.9222226142883301 -0.37059715390205383 1.4107774496078491
v 1.010128140449524 -0.28283417224884033 1.3864949941635132
v 0.9905252456665039 -0.25304746627807617 1.1984270811080933
v 1.0333138704299927 -0.26319921016693115 1.2785500288009644
v 0.8658533096313477 -0.4213448166847229 1.3114761114120483
v 0.9296505451202393 -0.26319921016693115 1.199717402458191
v 0.8428760170936584 -0.3196556568145752 1.2331730127334595
v 0.8923623561859131 -0.42276206612586975 1.3925479650497437
v 0.9598491191864014 -0.3162480592727661 1.4197396039962769
v 1.0213006734848022 -0.26319921016693115 1.3924809694290161
v 1.0127414464950562 -0.21085691452026367 1.26752769947052
v 0.9880893230438232 -0.21023285388946533 1.3150383234024048
v 0.8360999822616577 -0.3692971467971802 1.2619942426681519
v 0.8731391429901123 -0.2632490396499634 1.1927040815353394
v 0.8929847478866577 -0.42431211471557617 1.5001596212387085
v 0.9545667171478271 -0.3162480592727661 1.4838069677352905
v 0.9874269962310791 -0.27021968364715576 1.4345155954360962
v 1.0042465925216675 -0.2138047218322754 1.3833435773849487
v 0.9332523345947266 -0.2101501226425171 1.1929949522018433
v 0.844793975353241 -0.4517906904220581 1.358094573020935
v 0.8778170347213745 -0.20421330630779266 1.1895571947097778
v 0.7896943688392639 -0.3162480592727661 1.2362786531448364
v 0.8454611897468567 -0.46200162172317505 1.471206545829773
v 0.9296704530715942 -0.3484807014465332 1.5222584009170532
v 0.9824607372283936 -0.21358168125152588 1.4318546056747437
v 0.9770059585571289 -0.15511712431907654 1.2376190423965454
v 0.957571268081665 -0.16086840629577637 1.3677316904067993
v 0.8708768486976624 -0.4341082274913788 1.5501056909561157
v 0.9519467353820801 -0.3162480592727661 1.5358725786209106
v 0.9685256481170654 -0.26319921016693115 1.4845715761184692
v 0.9558255672454834 -0.21958160400390625 1.4810913801193237
v 0.9482629299163818 -0.15710127353668213 1.4135321378707886
v 0.923905611038208 -0.11026130616664886 1.2074860334396362
v 0.9510245323181152 -0.15710127353668213 1.2946442365646362
v 0.8148239254951477 -0.20880907773971558 1.1890279054641724
v 0.9063818454742432 -0.3630481958389282 1.5716432332992554
v 0.940969705581665 -0.3155258893966675 1.5891057252883911
v 0.8115701675415039 -0.10405218601226807 1.1954492330551147
v 0.9883947372436523 -0.10405218601226807 1.2544831037521362
v 0.9726810455322266 -0.10405218601226807 1.344058871269226
v 0.9503941535949707 -0.10405218601226807 1.414673924446106
v 0.9838753938674927 -0.26467305421829224 1.5516496896743774
v 0.9955978393554688 -0.2101501226425171 1.5259414911270142
v 0.9328211545944214 -0.15710127353668213 1.4654415845870972
v 0.9404840469360352 -0.045375823974609375 1.1794975996017456
v 0.8731945753097534 -0.07109630107879639 1.1927603483200073
v 0.9551742076873779 -0.10405218601226807 1.2968674898147583
v 0.9914175271987915 -0.05040419101715088 1.196761965751648
v 0.9633678197860718 -0.11641871929168701 1.3614412546157837
v 0.9316823482513428 -0.10405218601226807 1.4648314714431763
v 0.7618083953857422 -0.15710127353668213 1.1759980916976929
v 0.8369928002357483 -0.4158036708831787 1.590776801109314
v 0.9946117401123047 -0.24728548526763916 1.6189745664596558
v 0.996700644493103 -0.15710127353668213 1.5238832235336304
v 0.9525775909423828 -0.15710127353668213 1.4939078092575073
v 0.8607476949691772 -0.052938442677259445 1.1825944185256958
v 0.9884214401245117 -0.06952345371246338 1.3146809339523315
v 1.0104033946990967 -0.048279643058776855 1.2711821794509888
v 1.0020478963851929 -0.0950455293059349 1.3820780515670776
v 0.985074520111084 -0.06563675403594971 1.4332550764083862
v 0.7632517218589783 -0.10405218601226807 1.1733044385910034
v 0.813046932220459 -0.3751906156539917 1.6420022249221802
v 1.0331393480300903 -0.2122405767440796 1.573811411857605
v 0.957500696182251 -0.09544837474822998 1.4847196340560913
v 0.8244488835334778 -0.0473407506942749 1.1714123487472534
v 1.0420913696289062 -0.009915351867675781 1.2192872762680054
v 1.037837028503418 -0.15710127353668213 1.574252724647522
v 1.031026840209961 -0.04247844219207764 1.3392077684402466
v 1.0413422584533691 0.001376021420583129 1.2856000661849976
v 1.0411579608917236 -0.051003336906433105 1.4031201601028442
v 1.0257854461669922 -0.044860005378723145 1.4590436220169067
v 0.992172122001648 -0.09843316674232483 1.5082234144210815
v 1.0493710041046143 -0.09478000551462173 1.537021517753601
v 1.076614260673523 -0.10496311634778976 1.6002634763717651
v 1.0449833869934082 0.0016654841601848602 1.4306648969650269
v 1.0618610382080078 -0.051003336906433105 1.5145944356918335
v 1.0493953227996826 0.002045750617980957 1.4677172899246216
v 1.0745738744735718 -0.05252246931195259 1.5456124544143677
v 1.0404798984527588 0.05888451263308525 1.448292851448059
v 1.0497843027114868 0.045255694538354874 1.5228248834609985
v 1.0636032819747925 -0.01219107210636139 1.7092071771621704
v 1.0124289989471436 0.10814368724822998 1.5036200284957886
v 1.0450305938720703 0.1064196527004242 1.6497193574905396
v 1.0308812856674194 0.10905194282531738 1.5757895708084106
v 1.0577080249786377 0.05509483814239502 1.7129052877426147
v 1.0504003763198853 0.06137239933013916 1.7638787031173706
v 0.981726884841919 0.15025845170021057 1.5518287420272827
v 1.0441992282867432 0.10814368724822998 1.7056673765182495
v 1.0034345388412476 0.12503182888031006 1.6236428022384644
v 0.9600212574005127 0.11365377902984619 1.4800151586532593
v 1.0251411199569702 0.12025296688079834 1.6954563856124878
v 0.9868241548538208 0.1624932587146759 1.6275581121444702
v 1.0063867568969727 0.11079186201095581 1.7520745992660522
v 0.9396184682846069 0.16119277477264404 1.5180951356887817
v 1.018437385559082 0.16533923149108887 1.6918646097183228
v 0.8672053813934326 0.16112031042575836 1.4659236669540405
v 1.0067813396453857 0.18403398990631104 1.5050684213638306
v 0.9321873188018799 0.19239328801631927 1.4663234949111938
v 0.8930596113204956 0.1120375469326973 1.4447003602981567
v 0.8242262005805969 0.18480071425437927 1.4079862833023071
v 0.8132032155990601 0.16119277477264404 1.4170559644699097
v 0.8197406530380249 0.1314018964767456 1.404854655265808
v 0.8017370700836182 0.16119277477264404 1.395208477973938
v 0.844793975353241 0.12080943584442139 1.358094573020935
v 0.8809362053871155 0.11478697508573532 1.3414479494094849
v 0.8230874538421631 0.13299167156219482 1.2862809896469116
v 0.7875640392303467 0.1617678999900818 1.3462260961532593
v 0.7980338931083679 0.13926470279693604 1.3330413103103638
v 0.7958446741104126 0.16119277477264404 1.2716845273971558
v 0.9445446729660034 0.43053215742111206 1.1706417798995972
v 1.0098333358764648 0.36301538348197937 1.1602474451065063
v 1.00473952293396 0.4794865846633911 1.171897530555725
v 1.0612356662750244 0.42643749713897705 1.1787794828414917
v 1.0628414154052734 0.334375262260437 1.1726425886154175
v 1.0563390254974365 0.4794865846633911 1.1879185438156128
v 1.0882856845855713 0.4269731044769287 1.2462753057479858
v 0.9917681217193604 0.5105050802230835 1.196107268333435
v 1.0875484943389893 0.30845361948013306 1.2511013746261597
v 1.08479905128479 0.47683167457580566 1.2464860677719116
v 1.0385282039642334 0.5169602632522583 1.2211607694625854
v 1.0912978649139404 0.42297810316085815 1.313522219657898
v 1.0865939855575562 0.4794865846633911 1.3070968389511108
v 1.013474941253662 0.5258210897445679 1.2679206132888794
v 1.0812129974365234 0.3248232901096344 1.481012225151062
v 1.0602352619171143 0.513511061668396 1.2929743528366089
v 0.9631974697113037 0.5206897258758545 1.2461081743240356
v 1.080470323562622 0.43399518728256226 1.5295017957687378
v 1.0782787799835205 0.480838418006897 1.4065884351730347
v 1.0351817607879639 0.5230828523635864 1.339734435081482
v 0.9884214401245117 0.5244659185409546 1.3146809339523315
v 0.9726024866104126 0.5226972699165344 1.4329131841659546
v 1.077034592628479 0.4816911816596985 1.5264490842819214
v 1.056888222694397 0.5083941221237183 1.4115482568740845
v 1.031834602355957 0.5220144987106323 1.4583085775375366
v 0.890489935874939 0.5018591284751892 1.2727917432785034
v 0.8295198678970337 0.490102082490921 1.4093517065048218
v 0.7980338931083679 0.4878333806991577 1.3330413103103638
v 0.8888226747512817 0.3476746380329132 1.1703604459762573
v 0.9445446729660034 0.43053215742111206 1.1706417798995972
v 0.8869124054908752 0.42643749713897705 1.1671570539474487
v 0.8275030255317688 0.2046213150024414 1.1705528497695923
v 0.8703449964523315 0.15806663036346436 1.191233515739441
v 1.0665688514709473 0.21349194645881653 1.6162470579147339
v 1.0737080574035645 0.21577024459838867 1.4910322427749634
v 1.045262098312378 0.18669849634170532 1.538697600364685
v 1.0809582471847534 0.255069375038147 1.484453558921814
v 1.0067813396453857 0.18403398990631104 1.5050684213638306
v 0.9868241548538208 0.1624932587146759 1.6275581121444702
v 1.0746722221374512 0.2668072283267975 1.6140495538711548
v 1.0399844646453857 0.21370932459831238 1.438672661781311
v 0.981726884841919 0.15025845170021057 1.5518287420272827
v 1.018437385559082 0.16533923149108887 1.6918646097183228
v 1.071704387664795 0.23881220817565918 1.7206848859786987
v 1.0812129974365234 0.3248232901096344 1.481012225151062
v 1.0647333860397339 0.25721120834350586 1.415751576423645
v 1.069174885749817 0.214241623878479 1.7190488576889038
v 1.0783913135528564 0.320339560508728 1.7165926694869995
v 1.080470323562622 0.43399518728256226 1.5295017957687378
v 1.0100572109222412 0.23224805295467377 1.3816221952438354
v 1.0180522203445435 0.20560359954833984 1.74480402469635
v 1.0468480587005615 0.2350994348526001 1.7672699689865112
v 1.0683060884475708 0.26729071140289307 1.7787667512893677
v 1.080905556678772 0.4260846972465515 1.717628836631775
v 1.0747520923614502 0.27009469270706177 1.3694401979446411
v 0.9210090637207031 0.213627427816391 1.3941031694412231
v 0.9533586502075195 0.16119277477264404 1.7172144651412964
v 1.0825501680374146 0.3209720253944397 1.8192001581192017
v 1.0875484943389893 0.30845361948013306 1.2511013746261597
v 0.8959581851959229 0.213726207613945 1.3274959325790405
v 0.9321873188018799 0.19239328801631927 1.4663234949111938
v 1.0303460359573364 0.23740524053573608 1.331990361213684
v 0.9296151399612427 0.21425165235996246 1.7713381052017212
v 1.0217945575714111 0.240667462348938 1.8140300512313843
v 1.0621249675750732 0.2688981890678406 1.848451018333435
v 1.0797154903411865 0.2658860981464386 1.2479678392410278
v 0.844793975353241 0.202705979347229 1.358094573020935
v 0.9107422828674316 0.20713552832603455 1.2648340463638306
v 0.8242262005805969 0.18480071425437927 1.4079862833023071
v 1.0602352619171143 0.250005841255188 1.2929743528366089
v 0.8892684578895569 0.16119277477264404 1.7243961095809937
v 1.0628621578216553 0.26729071140289307 1.1757436990737915
v 0.7980338931083679 0.18426239490509033 1.3330413103103638
v 0.8230874538421631 0.19484364986419678 1.2862809896469116
v 0.990472674369812 0.2112979292869568 1.2461146116256714
v 0.9160494804382324 0.2278534471988678 1.8251079320907593
v 0.9967410564422607 0.24487745761871338 1.8607903718948364
v 1.0333271026611328 0.21611857414245605 1.2183741331100464
v 1.0628414154052734 0.334375262260437 1.1726425886154175
v 0.8017370700836182 0.16119277477264404 1.395208477973938
v 0.7875640392303467 0.1617678999900818 1.3462260961532593
v 0.8481410145759583 0.1840900182723999 1.2395206689834595
v 0.9199546575546265 0.19906508922576904 1.2178138494491577
v 0.878569483757019 0.21245694160461426 1.7975150346755981
v 1.0101792812347412 0.26729071140289307 1.1617445945739746
v 0.7958446741104126 0.16119277477264404 1.2716845273971558
v 0.9829870462417603 0.21340179443359375 1.189327597618103
v 0.9365218877792358 0.214241623878479 1.1868923902511597
v 0.8474204540252686 0.21295763552188873 1.8428081274032593
v 0.8815138339996338 0.19094765186309814 1.738869547843933
v 0.9249271154403687 0.2385770082473755 1.8824971914291382
v 1.0376571416854858 0.320339560508728 1.1605104207992554
v 0.8731945753097534 0.20162808895111084 1.1927603483200073
v 0.7893301844596863 0.16119277477264404 1.236958384513855
v 0.8819565176963806 0.214241623878479 1.176406979560852
v 0.7846466302871704 0.19929683208465576 1.807336688041687
v 0.8097001910209656 0.19680702686309814 1.7605763673782349
v 1.0098333358764648 0.36301538348197937 1.1602474451065063
v 0.9087294936180115 0.26321443915367126 1.1713069677352905
v 0.8277984261512756 0.24223919212818146 1.9509772062301636
v 0.7595933079719543 0.19098293781280518 1.854096531867981
v 0.8384869694709778 0.16119277477264404 1.7186328172683716
v 0.8032373189926147 0.160236656665802 1.2081059217453003
v 0.825124979019165 0.27460139989852905 1.1692785024642944
v 0.8998737931251526 0.24416673183441162 1.929256796836853
v 0.7752319574356079 0.2175227701663971 1.9245809316635132
v 0.7748357653617859 0.16119277477264404 1.7418965101242065
v 0.748249351978302 0.16119277477264404 1.8480185270309448
v 0.8888226747512817 0.3476746380329132 1.1703604459762573
v 0.7510744333267212 0.16119277477264404 1.7893491983413696
v 0.7326083183288574 0.16328567266464233 1.9033769369125366
v 0.8291630148887634 0.42643749713897705 1.1736444234848022
v 0.7595933079719543 0.13232195377349854 1.854096531867981
v 0.766928493976593 0.26729071140289307 1.1664420366287231
v 0.767768919467926 0.3465161621570587 1.163955807685852
v 0.7846466302871704 0.11543643474578857 1.807336688041687
v 0.7653284668922424 0.42643749713897705 1.1694282293319702
v 0.7510355114936829 0.4775926470756531 1.1896311044692993
v 0.734168529510498 0.4749566316604614 1.1169146299362183
v 0.8086579442024231 0.4765281677246094 1.218366026878357
v 0.7687492966651917 0.4782293438911438 1.266128420829773
v 0.7422493696212769 0.527633547782898 1.2017282247543335
v 0.8184891939163208 0.4842507839202881 1.283817172050476
v 0.740912139415741 0.660921037197113 1.1486623287200928
v 0.7454735636711121 0.5282331705093384 1.315008521080017
v 0.7357099652290344 0.6202127933502197 1.3616303205490112
v 0.7245055437088013 0.9442845582962036 1.3307005167007446
v 0.7729805707931519 0.49591243267059326 1.3798011541366577
v 0.7447883486747742 0.5342766642570496 1.4752882719039917
v 0.733289361000061 0.8597970008850098 1.5683828592300415
v 0.7456023693084717 0.5371223092079163 1.5449937582015991
v 0.7357532382011414 0.7086716294288635 1.599460482597351
v 0.7260215282440186 1.0083136558532715 1.5670899152755737
v 0.7946870923042297 0.49285590648651123 1.4516147375106812
v 0.7696335315704346 0.5003491640090942 1.4983752965927124
v 0.7442108392715454 0.5340365767478943 1.6607650518417358
v 0.735134482383728 1.166988730430603 1.3559683561325073
v 0.8163937330245972 0.4914892911911011 1.5234287977218628
v 0.7321257591247559 0.6760898232460022 1.8177279233932495
v 0.7201082706451416 0.8610319495201111 1.7320815324783325
v 0.7350135445594788 1.170035481452942 1.5168122053146362
v 0.7253376841545105 0.592817485332489 1.9629029035568237
v 0.7266888618469238 1.0952465534210205 1.6765905618667603
v 0.7290040254592896 0.7539376616477966 1.9220589399337769
v 0.7203985452651978 0.8553231358528137 1.828248381614685
v 0.7248305082321167 1.0957213640213013 1.821447730064392
v 0.732564389705658 1.1710727214813232 1.7148162126541138
v 0.7336128950119019 0.7646318674087524 2.00858736038208
v 0.7221234440803528 0.9237149357795715 1.8562895059585571
v 0.7308121919631958 1.1712265014648438 1.8001476526260376
v 0.726000964641571 1.225479245185852 1.5901859998703003
v 0.7465125918388367 1.1666768789291382 2.006394386291504
v 0.7217476963996887 1.2304288148880005 1.713452696800232
v 0.7280359864234924 1.2218981981277466 1.6881917715072632
v 0.7379278540611267 0.9609915614128113 2.0088133811950684
v 0.7274993062019348 1.2228721380233765 1.808465838432312
v 0.694473147392273 1.2549608945846558 1.6386555433273315
v 0.7355390191078186 1.2250252962112427 1.9003793001174927
v 0.6694195866584778 1.2593902349472046 1.6854158639907837
v 0.6911262273788452 1.2555893659591675 1.7572296857833862
v 0.6477130651473999 1.259719729423523 1.6136020421981812
v 0.687779426574707 1.2658637762069702 1.8758033514022827
v 0.6443660259246826 1.2623199224472046 1.7321761846542358
v 0.6660729050636292 1.2601836919784546 1.8039895296096802
v 0.6226595044136047 1.2624982595443726 1.6603623628616333
v 0.661091148853302 1.269761085510254 1.9222673177719116
v 0.7128329873085022 1.2466658353805542 1.8290430307388306
v 0.6193127036094666 1.2615526914596558 1.7789360284805298
v 0.641019344329834 1.261513113975525 1.8507498502731323
v 0.5942591428756714 1.2508519887924194 1.825696349143982
v 0.5513253211975098 1.2374271154403687 1.8941706418991089
v 0.8828141093254089 0.08858237415552139 1.953978419303894
v 0.8203031420707703 0.11065677553415298 1.8781496286392212
v 0.7807407379150391 0.11445305496454239 1.929684042930603
v 0.7562462687492371 0.12195789813995361 1.9726706743240356
v 0.8264141082763672 0.26729071140289307 2.072864532470703
v 0.8276937007904053 0.32673659920692444 2.076427459716797
v 0.9045121073722839 0.2614511251449585 2.0568795204162598
v 0.9336785078048706 0.32462891936302185 2.075869560241699
v 0.8430006504058838 0.42890262603759766 2.0718483924865723
v 0.7827608585357666 0.48171067237854004 2.0520763397216797
v 0.9478763341903687 0.42643749713897705 2.0804038047790527
v 0.7327808141708374 0.5325354337692261 2.0804648399353027
v 0.8355306386947632 0.4794865846633911 2.0493478775024414
v 0.9474598169326782 0.3733886480331421 2.0794825553894043
v 0.9404237270355225 0.4708995819091797 2.069169044494629
v 0.7391471862792969 0.5325354337692261 2.015807628631592
v 0.8071137070655823 0.4923628270626068 2.000089168548584
v 0.8935694694519043 0.48596179485321045 2.0533509254455566
v 1.0017783641815186 0.3733886480331421 2.0760436058044434
v 1.002119779586792 0.42643749713897705 2.075406074523926
v 0.7562462687492371 0.5035258531570435 1.9726706743240356
v 0.7310948371887207 0.5841244459152222 2.0666608810424805
v 0.8497666716575623 0.4965006113052368 2.022777557373047
v 1.014852523803711 0.48068851232528687 2.053910732269287
v 0.9215805530548096 0.5157924890518188 2.001070976257324
v 0.7329227328300476 0.5325354337692261 1.9601742029190063
v 0.7253376841545105 0.592817485332489 1.9629029035568237
v 0.7155929803848267 0.8375399708747864 2.1502389907836914
v 0.7812998294830322 0.4946218729019165 1.9259103536605835
v 1.033890724182129 0.42643749713897705 2.0612449645996094
v 0.9683408737182617 0.5128895044326782 2.0261244773864746
v 0.7372348308563232 0.5381552577018738 1.8988341093063354
v 0.7336128950119019 0.7646318674087524 2.00858736038208
v 0.9635602235794067 0.525726854801178 1.9215320348739624
v 0.8114827871322632 0.4934997856616974 1.8817075490951538
v 1.03289794921875 0.3733886480331421 2.060713291168213
v 1.064392328262329 0.4794865846633911 2.017404079437256
v 1.0401544570922852 0.5094798803329468 2.0044174194335938
v 0.9977715015411377 0.5265600681304932 1.9698647260665894
v 0.7595933079719543 0.5049227476119995 1.854096531867981
v 1.070258617401123 0.4245116114616394 2.0210118293762207
v 0.7424348592758179 0.5325354337692261 1.7793997526168823
v 1.043501377105713 0.522025465965271 1.8858438730239868
v 0.9158270359039307 0.5165017247200012 1.742339015007019
v 0.7846466302871704 0.49460089206695557 1.807336688041687
v 1.0625114440917969 0.320339560508728 2.0163960456848145
v 1.083897352218628 0.42688021063804626 1.9627150297164917
v 1.078955888748169 0.4806932508945465 1.9546087980270386
v 1.065207839012146 0.4999314546585083 1.9576576948165894
v 0.7442108392715454 0.5340365767478943 1.6607650518417358
v 0.9967410564422607 0.5278898477554321 1.8607903718948364
v 0.8133674263954163 0.49326178431510925 1.7755612134933472
v 1.0825691223144531 0.3221777379512787 1.9370909929275513
v 0.7629398703575134 0.5047377347946167 1.7355228662490845
v 1.0685548782348633 0.5067027807235718 1.8390835523605347
v 0.8148947954177856 0.4928911030292511 1.653511643409729
v 0.9973808526992798 0.5253787040710449 1.7492488622665405
v 1.0825501680374146 0.3209720253944397 1.8192001581192017
v 1.087385892868042 0.4269334375858307 1.847974419593811
v 0.7879934310913086 0.494587779045105 1.6887625455856323
v 1.0837520360946655 0.4808073043823242 1.8402563333511353
v 1.0454659461975098 0.5192827582359314 1.773645281791687
v 0.9396767616271973 0.5201277136802673 1.5984848737716675
v 0.9701495170593262 0.5248852968215942 1.6717449426651
v 0.7662868499755859 0.5023642778396606 1.6169489622116089
v 0.8579589128494263 0.49873000383377075 1.5559862852096558
v 1.0251411199569702 0.5247930288314819 1.6954563856124878
v 1.0743999481201172 0.48474442958831787 1.718870997428894
v 1.080905556678772 0.4260846972465515 1.717628836631775
v 0.7456023693084717 0.5371223092079163 1.5449937582015991
v 1.0034345388412476 0.5246933698654175 1.6236428022384644
v 0.7913402318954468 0.49256622791290283 1.5701888799667358
v 0.9726024866104126 0.5226972699165344 1.4329131841659546
v 1.0501946210861206 0.5139607191085815 1.6486960649490356
v 1.0284881591796875 0.5222548246383667 1.576882243156433
v 0.8163937330245972 0.4914892911911011 1.5234287977218628
v 0.9848592281341553 0.5245471000671387 1.5489128828048706
v 1.0766288042068481 0.4794865846633911 1.662859320640564
v 0.7696335315704346 0.5003491640090942 1.4983752965927124
v 1.0762642621994019 0.4802742004394531 1.601678490638733
v 1.031834602355957 0.5220144987106323 1.4583085775375366
v 1.080470323562622 0.43399518728256226 1.5295017957687378
v 1.077034592628479 0.4816911816596985 1.5264490842819214
v 1.053541660308838 0.510327935218811 1.53012216091156
v 1.031834602355957 0.19877564907073975 1.4583085775375366
v 1.0737080574035645 0.21577024459838867 1.4910322427749634
v 1.0399844646453857 0.21370932459831238 1.438672661781311
v 0.8828141093254089 0.08858237415552139 1.953978419303894
v 0.9215805530548096 0.08921968936920166 2.001070976257324
v 0.9003477096557617 0.10814368724822998 2.0407004356384277
v 0.8998175263404846 0.1611698716878891 2.0546464920043945
v 1.0032908916473389 0.002045750617980957 2.0732202529907227
v 1.033775806427002 0.002045750617980957 2.123015880584717
v 1.0389198064804077 0.04451751708984375 2.12253475189209
v 0.9835913181304932 0.05509483814239502 2.0342955589294434
v 1.00153648853302 0.05509483814239502 2.0764946937561035
v 0.9969196319580078 0.05943334102630615 1.9812530279159546
v 1.0496103763580322 0.10795919597148895 2.1998300552368164
v 1.0465298891067505 0.10814368724822998 2.1048455238342285
v 1.009238839149475 0.10814368724822998 2.0621190071105957
v 0.9683408737182617 0.08194053173065186 2.0261244773864746
v 1.0305233001708984 0.002045750617980957 1.999257206916809
v 1.0526211261749268 0.10814368724822998 2.1314644813537598
v 0.9215805530548096 0.08921968936920166 2.001070976257324
v 1.0593796968460083 0.002045750617980957 1.954534888267517
v 1.040907859802246 0.11681176722049713 2.249246597290039
v 0.9976348876953125 0.1611514389514923 2.1897144317626953
v 1.0368075370788574 0.14087355136871338 2.1229915618896484
v 0.9604599475860596 0.10814368724822998 2.0408334732055664
v 0.9963561296463013 0.163805291056633 2.3199591636657715
v 0.9194051027297974 0.1701212227344513 2.12428617477417
v 0.9959853887557983 -0.20986786484718323 1.1982558965682983
v 0.9916790723800659 0.1621962934732437 2.441470146179199
v 0.9570752382278442 0.1631075143814087 2.5071287155151367
v 0.9332467317581177 0.17892730236053467 2.4286065101623535
v 0.9583002328872681 0.17787134647369385 2.3818464279174805
v 0.9081933498382568 0.1746159791946411 2.4753665924072266
v 0.9963561296463013 0.163805291056633 2.3199591636657715
v 0.9111114740371704 0.17194557189941406 2.239312171936035
v 0.9976348876953125 0.1611514389514923 2.1897144317626953
v 0.9482932090759277 0.1741761863231659 2.2857327461242676
v 0.8871860504150391 0.17109785974025726 2.3613786697387695
v 0.7831339836120605 0.175580233335495 2.2852554321289062
v 0.7574130296707153 0.1793343424797058 2.1808815002441406
v 0.7478806972503662 0.17936928570270538 2.3499770164489746
v 0.7428593635559082 0.1782752275466919 2.4469661712646484
v 0.9971655607223511 0.165309876203537 2.1027932167053223
v 0.9527175426483154 0.16304482519626617 2.0543980598449707
v 1.0037325620651245 0.16119277477264404 2.0723958015441895
v 0.8614330291748047 0.17101514339447021 2.450312614440918
v 0.886273980140686 0.1583460569381714 2.516277313232422
v 0.8309149742126465 0.16296443343162537 2.4989562034606934
v 1.0368075370788574 0.14087355136871338 2.1229915618896484
v 1.009238839149475 0.10814368724822998 2.0621190071105957
v 1.0465298891067505 0.10814368724822998 2.1048455238342285
v 0.9604599475860596 0.10814368724822998 2.0408334732055664
v 0.8816329836845398 -0.09482824802398682 0.16606426239013672
v 0.774156391620636 -0.051003336906433105 0.2338629961013794
v 0.8530592918395996 -0.05551791191101074 0.21903574466705322
v 0.7801698446273804 -0.10405218601226807 0.23784399032592773
v 0.7249835729598999 -0.10405218601226807 0.23378205299377441
v -0.2330869436264038 1.2752212285995483 2.1648011207580566
v 0.7661353945732117 -0.6882074475288391 -0.2755448818206787
v 0.7480109333992004 -0.7397151589393616 -0.2700624465942383
v 0.6871554851531982 -0.7406398057937622 -0.25725167989730835
v 0.6862404942512512 -0.6875909566879272 -0.25554394721984863
v 0.7255326509475708 -0.7936888933181763 -0.27057594060897827
v 0.8908682465553284 -0.6875909566879272 -0.3042880892753601
v 0.8186802268028259 -0.7697240710258484 -0.30024927854537964
v 0.7941687107086182 -0.7922418117523193 -0.29711878299713135
v 0.9159904718399048 -0.7770127654075623 -0.32836252450942993
v 0.8452298045158386 -0.8467377424240112 -0.3171219229698181
v 0.9730924367904663 -0.7928318381309509 -0.3468756675720215
v 0.9149283170700073 -0.8844760656356812 -0.3456198573112488
v 0.8560217022895813 -0.8997868299484253 -0.3210286498069763
v 0.9159599542617798 -0.9522427916526794 -0.33193230628967285
v 0.9804301261901855 -0.9592651128768921 -0.37403663992881775
v 0.930780291557312 -1.0237599611282349 -0.3544309139251709
v 0.6307600736618042 -0.684856653213501 -0.26046067476272583
v 1.0077049732208252 -0.9829161763191223 -0.40800270438194275
v 0.9592939615249634 -1.0589336156845093 -0.4281928837299347
v 0.6997131705284119 -0.641491174697876 -0.29245269298553467
v 0.6614932417869568 -0.6322936415672302 -0.29433298110961914
v 0.845011293888092 -0.6363856792449951 -0.33325040340423584
v 0.9017540812492371 -0.6380742788314819 -0.35420551896095276
v 0.7480218410491943 -0.8138688802719116 -0.25852644443511963
v 0.7981463670730591 -0.8457851409912109 -0.23454922437667847
v 1.0019816160202026 -1.1119827032089233 -0.3955380320549011
v 1.0130068063735962 -1.0589336156845093 -0.41611552238464355
v 0.9406925439834595 -1.1096967458724976 -0.3894999325275421
v 0.9179370403289795 -1.1119827032089233 -0.014021217823028564
v 0.9101245403289795 -1.057564616203308 0.00002944469451904297
v 0.9788579940795898 -1.0665788650512695 -0.01279759407043457
v 0.9605234861373901 -1.1119827032089233 -0.024303793907165527
v 0.9179370403289795 -1.1119827032089233 -0.014021217823028564
v 0.888771116733551 -1.1033204793930054 -0.06274783611297607
v 0.899276852607727 -1.0589336156845093 -0.0915212631225586
v 0.9101245403289795 -1.057564616203308 0.00002944469451904297
v 0.8852659463882446 -1.0162596702575684 -0.05796682834625244
v 0.9134392738342285 -0.9528356790542603 -0.005626559257507324
v 0.8688048124313354 -0.9528356790542603 -0.03464788198471069
v 0.8601184487342834 -0.8989449739456177 -0.01843547821044922
v 0.9234299659729004 -1.001215934753418 -0.22818422317504883
v 0.8928992748260498 -0.9437551498413086 -0.18665719032287598
v 0.9155133962631226 -1.0058847665786743 -0.16878670454025269
v 0.8660935759544373 -0.9506155848503113 -0.07749468088150024
v 0.892137885093689 -1.0058847665786743 -0.12112760543823242
v 0.9156726598739624 -1.0486305952072144 -0.10894197225570679
v 0.8802544474601746 -0.9506863355636597 -0.2621358633041382
v 0.8560217022895813 -0.8997868299484253 -0.3210286498069763
v 0.8160263299942017 -0.8538913726806641 -0.28227418661117554
v 0.7941687107086182 -0.7922418117523193 -0.29711878299713135
v 0.9159599542617798 -0.9522427916526794 -0.33193230628967285
v 0.930780291557312 -1.0237599611282349 -0.3544309139251709
v 0.9415801763534546 -1.0920950174331665 -0.2676279544830322
v 0.8452298045158386 -0.8467377424240112 -0.3171219229698181
v 0.9618730545043945 -1.0533875226974487 -0.20639395713806152
v 0.9134855270385742 -1.114941120147705 -0.3504239320755005
v 0.9634631872177124 -1.1389507055282593 -0.32364654541015625
v 0.9592939615249634 -1.0589336156845093 -0.4281928837299347
v 0.9406925439834595 -1.1096967458724976 -0.3894999325275421
v 0.9885165691375732 -1.132787823677063 -0.3704066276550293
v 0.9863758087158203 -1.1071388721466064 -0.2540839910507202
v 1.0102232694625854 -1.1457806825637817 -0.29859310388565063
v 0.9317159652709961 -1.128332495689392 -0.03973853588104248
v 0.9605234861373901 -1.1119827032089233 -0.024303793907165527
v 0.9510213136672974 -1.1119827032089233 -0.07577019929885864
v 0.956769585609436 -1.08617103099823 -0.08649879693984985
v -0.14239168167114258 1.18351411819458 1.7336124181747437
v -0.14792197942733765 1.1716694831848145 1.632200837135315
v -0.289981484413147 1.2189000844955444 1.955344319343567
v -0.35697126388549805 1.2234591245651245 1.9161757230758667
v -0.3909459710121155 1.2247076034545898 1.8835169076919556
v -0.4722456932067871 1.2756438255310059 1.9018527269363403
v -0.23475122451782227 1.2223182916641235 2.02769136428833
v -0.19207751750946045 1.2268556356430054 2.057725429534912
v -0.49795931577682495 1.2499951124191284 1.84233558177948
v -0.42471396923065186 1.2862439155578613 1.9307745695114136
v -0.37894582748413086 1.2768138647079468 1.9626508951187134
v -0.2859177589416504 1.2756407260894775 2.015693187713623
v -0.5437453389167786 1.296142339706421 1.9343777894973755
v -0.569062352180481 1.2967219352722168 1.8639730215072632
v -0.5196658968925476 1.2427133321762085 1.7705217599868774
v -0.170637845993042 1.2033542394638062 2.0177102088928223
v -0.5496623516082764 1.2752212285995483 1.7544502019882202
v -0.1280585527420044 1.2286404371261597 2.037964344024658
v -0.1489313840866089 1.2385867834091187 2.0895237922668457
v -0.07552587985992432 1.2207226753234863 2.0070910453796387
v -0.07711756229400635 1.2459648847579956 2.067817211151123
v -0.10217118263244629 1.2512344121932983 2.114577293395996
v -0.5440520644187927 -0.7506795525550842 1.4567848443984985
v -0.5493180751800537 -0.7482297420501709 1.498224139213562
v -0.5518782734870911 -0.874127209186554 1.4505373239517212
v -0.5326752662658691 -0.8077548146247864 1.4011424779891968
v -0.614159345626831 -1.1110403537750244 0.6289992332458496
v -0.6154890060424805 -1.1119827032089233 0.7043052911758423
v -0.6134533286094666 -1.1693034172058105 0.7049473524093628
v -0.6167367100715637 -1.1650315523147583 0.6352088451385498
v -0.5910533666610718 -0.9377772212028503 0.6781550645828247
v -0.51125168800354 -1.1966146230697632 0.6315432786941528
v -0.5363050103187561 -1.2117739915847778 0.6783031225204468
v -0.49692651629447937 -1.2187916040420532 0.7031558752059937
v -0.4574892818927765 -1.2158321142196655 0.663800835609436
v -0.4861981272697449 -1.1889539957046509 0.5847829580307007
v -0.4394378364086151 -1.1901079416275024 0.6098364591598511
v -0.5613585710525513 -1.197287678718567 0.7250634431838989
v -0.6134533286094666 -1.1693034172058105 0.7049473524093628
v -0.5382549166679382 -1.1857880353927612 0.7800775766372681
v -0.5927217602729797 -1.1670879125595093 0.7705363035202026
v -0.5830650925636292 -1.2083345651626587 0.6532496213912964
v -0.5580117702484131 -1.209180474281311 0.6064897775650024
v -0.6167367100715637 -1.1650315523147583 0.6352088451385498
v 0.7995426058769226 -0.7721181511878967 -0.6176235675811768
v 0.8766363263130188 -0.7795056104660034 -0.6109013557434082
v 0.7885685563087463 -0.845970630645752 -0.5609200596809387
v 0.8675968647003174 -0.8470490574836731 -0.5489793419837952
v 0.9521299600601196 -0.8375652432441711 -0.5762194395065308
v 0.950927734375 -0.914251446723938 -0.5210874080657959
v 1.016646385192871 -0.9190446734428406 -0.5362447500228882
v 0.7596850991249084 -0.7406398057937622 -0.6107357144355774
v 0.9919143915176392 -0.8467377424240112 -0.6014031767845154
v 0.747117817401886 -0.9319954514503479 -0.5559226870536804
v 0.8765170574188232 -0.9995765089988708 -0.5443775653839111
v 0.9531831741333008 -1.0058847665786743 -0.5291147232055664
v 0.5709858536720276 -0.7414735555648804 -0.5852365493774414
v 0.5296613574028015 -0.6820659637451172 -0.5601925849914551
v 0.994613528251648 -1.0058847665786743 -0.547690749168396
v 0.9099768400192261 -0.7936888933181763 -0.6532213091850281
v 0.9906809329986572 -0.947547972202301 -0.5994842648506165
v 0.9433534145355225 -0.8469936847686768 -0.6219298839569092
v 0.9809048175811768 0.11014456301927567 1.3684295415878296
v 0.9923920631408691 0.10887008905410767 1.4323045015335083
v 0.9904024600982666 0.10820013284683228 1.3113471269607544
v 0.9267587661743164 -0.05094563961029053 0.9806848764419556
v 0.8765411376953125 -0.03790390491485596 1.0741865634918213
v -1.0032448768615723 -0.1780313104391098 0.4262744188308716
v -1.042238473892212 -0.20418649911880493 0.4209747314453125
v -1.0180299282073975 -0.2629871368408203 0.4361790418624878
v -0.9467186331748962 -0.15710127353668213 0.45586681365966797
v -0.9460073113441467 -0.10405218601226807 0.4538874626159668
v -1.0295372009277344 -0.3044021725654602 0.47448933124542236
v -1.0362476110458374 -0.15710127353668213 0.6511745452880859
v -1.0112416744232178 -0.16394281387329102 0.5799812078475952
v -1.0460529327392578 -0.2088136076927185 0.6216024160385132
v -1.0144023895263672 -0.22303487360477448 0.5435140132904053
v -0.9808874130249023 -0.186387300491333 0.4963644742965698
v -0.9739019870758057 -0.1296037882566452 0.5316563844680786
v -1.052567481994629 -0.26319921016693115 0.5822473764419556
v -1.018013596534729 -0.2731253206729889 0.5105606317520142
v -0.9523653388023376 -0.10405218601226807 0.5155670642852783
v -0.9963849186897278 -0.23052635788917542 0.47570502758026123
v -0.9910848736763 -0.10308733582496643 0.6234743595123291
v -1.0080578327178955 -0.10616898536682129 0.6662782430648804
v -1.0790674686431885 -0.2947338819503784 0.5680489540100098
v -1.1041209697723389 -0.3022345304489136 0.6148089170455933
v -1.0350852012634277 -0.15710127353668213 0.7115050554275513
v -1.0565910339355469 -0.2636767029762268 0.6391739845275879
v -1.0394468307495117 -0.2509424686431885 0.7128692865371704
v -1.082414150238037 -0.2928675413131714 0.6866227388381958
v -1.1074676513671875 -0.29134833812713623 0.733383059501648
v -1.0313122272491455 -0.2101501226425171 0.7104190587997437
v -0.9876845479011536 -0.10442417860031128 0.7361958026885986
v -0.9216651916503906 -0.06625986099243164 0.6361675262451172
v -0.9638404250144958 -0.08179676532745361 0.6899694204330444
v -1.0044686794281006 -0.15710127353668213 0.7657986879348755
v -1.0040152072906494 -0.2101501226425171 0.7649521827697754
v -0.9170801639556885 -0.06762969493865967 0.7150229215621948
v -0.8658614754676819 -0.07138638198375702 0.5607692003250122
v -0.8669732809066772 -0.054564833641052246 0.6215027570724487
v -0.8920267820358276 -0.05307877063751221 0.6682629585266113
v -0.8101481199264526 -0.05686139315366745 0.6391075849533081
v -1.1007742881774902 -0.31320273876190186 0.4962352514266968
v -1.1475341320037842 -0.29670703411102295 0.47118186950683594
v -1.0295372009277344 -0.3044021725654602 0.47448933124542236
v -1.0757207870483398 -0.29844510555267334 0.44947493076324463
v -1.0790674686431885 -0.2947338819503784 0.5680489540100098
v -1.082414150238037 -0.2928675413131714 0.6866227388381958
v 0.94663405418396 0.23926007747650146 1.9543105363845825
v 0.8998737931251526 0.24416673183441162 1.929256796836853
v 1.0042380094528198 0.24536916613578796 1.9756895303726196
v 0.9249271154403687 0.2385770082473755 1.8824971914291382
v 0.9683408737182617 0.2477506399154663 2.0261244773864746
v 0.5652917623519897 -0.3736793100833893 1.6839584112167358
v 0.8013806939125061 0.20306742191314697 1.21446692943573
v -0.2941843867301941 1.184827208518982 1.3496800661087036
v -0.444505512714386 1.2663220167160034 1.6302412748336792
v -0.6272519826889038 1.326578974723816 1.173951268196106
v -0.6021542549133301 1.3272217512130737 1.247766375541687
v -0.6456149816513062 1.321311593055725 1.1073646545410156
v -0.6407719850540161 1.2747048139572144 0.9856092929840088
v -0.5431670546531677 1.2949960231781006 1.3159769773483276
v -0.5796499848365784 1.3277840614318848 1.3179956674575806
v -0.6248528957366943 1.3513706922531128 1.2928794622421265
v -0.6465593576431274 1.3504446744918823 1.221065878868103
v -0.5651339888572693 1.3252917528152466 1.3850592374801636
v -0.4920276999473572 1.2826095819473267 1.3603299856185913
v -0.664919376373291 1.2943943738937378 1.0306782722473145
v -0.6899726390838623 1.322391390800476 1.0774381160736084
v -0.7277576923370361 1.2752212285995483 1.057193398475647
v -0.7381073236465454 1.2752212285995483 1.1118319034576416
v -0.7617865204811096 1.2410978078842163 1.0991449356079102
v -0.7367329597473145 1.2549461126327515 1.052384614944458
v -0.6938719749450684 1.2752212285995483 1.0151658058166504
v -1.2378032207489014 0.20299851894378662 1.9875887632369995
v -1.2160961627960205 0.19638478755950928 2.0594024658203125
v -1.1742596626281738 0.18725892901420593 1.9781187772750854
v -1.1876959800720215 0.18479502201080322 1.8940683603286743
v -1.2127494812011719 0.19552481174468994 1.9408286809921265
v -1.1693360805511475 0.17946994304656982 2.084455966949463
v -0.9804312586784363 0.17309042811393738 1.833642840385437
v -0.9863057136535645 0.17572984099388123 1.7581809759140015
v -1.1801061630249023 0.16119277477264404 2.1045570373535156
v 0.41725873947143555 1.306303858757019 1.3697608709335327
v 0.45819270610809326 1.3282698392868042 1.4518760442733765
v 0.5999547839164734 -0.4114777147769928 1.412366509437561
v 0.528323769569397 -0.35797417163848877 1.4334198236465454
v 0.6241130828857422 -0.4380511939525604 1.4290775060653687
v 0.6520586609840393 -0.447630375623703 1.3679026365280151
v 0.5595695376396179 -0.3658292591571808 1.333422303199768
v 0.6715918779373169 -0.4763507843017578 1.4555553197860718
v 0.5689713358879089 -0.3851563632488251 1.5184639692306519
v 0.6227083206176758 -0.4231795072555542 1.54143488407135
v 0.6751655340194702 -0.44520294666290283 1.3234714269638062
v 0.5919055938720703 -0.36432790756225586 1.2827833890914917
v 0.6009527444839478 -0.3851281404495239 1.5885485410690308
v 0.9087294936180115 0.26321443915367126 1.1713069677352905
v 1.0098333358764648 0.36301538348197937 1.1602474451065063
v 1.0101792812347412 0.26729071140289307 1.1617445945739746
v 0.9829870462417603 0.21340179443359375 1.189327597618103
v 0.9199546575546265 0.5048526525497437 1.2178138494491577
v 0.890489935874939 0.5018591284751892 1.2727917432785034
v 0.8721326589584351 0.48332202434539795 1.1891382932662964
v 0.9631974697113037 0.5206897258758545 1.2461081743240356
v 0.8295198678970337 0.490102082490921 1.4093517065048218
v 0.9726024866104126 0.5226972699165344 1.4329131841659546
v 0.8163937330245972 0.4914892911911011 1.5234287977218628
v 0.9917681217193604 0.5105050802230835 1.196107268333435
v 0.8481410145759583 0.4936164617538452 1.2395206689834595
v 0.8184891939163208 0.4842507839202881 1.283817172050476
v 0.7980338931083679 0.4878333806991577 1.3330413103103638
v 0.8086579442024231 0.4765281677246094 1.218366026878357
v 0.9461774826049805 0.4794865846633911 1.1742228269577026
v 0.8291630148887634 0.42643749713897705 1.1736444234848022
v 1.00473952293396 0.4794865846633911 1.171897530555725
v -0.6979206204414368 1.3282698392868042 1.7351988554000854
v 0.9716874361038208 0.06718647480010986 1.9075506925582886
v 0.94663405418396 0.08455312252044678 1.9543105363845825
v 0.8828141093254089 0.08858237415552139 1.953978419303894
v 0.9179649353027344 0.07388921827077866 1.8769253492355347
v 0.9215805530548096 0.08921968936920166 2.001070976257324
v 0.9967410564422607 0.06428706645965576 1.8607903718948364
v 0.9969196319580078 0.05943334102630615 1.9812530279159546
v -0.20401108264923096 1.1344293355941772 1.51836097240448
v -0.25525134801864624 1.1357296705245972 1.480721116065979
v -0.22571760416030884 1.0982965230941772 1.4465473890304565
v -0.2677924633026123 1.12482488155365 1.4240041971206665
v -0.20066404342651367 1.0935300588607788 1.3997868299484253
v -1.1186048984527588 0.5265247225761414 1.5395399332046509
v 0.47846031188964844 1.3288984298706055 1.7038325071334839
v 0.531209409236908 1.3290194272994995 1.719709038734436
v 0.5092910528182983 1.2752212285995483 1.7596272230148315
v 0.5074323415756226 1.2896679639816284 1.53844153881073
v 0.5291391015052795 1.2907203435897827 1.6102553606033325
v 0.4823787808418274 1.315006136894226 1.5852018594741821
v 0.5089638829231262 1.3300660848617554 1.6583250761032104
v 0.5508456230163574 1.3026450872421265 1.682069182395935
v 0.44466203451156616 1.2732324600219727 1.5522102117538452
v 0.4606722593307495 1.299521803855896 1.5133880376815796
v 0.4857257604598999 1.2865442037582397 1.4666279554367065
v 0.4420020580291748 1.2752212285995483 1.5033849477767944
v 0.4859403967857361 1.3010282516479492 1.6476842164993286
v 0.469840943813324 1.2746810913085938 1.6161175966262817
v 0.4573252201080322 1.2615069150924683 1.6319621801376343
v 0.48212867975234985 1.2737371921539307 1.7002955675125122
v 0.766928493976593 0.26729071140289307 1.1664420366287231
v 0.767768919467926 0.3465161621570587 1.163955807685852
v 0.763069748878479 0.214241623878479 1.173643946647644
v 0.6127121448516846 -0.8341926336288452 -0.5625579357147217
v -0.7014034986495972 1.2694401741027832 1.8417001962661743
v -0.6684724688529968 1.323341965675354 1.9313164949417114
v 0.7129281759262085 -0.022903800010681152 0.14395534992218018
v -0.6947507858276367 0.5359052419662476 0.14745384454727173
v -0.6414847373962402 0.5406480431556702 0.12937533855438232
v -0.6651322245597839 0.5390423536300659 0.13816124200820923
v -0.62362140417099 0.7443548440933228 0.0045146942138671875
v -0.6307309865951538 0.7433520555496216 0.010917365550994873
v -0.9960147142410278 0.4662855863571167 -0.09368950128555298
v -0.938937783241272 0.4735151529312134 -0.10617077350616455
v -0.9253121614456177 0.4481131434440613 -0.17985475063323975
v -1.0298271179199219 0.4276932179927826 -0.20027649402618408
v -0.8685989379882812 0.4552961587905884 -0.16175425052642822
v -1.1057467460632324 0.4450927972793579 -0.16844791173934937
v -1.0480635166168213 0.4622676968574524 -0.0714370608329773
v -1.177560567855835 0.45556366443634033 -0.14674115180969238
v -1.2059717178344727 0.47866952419281006 -0.09991157054901123
v -0.8809596300125122 0.4237893223762512 -0.21022582054138184
v -0.7967852354049683 0.45373475551605225 -0.18346083164215088
v -0.8837088942527771 0.485690176486969 -0.11003780364990234
v -0.7382029891014099 0.42826831340789795 -0.21694958209991455
v -0.834433913230896 0.5038211345672607 -0.10670691728591919
v -0.6814440488815308 0.4821705222129822 -0.18541401624679565
v -0.7063140869140625 0.5301104187965393 -0.12546944618225098
v -0.7949924468994141 0.5279980301856995 -0.0968770980834961
v -0.7622823715209961 0.5591135025024414 -0.08524459600448608
v -1.090670108795166 0.4613354206085205 -0.04050922393798828
v -1.2026386260986328 0.482116162776947 -0.03149569034576416
v -1.121537208557129 0.4622623324394226 -0.0030049681663513184
v -1.1387094259262085 0.463978111743927 0.03872871398925781
v -1.1440130472183228 0.4676899015903473 0.07991582155227661
v -1.2195478677749634 0.5314104557037354 0.03784710168838501
v -1.201931357383728 0.5325354337692261 0.13319683074951172
v -1.136272668838501 0.47091275453567505 0.11714977025985718
v -1.2013362646102905 0.5292002558708191 0.2235168218612671
v -1.1169662475585938 0.47384825348854065 0.14704155921936035
v -1.0864238739013672 0.47669368982315063 0.16698527336120605
v -1.159329891204834 0.5325354337692261 0.26854217052459717
v -1.0855852365493774 0.5276455879211426 0.26618266105651855
v -1.0471827983856201 0.4791666269302368 0.17673563957214355
v -1.0222666263580322 0.5083714723587036 0.2373807430267334
v -1.0023186206817627 0.482288122177124 0.1785588264465332
v -0.6254872679710388 0.5422860383987427 0.11794233322143555
v -0.5104513764381409 0.4981003999710083 0.055807292461395264
v -0.46596550941467285 0.49352726340293884 -0.009585797786712646
v -0.37943384051322937 0.4254056215286255 -0.06303948163986206
v -0.4441481828689575 0.4797099828720093 -0.0550304651260376
v -0.4943547546863556 0.5325354337692261 -0.021422505378723145
v -0.620206356048584 0.5473346710205078 0.10476827621459961
v -0.5230132341384888 0.5325354337692261 0.023406028747558594
v -0.5247293710708618 0.5299158096313477 0.207389235496521
v -0.4761578440666199 0.5072563886642456 0.22906124591827393
v -0.5046876668930054 0.5284237861633301 0.2748810052871704
v -0.4373425841331482 0.4768633246421814 0.26155149936676025
v -0.5496915578842163 0.558570384979248 0.2562345266342163
v -0.6167050004005432 0.5871963500976562 0.2709670066833496
v -0.5947314500808716 0.567196249961853 0.22571444511413574
v -0.6610482931137085 0.5927565097808838 0.2387864589691162
v -0.5714277625083923 0.5294586420059204 0.18222010135650635
v -0.5665374398231506 0.637832760810852 0.06142747402191162
v -0.5693392753601074 0.5857774019241333 0.052807390689849854
v -0.5296839475631714 0.6386336088180542 0.019831955432891846
v -0.5335903167724609 0.5855845212936401 0.01773899793624878
v -0.5230132341384888 0.5325354337692261 0.023406028747558594
v -0.620206356048584 0.5473346710205078 0.10476827621459961
v -0.5088068246841431 0.5855845212936401 -0.03912121057510376
v -0.4943547546863556 0.5325354337692261 -0.021422505378723145
v -0.6431313753128052 0.5797115564346313 0.07240426540374756
v -0.6314402222633362 0.5654582977294922 0.08336085081100464
v -0.6229110956192017 0.5545934438705444 0.09454125165939331
v -0.6310877203941345 0.7327020168304443 -0.020260095596313477
v -0.6235761642456055 0.7413420081138611 -0.006963193416595459
v -0.5379310846328735 0.7171353101730347 -0.1049538254737854
v -0.5846909284591675 0.719997763633728 -0.13000714778900146
v -0.8062283992767334 0.5325354337692261 0.17720329761505127
v -0.9195892810821533 0.5291873216629028 0.17665815353393555
v -0.8020116686820984 0.5855845212936401 0.18130028247833252
v -0.8595361113548279 0.5010324120521545 0.16486656665802002
v -0.906936764717102 0.49265772104263306 0.17001426219940186
v -0.9544615149497986 0.48655954003334045 0.17546594142913818
v -0.9820361137390137 0.5325354337692261 0.1987520456314087
v -1.0023186206817627 0.482288122177124 0.1785588264465332
v -0.7318206429481506 0.5305356383323669 0.15248602628707886
v -0.7713438868522644 0.5213568210601807 0.15614080429077148
v -0.814031183719635 0.5107336640357971 0.16095751523971558
v -1.021043300628662 0.5400084257125854 0.2380361557006836
v -1.0222666263580322 0.5083714723587036 0.2373807430267334
v -1.0855852365493774 0.5276455879211426 0.26618266105651855
v -0.8644774556159973 0.6386336088180542 0.16753506660461426
v -0.8183934688568115 0.6386336088180542 0.19385087490081787
v -0.6566436290740967 0.5956149697303772 0.0615268349647522
v -0.6690841913223267 0.6143219470977783 0.049383342266082764
v -0.6066845059394836 0.7546291351318359 -0.08895617723464966
v -0.5300906300544739 0.6916822195053101 -0.11958730220794678
v -0.5749552249908447 0.6916822195053101 -0.14817798137664795
v -0.6313381195068359 0.6905728578567505 -0.15463519096374512
v -0.6336879730224609 0.6386336088180542 -0.16520553827285767
v -0.5684459209442139 0.6386336088180542 -0.1603270173072815
v -0.5673247575759888 0.5855845212936401 -0.16241949796676636
v -0.6163454055786133 0.5482384562492371 -0.1798664927482605
v -0.6491661667823792 0.737449049949646 -0.10436844825744629
v -0.6772891879081726 0.691199004650116 -0.12032610177993774
v -0.6454306840896606 0.5855845212936401 -0.16255074739456177
v -0.6870158910751343 0.5855845212936401 -0.12464785575866699
v -0.7063140869140625 0.5301104187965393 -0.12546944618225098
v -0.6584880352020264 0.5325354337692261 -0.16954666376113892
v -0.7622823715209961 0.5591135025024414 -0.08524459600448608
v -0.7103708982467651 0.6386336088180542 -0.07697772979736328
v -0.6814440488815308 0.4821705222129822 -0.18541401624679565
v -0.6670491099357605 0.6954745650291443 -0.042540669441223145
v -0.6889051198959351 0.6656465530395508 -0.05268716812133789
v -0.7123608589172363 0.6309871077537537 -0.061351776123046875
v -0.7359679937362671 0.5943114161491394 -0.07271909713745117
v -0.6469990611076355 0.71832674741745 -0.031241953372955322
v 0.2740197479724884 1.25108003616333 0.11285781860351562
v 0.24340295791625977 1.2511649131774902 0.2611788511276245
v 0.11317199468612671 1.2409746646881104 0.1140679121017456
v 0.1905500590801239 1.239701747894287 -0.08198118209838867
v 0.33583590388298035 1.2500077486038208 -0.018637657165527344
v 0.01738753914833069 1.2381203174591064 0.10307753086090088
v 0.02950894832611084 1.2383437156677246 -0.03153526782989502
v 0.005465507507324219 1.234593391418457 -0.21190500259399414
v 0.027021855115890503 1.2370649576187134 0.23265862464904785
v 0.16392609477043152 1.239730715751648 0.3121439218521118
v 0.09095847606658936 1.240323543548584 0.43725037574768066
v 0.24997100234031677 1.2537002563476562 0.4260132312774658
v 0.19091486930847168 1.2458523511886597 0.5238698720932007
v 0.1433241367340088 1.2428736686706543 0.5867372751235962
v 0.06525278091430664 1.239742398262024 -0.2225203514099121
v 0.2261110544204712 1.2226063013076782 -0.36906707286834717
v 0.12994176149368286 1.2182196378707886 -0.40300142765045166
v 0.26158398389816284 1.2622026205062866 0.5994184017181396
v 0.17513835430145264 1.2422899007797241 0.698384165763855
v 0.011597543954849243 1.2250185012817383 -0.2613515853881836
v 0.03171946108341217 1.2138820886611938 -0.46112728118896484
v 0.04822409152984619 1.2202762365341187 0.5982421636581421
v 0.010412096977233887 1.2194926738739014 0.4379429817199707
v 0.28955012559890747 1.2717008590698242 0.7215148210525513
v -0.05904689431190491 1.212177038192749 0.2957587242126465
v 0.11307060718536377 1.2240216732025146 0.7007615566253662
v 0.14056092500686646 1.2269366979599 0.7649227380752563
v -0.07179567217826843 1.1991983652114868 -0.30463123321533203
v -0.05485856533050537 1.2156808376312256 -0.09346318244934082
v -0.04469826817512512 1.2221193313598633 -0.18750041723251343
v -0.09255620837211609 1.2131273746490479 -0.17103445529937744
v -0.118035227060318 1.2129511833190918 -0.24221616983413696
v -0.15019437670707703 1.2032561302185059 -0.08534997701644897
v -0.0033628344535827637 1.2298555374145508 0.01210629940032959
v -0.11042657494544983 1.1972417831420898 0.2326948642730713
v 0.16621732711791992 1.2321676015853882 0.8008327484130859
v 0.1922338604927063 1.2334158420562744 0.8781700134277344
v -0.08895444869995117 1.1995363235473633 -0.035370707511901855
v -0.04192879796028137 1.2092422246932983 -0.01975274085998535
v -0.06567206978797913 1.2078980207443237 0.11913543939590454
v -0.1059482991695404 1.1959984302520752 0.09998488426208496
v -0.06698223948478699 1.1995052099227905 0.027007341384887695
v 0.2857944965362549 1.2762360572814941 0.8242110013961792
v 0.3569188714027405 1.294295072555542 0.9141896963119507
v 0.3045356869697571 1.2806041240692139 0.89466392993927
v 0.2565460205078125 1.250959873199463 0.9241690635681152
v 0.16571015119552612 1.2234177589416504 0.9509509801864624
v 0.20097017288208008 1.2189325094223022 0.9892737865447998
v 0.304578959941864 1.239881992340088 1.0086889266967773
v 0.27522873878479004 1.2238067388534546 1.055859923362732
v 0.24998915195465088 1.2221577167510986 1.101248860359192
v 0.3304319977760315 1.24960458278656 1.0825062990188599
v 0.30537867546081543 1.2337082624435425 1.1292661428451538
v 0.22307133674621582 1.2262415885925293 1.158063292503357
v 0.28032511472702026 1.2276285886764526 1.176026463508606
v 0.35548555850982666 1.263511061668396 1.0357459783554077
v 0.3873876929283142 1.2737255096435547 1.1466270685195923
v 0.3270851969718933 1.2404907941818237 1.2010797262191772
v 0.38883739709854126 1.2708755731582642 1.2335182428359985
v 0.4456590414047241 1.2777599096298218 1.204426646232605
v 0.3296172022819519 1.2760752439498901 0.964463472366333
v 0.31713980436325073 1.2499197721481323 -0.1282862424850464
v 0.3232171833515167 1.226019024848938 -0.3639916777610779
v 0.4419320225715637 1.245060682296753 -0.08167505264282227
v 0.43421465158462524 1.2245936393737793 -0.23040032386779785
v 0.42016011476516724 1.227391004562378 -0.389325350522995
v 0.4674624800682068 1.2301356792449951 -0.1853170394897461
v 0.4621570110321045 1.2220927476882935 -0.2822381258010864
v 0.5207080841064453 1.2200262546539307 -0.353662371635437
v 0.6465994119644165 1.2265056371688843 -0.40722909569740295
v 0.6114972233772278 1.2272182703018188 -0.49028995633125305
v 0.7166414260864258 1.2267906665802002 -0.4840940535068512
v 0.7034010887145996 1.2257275581359863 -0.5496126413345337
v 0.7636768817901611 1.2406762838363647 -0.33230698108673096
v 0.9293371438980103 1.2435402870178223 -0.5501822233200073
v 0.9723443984985352 1.2407230138778687 -0.4600370228290558
v 1.0169167518615723 1.2519925832748413 -0.535740852355957
v 1.0419702529907227 1.2508410215377808 -0.5825009346008301
v 0.9952101707458496 1.2487887144088745 -0.6075544357299805
v 1.020263671875 1.2481697797775269 -0.6543146967887878
v 0.5161300897598267 1.227760672569275 -0.4337198734283447
v 0.8071592450141907 1.2587944269180298 -0.2188228964805603
v 0.7137659788131714 1.2759205102920532 -0.0565180778503418
v 0.63310706615448 1.2767539024353027 0.0000896453857421875
v 1.035065770149231 1.2384306192398071 -0.4609845280647278
v 0.42060548067092896 1.2881611585617065 1.251186728477478
v 0.46463942527770996 1.2779719829559326 1.279434323310852
v 0.6123826503753662 1.2744477987289429 1.1553359031677246
v 0.39462947845458984 1.2844105958938599 1.2984164953231812
v 1.071779489517212 1.2240370512008667 -0.6311275959014893
v 1.0744221210479736 1.225351333618164 -0.5273193717002869
v 0.34879183769226074 1.246099829673767 1.2728937864303589
v 1.0570940971374512 1.2221721410751343 -0.4540308117866516
v -0.01790371537208557 1.1891648769378662 -0.4126768112182617
v -0.08878377079963684 1.1919502019882202 -0.39537596702575684
v -0.08479468524456024 1.1676185131072998 -0.5222072005271912
v -0.03355610370635986 1.1716867685317993 -0.49673524498939514
v -0.1975989043712616 1.2045403718948364 -0.472427099943161
v -0.16526448726654053 1.1811186075210571 -0.5944052934646606
v 1.0045347213745117 0.10716281831264496 -0.5545708537101746
v 1.0061801671981812 -0.06262177228927612 -0.6091035604476929
v 1.0027192831039429 0.011973842978477478 -0.5020276308059692
v 0.9991174936294556 0.2373725175857544 -0.6119365096092224
v 1.0043675899505615 0.2734941840171814 -0.5023542642593384
v 1.0058578252792358 0.3676753342151642 -0.6188633441925049
v 1.0052920579910278 0.6257101893424988 -0.6075940132141113
v 1.0016844272613525 0.3765715956687927 -0.6747974157333374
v 0.9990296363830566 0.6248051524162292 -0.6743431091308594
v 1.004081130027771 -0.21749050915241241 -0.6030770540237427
v 1.0109598636627197 -0.10384920239448547 -0.5333309173583984
v 1.0112709999084473 -0.015153792686760426 -0.43154799938201904
v 1.0148481130599976 -0.20553596317768097 -0.5047812461853027
v 0.9946573972702026 0.7367371320724487 -0.6046315431594849
v 1.0008925199508667 0.72412109375 -0.6736028790473938
v 0.9903724193572998 0.8045697808265686 -0.6101831197738647
v 1.0305861234664917 -0.44533127546310425 -0.5287442207336426
v 1.0125688314437866 -0.2959764003753662 -0.640464186668396
v 1.0255728960037231 -0.4685411751270294 -0.5891923904418945
v 1.0340126752853394 -0.4753950834274292 -0.6469482183456421
v 1.0061254501342773 0.808975100517273 -0.6730191111564636
v 1.0063209533691406 0.918102502822876 -0.616098165512085
v 1.014390468597412 0.8826130032539368 -0.6710449457168579
v 1.0247210264205933 0.9488167762756348 -0.6699585318565369
v 1.029288411140442 1.0205228328704834 -0.5735667943954468
v 1.0416120290756226 1.0594900846481323 -0.6710675954818726
v 1.0645869970321655 1.1189841032028198 -0.5296740531921387
v 1.0422818660736084 1.1046894788742065 -0.6753154397010803
v 1.0764566659927368 1.1742169857025146 -0.5216189622879028
v 1.0622704029083252 1.1695104837417603 -0.44216471910476685
v 1.0570940971374512 1.2221721410751343 -0.4540308117866516
v 1.0744221210479736 1.225351333618164 -0.5273193717002869
v 1.071779489517212 1.2240370512008667 -0.6311275959014893
v 1.0259205102920532 1.020703673362732 -0.5267946720123291
v 1.0405558347702026 1.107132077217102 -0.4461314082145691
v 1.0291097164154053 1.0612951517105103 -0.44841188192367554
v 0.9991809129714966 0.5107895731925964 -0.6755126714706421
v 1.0598089694976807 -0.5284439325332642 -0.6331268548965454
v 1.021170735359192 -0.6908875703811646 -0.6517492532730103
v -0.06986871361732483 1.2118452787399292 -0.5408493280410767
v -0.1780749261379242 1.2140905857086182 -0.6243153810501099
v 1.021170735359192 -0.6908875703811646 -0.6517492532730103
v 0.8644622564315796 1.2176904678344727 -0.6420937776565552
v 0.7874323725700378 1.2229461669921875 -0.601836085319519
v 0.927189826965332 1.208708643913269 -0.667344331741333
v 1.0350911617279053 1.0082730054855347 -0.6710056662559509
v -0.6839103102684021 0.6577206254005432 0.025005996227264404
v -0.6840717792510986 0.680199921131134 0.01646578311920166
v -0.6696624755859375 0.7170571088790894 0.011308073997497559
v -0.678359866142273 0.7008901238441467 0.011304914951324463
v -1.2576940059661865 1.2964786291122437 -0.6711437106132507
v -0.5768809914588928 -1.3004330396652222 -0.6054914593696594
v -0.5019481778144836 -1.2956440448760986 -0.6284474730491638
v -0.4556916058063507 -1.2890174388885498 -0.6035168170928955
v -0.8547769784927368 -1.2979727983474731 -0.6423889398574829
v -0.8993864059448242 -1.2950494289398193 -0.6597543954849243
v -0.7228347659111023 -1.2981300354003906 -0.6244907379150391
v -0.6431174278259277 -1.2994698286056519 -0.5825960636138916
v -0.5963571667671204 -1.2966569662094116 -0.5575425624847412
v -0.5245438814163208 -1.2896214723587036 -0.5792492628097534
v -0.8147478103637695 -1.2872354984283447 -0.6087533235549927
v -0.4829345941543579 -1.2694846391677856 -0.5592330694198608
v -0.5495588183403015 -1.2695015668869019 -0.5349047183990479
v -0.40654367208480835 -1.2713418006896973 -0.5655550956726074
v -0.44049161672592163 -1.2480958700180054 -0.5085417032241821
v -0.38800930976867676 -1.2404296398162842 -0.49924662709236145
v -0.4811302423477173 -1.2315713167190552 -0.43562182784080505
v -0.4329332709312439 -1.231613278388977 -0.4121077060699463
v -0.355445921421051 -1.222285509109497 -0.4268980920314789
v -0.5028370022773743 -1.23806631565094 -0.50743567943573
v -0.5278905630111694 -1.2373026609420776 -0.46067535877227783
v -0.5788360238075256 -1.2502802610397339 -0.3687295913696289
v -0.5329211354255676 -1.2449716329574585 -0.34223589301109314
v -0.35920941829681396 -1.2645152807235718 -0.5508489608764648
v -0.6772061586380005 -1.273882508277893 -0.5361716151237488
v -0.6214107275009155 -1.2962990999221802 -0.5107822418212891
v -0.5783491134643555 -1.270282506942749 -0.4808847904205322
v -0.6041833162307739 -1.2714744806289673 -0.4294823408126831
v -0.6464641094207764 -1.2877625226974487 -0.4640221893787384
v -0.3026387393474579 -1.2343978881835938 -0.5217286348342896
v -0.28022468090057373 -1.2242040634155273 -0.5701544880867004
v -0.6693058609962463 -1.2711294889450073 -0.4762604832649231
v -0.712337851524353 -1.266842007637024 -0.573033332824707
v -0.7618822455406189 -1.2709455490112305 -0.5865164995193481
v -0.3706832528114319 -1.2170321941375732 -0.6705228090286255
v -0.33415597677230835 -1.230296015739441 -0.5976090431213379
v 1.0440847873687744 0.1700071096420288 0.31611573696136475
v 0.9795923233032227 0.18976643681526184 0.3831058740615845
v 0.9750499725341797 0.18901124596595764 0.35710883140563965
v 0.9672379493713379 0.18732884526252747 0.34064602851867676
v 1.046583890914917 0.16119277477264404 0.262540340423584
v 0.9560632705688477 0.1847153604030609 0.33694982528686523
v 1.0374712944030762 0.16119277477264404 0.3780249357223511
v 0.980858325958252 0.18994493782520294 0.4142493009567261
v 1.0315027236938477 0.16119277477264404 0.44209539890289307
v 0.9811042547225952 0.1898263841867447 0.44862234592437744
v 0.9856921434402466 0.19099359214305878 0.5204453468322754
v 1.024582028388977 0.16119277477264404 0.4914860725402832
v 0.9884968996047974 0.1927846521139145 0.5587469339370728
v 1.0316457748413086 0.16154709458351135 0.5564013719558716
v 0.991951584815979 0.19456346333026886 0.5989015102386475
v 1.028093934059143 0.16119277477264404 0.6137348413467407
v 0.9936981201171875 0.19612854719161987 0.6393693685531616
v 1.034732699394226 0.158311665058136 0.6707627773284912
v 0.9944212436676025 0.19688566029071808 0.6803535223007202
v 0.9930660724639893 0.19657565653324127 0.7209775447845459
v 1.0296822786331177 0.16119277477264404 0.7349528074264526
v 0.9899858236312866 0.19494982063770294 0.759628415107727
v 1.0278654098510742 0.17053043842315674 0.7930235862731934
v 0.9868446588516235 0.19267211854457855 0.7946294546127319
v 0.9840598106384277 0.19062483310699463 0.8236781358718872
v 1.036661982536316 0.16119277477264404 0.8590594530105591
v 0.9779045581817627 0.18781709671020508 0.8442612886428833
v 1.037156581878662 0.16409891843795776 0.8974426984786987
v 0.9712545871734619 0.18521489202976227 0.852537989616394
v 0.9819278717041016 0.1899595558643341 0.48478472232818604
v 0.941419243812561 0.18191483616828918 0.3480945825576782
v 0.821893572807312 0.15959490835666656 0.15432941913604736
v 0.9425003528594971 0.17228259146213531 0.14500939846038818
v 0.8218358755111694 0.16550016403198242 0.08464139699935913
v 0.9256954193115234 0.17923063039779663 0.37708818912506104
v 0.7674645781517029 0.1687382459640503 0.1408991813659668
v 0.961284875869751 0.18298450112342834 0.8478238582611084
v 1.0285567045211792 0.16119277477264404 0.9750838279724121
v 1.037156581878662 0.16409891843795776 0.8974426984786987
v 0.961284875869751 0.18298450112342834 0.8478238582611084
v 0.9254668951034546 0.17759492993354797 0.7506721019744873
v 0.906261146068573 0.17552155256271362 0.5870764255523682
v 0.9105784893035889 0.1758759766817093 0.6447242498397827
v 0.9157801866531372 0.1765216737985611 0.7004595994949341
v 0.916504979133606 -0.7911320328712463 -0.6762428879737854
v 0.9201672077178955 -0.8196415901184082 -0.6762397885322571
v 0.9215456247329712 -0.8467377424240112 -0.6762397885322571
v 0.9091629981994629 -0.7519515156745911 -0.6762543320655823
v 0.9211017489433289 -0.73934406042099 -0.6762543320655823
v 0.851452648639679 -1.1429599523544312 -0.6762256622314453
v 0.8349871039390564 -1.1501526832580566 -0.676249623298645
v 0.8568985462188721 -1.1401805877685547 -0.6762005686759949
v 0.8639100790023804 -1.132565975189209 -0.6762500405311584
v 0.923987865447998 -1.0071041584014893 -0.6762381196022034
v 0.916957676410675 -1.0438799858093262 -0.6762481331825256
v 0.9226714968681335 -0.9794277548789978 -0.6762393712997437
v 0.9194559454917908 -0.8997868299484253 -0.6762421727180481
v 0.9228172898292542 -0.9287706613540649 -0.6762393712997437
v 0.9272591471672058 -0.9528356790542603 -0.6762393712997437
v 0.9188084006309509 -0.875999391078949 -0.6762421727180481
v 0.9778695702552795 -0.7201673984527588 -0.6762414574623108
v 0.9463952779769897 -0.7225532531738281 -0.6762290000915527
v 1.0042201280593872 -0.7148402333259583 -0.6762414574623108
v 0.9211017489433289 -0.73934406042099 -0.6762543320655823
v 0.8830410242080688 -1.1123554706573486 -0.6762500405311584
v 0.7927202582359314 -1.1664460897445679 -0.676249623298645
v 0.8849703073501587 -1.1067450046539307 -0.6762500405311584
v 0.7684466242790222 -1.1713217496871948 -0.676249623298645
v 0.8916270732879639 -1.097116231918335 -0.6762500405311584
v 0.7289326786994934 -1.1770105361938477 -0.6762290000915527
v 0.9081934094429016 -1.0636329650878906 -0.6762481331825256
v 0.7065359354019165 -1.1750072240829468 -0.6762290000915527
v 0.6770190000534058 -1.183680534362793 -0.6762540340423584
v 0.6550148725509644 -1.185517430305481 -0.6762540340423584
v 0.6423335671424866 -1.1910673379898071 -0.6762540340423584
v 0.6200079321861267 -1.1920509338378906 -0.6762176752090454
v 0.5742725729942322 -1.1980249881744385 -0.6762573719024658
v 0.5487194657325745 -1.1978071928024292 -0.6762573719024658
v 0.5273539423942566 -1.20474112033844 -0.6762573719024658
v 1.08083975315094 -0.5284439325332642 -0.6762228012084961
v 1.0864453315734863 -0.5790108442306519 -0.6762228012084961
v 1.0867652893066406 -0.5814930200576782 -0.6762107014656067
v 1.059952735900879 -0.6219224333763123 -0.6762107014656067
v 1.0474144220352173 -0.6345418691635132 -0.6762394905090332
v 1.0485175848007202 -0.6672111749649048 -0.6762394905090332
v 1.0448968410491943 -0.6889176964759827 -0.6762414574623108
v 0.4067249298095703 -1.2165650129318237 -0.6762512922286987
v 0.47753873467445374 -1.207229495048523 -0.6762356758117676
v 0.3648430407047272 -1.221839189529419 -0.6762512922286987
v 0.3074228763580322 -1.2227702140808105 -0.6762512922286987
v 0.18956385552883148 -1.2219383716583252 -0.6761852502822876
v -0.9302154779434204 -1.291933536529541 -0.6762494444847107
v -0.9463908076286316 -1.2882531881332397 -0.6761977672576904
v -1.1152790784835815 -1.2468379735946655 -0.6762574911117554
v -1.0568441152572632 -1.2627891302108765 -0.6762324571609497
v -0.997593879699707 -1.2782607078552246 -0.6762358546257019
v -0.9554784297943115 -1.2889528274536133 -0.6762358546257019
v -0.9031691551208496 -1.2937220335006714 -0.6762494444847107
v -1.1351251602172852 -1.2393790483474731 -0.6762574911117554
v -1.1528757810592651 -1.2372041940689087 -0.6762574911117554
v -1.212085247039795 -1.2170673608779907 -0.676235020160675
v -1.1415441036224365 -1.2392116785049438 -0.6762574911117554
v -1.2248618602752686 -1.1975845098495483 -0.676235020160675
v -1.2518885135650635 -1.1662732362747192 -0.6761801242828369
v -1.2520761489868164 -1.1237208843231201 -0.6761801242828369
v -1.2551320791244507 -1.1095755100250244 -0.6761901378631592
v -1.2462738752365112 -0.9918273687362671 -0.6761901378631592
v -1.2460741996765137 -0.9862978458404541 -0.6761677861213684
v -1.2460530996322632 -0.9818816781044006 -0.6761636137962341
v -1.2514448165893555 -0.9175191521644592 -0.6761636137962341
v -1.2504148483276367 -0.8660508394241333 -0.6762549877166748
v -0.9318549633026123 1.2933024168014526 -0.6762391924858093
v -0.860829770565033 1.284672737121582 -0.6762436628341675
v -0.8352004885673523 1.2823219299316406 -0.6762436628341675
v -0.6811184287071228 1.2644110918045044 -0.6762436628341675
v -0.6097057461738586 1.2565686702728271 -0.6761305928230286
v -0.5495672821998596 1.2481354475021362 -0.6761305928230286
v -0.504795253276825 1.2442039251327515 -0.6759917736053467
v -0.4600534439086914 1.2379860877990723 -0.6761921644210815
v -0.3644223213195801 1.2235684394836426 -0.6761921644210815
v -0.4600534439086914 1.2379860877990723 -0.6761921644210815
v 0.01815350167453289 -1.2329717874526978 -0.6762422323226929
v 0.050780583173036575 -1.2341283559799194 -0.6762422323226929
v 0.008532236330211163 -1.2323142290115356 -0.6762422323226929
v 0.11602364480495453 -1.2318172454833984 -0.6761852502822876
v 0.18956385552883148 -1.2219383716583252 -0.6761852502822876
v -0.07289395481348038 -1.2290712594985962 -0.6762422323226929
v -0.20018137991428375 -1.224427580833435 -0.6761183738708496
v -0.22801640629768372 -1.221763014793396 -0.6762040853500366
v -0.2320021092891693 -1.2219953536987305 -0.6762557625770569
v -0.31739968061447144 -1.2204225063323975 -0.6762340664863586
v -0.365597665309906 -1.2171180248260498 -0.676260232925415
v -0.37567320466041565 -1.218377709388733 -0.676260232925415
v -0.2920297384262085 -1.2354604005813599 -0.6762340664863586
v -0.2562885880470276 -1.2296735048294067 -0.6762557625770569
v 0.9143202304840088 1.2318652868270874 -0.6761392951011658
v 0.9193032383918762 1.2320384979248047 -0.6760737895965576
v 0.9281725883483887 1.2329602241516113 -0.6761398911476135
v 0.9352626800537109 1.2340304851531982 -0.6761972308158875
v 0.9530895948410034 1.2365788221359253 -0.6762440204620361
v -0.26508858799934387 1.1991608142852783 -0.6761841177940369
v 1.009454369544983 0.0769181102514267 -0.6761442422866821
v 1.0050265789031982 0.22677111625671387 -0.6761442422866821
v 1.0094327926635742 0.07029170542955399 -0.6761987805366516
v 1.0144084692001343 -0.07022155076265335 -0.6761987805366516
v 1.0045444965362549 0.24874171614646912 -0.6762644648551941
v 1.0142786502838135 -0.08499165624380112 -0.6761927604675293
v 1.0148595571517944 -0.11064691096544266 -0.6762301325798035
v 1.0189236402511597 -0.2328769713640213 -0.6762301325798035
v 1.0223159790039062 -0.3080989420413971 -0.6762301325798035
v 1.0283679962158203 -0.35079216957092285 -0.6761788725852966
v 1.0314133167266846 -0.3900212347507477 -0.676236629486084
v 1.034827709197998 -0.446879506111145 -0.676236629486084
v 1.0338619947433472 1.1419459581375122 -0.6761193871498108
v 1.0402092933654785 1.1132686138153076 -0.6762650012969971
v 1.034082055091858 1.1431565284729004 -0.6761112809181213
v 1.0357699394226074 1.1480011940002441 -0.6762208342552185
v 1.0470231771469116 -0.4653362035751343 -0.6762228012084961
v 1.08083975315094 -0.5284439325332642 -0.6762228012084961
v 1.0323173999786377 -0.7339750528335571 -0.6762414574623108
v 1.0448968410491943 -0.6889176964759827 -0.6762414574623108
v -0.2592430114746094 1.209886074066162 -0.6761841177940369
v -0.2512727677822113 1.218231201171875 -0.6762139797210693
v 0.9820809364318848 1.2006163597106934 -0.6762440204620361
v 1.0138124227523804 1.1873607635498047 -0.6762440204620361
v 1.0186638832092285 1.1778398752212524 -0.6762208342552185
v 1.0357699394226074 1.1480011940002441 -0.6762208342552185
v 1.0042201280593872 -0.7148402333259583 -0.6762414574623108
v 1.0323173999786377 -0.7339750528335571 -0.6762414574623108
v 0.915806233882904 1.229451060295105 -0.6762318015098572
v 0.9276633858680725 1.2210166454315186 -0.6762570142745972
v 0.964531421661377 1.1977975368499756 -0.6762570142745972
v -1.1340641975402832 1.299024224281311 -0.6762319207191467
v -1.1580396890640259 1.3002939224243164 -0.6762319207191467
v -1.072367787361145 1.2959418296813965 -0.6762391924858093
v -1.1954009532928467 1.3030059337615967 -0.6762381196022034
v -1.062434196472168 1.2970596551895142 -0.6762391924858093
v -0.9623507857322693 1.292154312133789 -0.6762391924858093
v -1.2120143175125122 1.2989915609359741 -0.6762381196022034
v -1.2547850608825684 1.294770359992981 -0.6762608289718628
v -1.2672446966171265 1.286481261253357 -0.6762608289718628
v -1.2826383113861084 1.2752212285995483 -0.6762295961380005
v -1.2486934661865234 -0.843833863735199 -0.6762549877166748
v -1.2484773397445679 -0.831183671951294 -0.6762549877166748
v -1.2314916849136353 -0.7744507193565369 -0.6762250065803528
v -1.2178149223327637 -0.7456642985343933 -0.6762383580207825
v -1.2159264087677002 -0.6794728636741638 -0.6762362718582153
v -1.2154532670974731 -0.6498517990112305 -0.6762362718582153
v -1.213791847229004 -0.6138125658035278 -0.6762362718582153
v -1.2168011665344238 -0.5680441856384277 -0.6762232780456543
v -1.2134584188461304 -0.5188231468200684 -0.6762232780456543
v -1.2134244441986084 -0.43395307660102844 -0.6762332320213318
v -1.1982225179672241 -0.2702668309211731 -0.6762638688087463
v -1.1979738473892212 -0.26653993129730225 -0.6762638688087463
v -1.1978079080581665 -0.2619807720184326 -0.6762638688087463
v -1.2058615684509277 -0.23099245131015778 -0.6762317419052124
v -1.212261438369751 -0.21119509637355804 -0.6762202978134155
v -1.2101285457611084 -0.16238462924957275 -0.6762202978134155
v -0.541691243648529 -1.2915383577346802 -0.6762181520462036
v -0.6081804633140564 -1.2935320138931274 -0.6761952042579651
v -0.529079020023346 -1.2911055088043213 -0.6762181520462036
v -0.7111926078796387 -1.3039342164993286 -0.6761952042579651
v -0.5066623687744141 -1.2848297357559204 -0.6761931777000427
v -0.49094656109809875 -1.2832157611846924 -0.6761931777000427
v -0.7733261585235596 -1.302655577659607 -0.676232099533081
v -0.8479058146476746 -1.2991389036178589 -0.676232099533081
v -0.8910630345344543 -1.2959816455841064 -0.6762494444847107
v -0.7351927757263184 -1.3032275438308716 -0.6762141585350037
v -0.9031691551208496 -1.2937220335006714 -0.6762494444847107
v -0.4721710979938507 -1.2705813646316528 -0.6761552691459656
v -0.3772359788417816 -1.2187117338180542 -0.676260232925415
v -0.37567320466041565 -1.218377709388733 -0.676260232925415
vt 0.27764853835105896 0.1729346513748169
vt 0.2743835747241974 0.165429949760437
vt 0.26828473806381226 0.17342638969421387
vt 0.28266820311546326 0.16453230381011963
vt 0.2654782235622406 0.16810429096221924
vt 0.2638704180717468 0.17695069313049316
vt 0.2802794873714447 0.15445232391357422
vt 0.2871611714363098 0.1688779592514038
vt 0.2607523798942566 0.16328203678131104
vt 0.25572308897972107 0.17138242721557617
vt 0.2739173471927643 0.17701828479766846
vt 0.25411245226860046 0.15583336353302002
vt 0.28650280833244324 0.15756714344024658
vt 0.2924449145793915 0.16653192043304443
vt 0.24763654172420502 0.16994178295135498
vt 0.261852502822876 0.17954087257385254
vt 0.29596635699272156 0.15573644638061523
vt 0.2823258340358734 0.17413091659545898
vt 0.25289103388786316 0.16522157192230225
vt 0.23179495334625244 0.16684043407440186
vt 0.24607926607131958 0.18620526790618896
vt 0.2661878764629364 0.18415451049804688
vt 0.3010963499546051 0.15072500705718994
vt 0.29236724972724915 0.17298078536987305
vt 0.2481396347284317 0.1607651710510254
vt 0.24062873423099518 0.16290509700775146
vt 0.22970415651798248 0.17447960376739502
vt 0.30053964257240295 0.16115868091583252
vt 0.2680196464061737 0.18941211700439453
vt 0.2969333231449127 0.16794610023498535
vt 0.28573593497276306 0.17966103553771973
vt 0.23441249132156372 0.15646588802337646
vt 0.25696736574172974 0.19255447387695312
vt 0.3060910701751709 0.18117380142211914
vt 0.29575181007385254 0.18229913711547852
vt 0.312845915555954 0.17110204696655273
vt 0.2810116112232208 0.18650543689727783
vt 0.2579129934310913 0.20017647743225098
vt 0.3090426027774811 0.17683839797973633
vt 0.28966689109802246 0.1879868507385254
vt 0.2725805342197418 0.1966170072555542
vt 0.26401272416114807 0.19659805297851562
vt 0.3190918564796448 0.1783735752105713
vt 0.30379965901374817 0.18446433544158936
vt 0.29679611325263977 0.19255638122558594
vt 0.2851462960243225 0.2018362283706665
vt 0.2643873691558838 0.20935094356536865
vt 0.3145945966243744 0.18366563320159912
vt 0.3108612596988678 0.1887803077697754
vt 0.27373450994491577 0.2100083827972412
vt 0.2676028907299042 0.20355093479156494
vt 0.25596174597740173 0.2112598419189453
vt 0.31928107142448425 0.18335020542144775
vt 0.30404946208000183 0.19814693927764893
vt 0.2973385751247406 0.20721983909606934
vt 0.2854434847831726 0.20811450481414795
vt 0.27058523893356323 0.21493315696716309
vt 0.3139569163322449 0.20175957679748535
vt 0.2915673553943634 0.2145087718963623
vt 0.2809886038303375 0.21444952487945557
vt 0.32493433356285095 0.19062745571136475
vt 0.32048583030700684 0.19580698013305664
vt 0.31174322962760925 0.2069615125656128
vt 0.3029835820198059 0.2144252061843872
vt 0.2787904441356659 0.22089672088623047
vt 0.30656442046165466 0.20931589603424072
vt 0.31459394097328186 0.21336603164672852
vt 0.2881227433681488 0.2205721139907837
vt 0.34912005066871643 0.2838444709777832
vt 0.3469487130641937 0.2891261577606201
vt 0.3459371030330658 0.29549145698547363
vt 0.4594957232475281 0.07892459630966187
vt 0.4635176658630371 0.08766001462936401
vt 0.461757630109787 0.0733451247215271
vt 0.45503318309783936 0.08617562055587769
vt 0.4686253070831299 0.07995641231536865
vt 0.5663323402404785 0.1398944854736328
vt 0.571963369846344 0.13640505075454712
vt 0.5665155649185181 0.12657982110977173
vt 0.555055558681488 0.1584753394126892
vt 0.5767557621002197 0.12148654460906982
vt 0.5602569580078125 0.1295914649963379
vt 0.6017172336578369 0.11698955297470093
vt 0.556283712387085 0.1173863410949707
vt 0.6000054478645325 0.10662925243377686
vt 0.5769050717353821 0.0994422435760498
vt 0.6127107739448547 0.11479020118713379
vt 0.557587206363678 0.09875017404556274
vt 0.5959769487380981 0.09363418817520142
vt 0.6163122057914734 0.10461747646331787
vt 0.5352048873901367 0.10016250610351562
vt 0.5665166974067688 0.09041643142700195
vt 0.579388439655304 0.08677566051483154
vt 0.6060850024223328 0.0952376127243042
vt 0.6233189702033997 0.114959716796875
vt 0.5265593528747559 0.07804888486862183
vt 0.5551687479019165 0.08661139011383057
vt 0.5896928310394287 0.076346755027771
vt 0.6129213571548462 0.09351080656051636
vt 0.6222347617149353 0.1209530234336853
vt 0.6409202814102173 0.10017901659011841
vt 0.566900372505188 0.07650494575500488
vt 0.6079342365264893 0.07792723178863525
vt 0.6316590309143066 0.12002438306808472
vt 0.6489376425743103 0.10723423957824707
vt 0.5270155668258667 0.06668645143508911
vt 0.5436586141586304 0.06398135423660278
vt 0.5858348608016968 0.07081222534179688
vt 0.6008076667785645 0.06767362356185913
vt 0.6354690790176392 0.08283728361129761
vt 0.6254976391792297 0.12939584255218506
vt 0.6610181927680969 0.09415793418884277
vt 0.5662370920181274 0.06406915187835693
vt 0.6330100297927856 0.07042938470840454
vt 0.6339651346206665 0.12474220991134644
vt 0.6514469981193542 0.11376029253005981
vt 0.6994324326515198 0.09152042865753174
vt 0.5887600183486938 0.0603032112121582
vt 0.6102478504180908 0.051436781883239746
vt 0.659487783908844 0.0563664436340332
vt 0.6344882845878601 0.12867629528045654
vt 0.6925508975982666 0.09134519100189209
vt 0.5789506435394287 0.05009174346923828
vt 0.6364291906356812 0.05920886993408203
vt 0.687883734703064 0.06863558292388916
vt 0.655089259147644 0.12060326337814331
vt 0.6955646872520447 0.1003677248954773
vt 0.7007309198379517 0.06727296113967896
vt 0.6419514417648315 0.042731285095214844
vt 0.6833624839782715 0.04345518350601196
vt 0.6447253227233887 0.13604724407196045
vt 0.696073591709137 0.10724210739135742
vt 0.7086301445960999 0.0925493836402893
vt 0.7377092242240906 0.06352978944778442
vt 0.6686851978302002 0.021648883819580078
vt 0.7050949335098267 0.05372059345245361
vt 0.6396336555480957 0.13889151811599731
vt 0.6580129861831665 0.13455718755722046
vt 0.6765430569648743 0.12350118160247803
vt 0.7108504176139832 0.08631807565689087
vt 0.7353084087371826 0.04604309797286987
vt 0.6645671129226685 0.015622079372406006
vt 0.7012957334518433 0.03674578666687012
vt 0.6842533349990845 0.023773491382598877
vt 0.6403627991676331 0.14689898490905762
vt 0.659604012966156 0.14020925760269165
vt 0.6836154460906982 0.011301577091217041
vt 0.6970146298408508 0.023501694202423096
vt 0.6359174251556396 0.15610229969024658
vt 0.6800183653831482 0.13543999195098877
vt 0.6784147620201111 0.1289513111114502
vt 0.7250285148620605 0.01362764835357666
vt 0.733193039894104 0.024129152297973633
vt 0.6443411707878113 0.1578105092048645
vt 0.6573813557624817 0.15082669258117676
vt 0.6994730830192566 0.12844020128250122
vt 0.7117879986763 0.0009340643882751465
vt 0.6949806809425354 0.00717473030090332
vt 0.7251020669937134 0.0048798322677612305
vt 0.6602270603179932 0.9106109216809273
vt 0.6611218452453613 0.9021464884281158
vt 0.6585037112236023 0.9046716541051865
vt 0.594280481338501 0.19150090217590332
vt 0.5961679816246033 0.19293558597564697
vt 0.5976240038871765 0.18824619054794312
vt 0.5861701369285583 0.19643175601959229
vt 0.5972040891647339 0.19365733861923218
vt 0.5950664281845093 0.1800031065940857
vt 0.5810228586196899 0.19052612781524658
vt 0.5891406536102295 0.19852012395858765
vt 0.5899277329444885 0.18495982885360718
vt 0.5914833545684814 0.19861918687820435
vt 0.5870630145072937 0.17656338214874268
vt 0.578583836555481 0.17926013469696045
vt 0.5879571437835693 0.17373913526535034
vt 0.7830841541290283 0.05536770820617676
vt 0.7659922242164612 0.018962621688842773
vt 0.7612175941467285 0.0330466628074646
vt 0.7588512301445007 0.015291213989257812
vt 0.7619916200637817 0.04271090030670166
vt 0.750861644744873 0.02814936637878418
vt 0.7551499605178833 0.03440690040588379
vt 0.7735158205032349 0.06831216812133789
vt 0.7541312575340271 0.01579064130783081
vt 0.7570179104804993 0.04268985986709595
vt 0.7608503699302673 0.08047491312026978
vt 0.746286153793335 0.019109606742858887
vt 0.7579770088195801 0.051707923412323
vt 0.7766585946083069 0.09562134742736816
vt 0.7473394274711609 0.044087111949920654
vt 0.7669938206672668 0.08888065814971924
vt 0.752924382686615 0.059123873710632324
vt 0.7512300610542297 0.05178922414779663
vt 0.7620510458946228 0.08798789978027344
vt 0.7682015895843506 0.09568679332733154
vt 0.7552943825721741 0.07679837942123413
vt 0.7405920028686523 0.051182329654693604
vt 0.7402764558792114 0.021492481231689453
vt 0.7459220886230469 0.05424267053604126
vt 0.7559195160865784 0.08632320165634155
vt 0.7609750628471375 0.09487879276275635
vt 0.7820665240287781 0.10885727405548096
vt 0.7438989281654358 0.06729388236999512
vt 0.7688779830932617 0.10188102722167969
vt 0.7617861032485962 0.10003912448883057
vt 0.7481017708778381 0.07415169477462769
vt 0.7492325901985168 0.08083456754684448
vt 0.7515260577201843 0.09471791982650757
vt 0.7751455903053284 0.11027508974075317
vt 0.7564229369163513 0.10324293375015259
vt 0.7397883534431458 0.07520848512649536
vt 0.7453534603118896 0.08897686004638672
vt 0.7666274309158325 0.10997897386550903
vt 0.7909982204437256 0.13227182626724243
vt 0.7587435245513916 0.11115169525146484
vt 0.7406167984008789 0.08181333541870117
vt 0.7488412261009216 0.10077518224716187
vt 0.7659024000167847 0.1167559027671814
vt 0.8066548705101013 0.12030476331710815
vt 0.7725140452384949 0.12064826488494873
vt 0.7548633217811584 0.11371201276779175
vt 0.7341201305389404 0.07551532983779907
vt 0.7352163195610046 0.08436673879623413
vt 0.7379167079925537 0.09156680107116699
vt 0.7528084516525269 0.10741132497787476
vt 0.8164625763893127 0.13918763399124146
vt 0.7662034034729004 0.12906509637832642
vt 0.7582594156265259 0.11725932359695435
vt 0.7272719144821167 0.10956597328186035
vt 0.7662810683250427 0.12297695875167847
vt 0.7965034246444702 0.14488691091537476
vt 0.7325316667556763 0.12286055088043213
vt 0.7573168277740479 0.12142372131347656
vt 0.7189986109733582 0.0895916223526001
vt 0.7179967164993286 0.09854292869567871
vt 0.7241511940956116 0.11868077516555786
vt 0.8137080669403076 0.15905386209487915
vt 0.7739817500114441 0.15853053331375122
vt 0.7353520393371582 0.1306629776954651
vt 0.7534772753715515 0.13107812404632568
vt 0.6983546614646912 0.11778366565704346
vt 0.7874720096588135 0.15916955471038818
vt 0.7610692977905273 0.12742304801940918
vt 0.7622260451316833 0.13843727111816406
vt 0.7216910719871521 0.1277143955230713
vt 0.7380958199501038 0.13750600814819336
vt 0.722220242023468 0.1372552514076233
vt 0.7434248924255371 0.14391487836837769
vt 0.7125447392463684 0.09362530708312988
vt 0.7169142365455627 0.12249362468719482
vt 0.8061303496360779 0.17419469356536865
vt 0.7590034604072571 0.14652973413467407
vt 0.7949681282043457 0.18371868133544922
vt 0.7491432428359985 0.14008277654647827
vt 0.7574148178100586 0.13665169477462769
vt 0.7558650970458984 0.15315651893615723
vt 0.7762398719787598 0.18155646324157715
vt 0.7068252563476562 0.13453954458236694
vt 0.7353180646896362 0.145652174949646
vt 0.7462320923805237 0.1470884084701538
vt 0.7523556351661682 0.1404513120651245
vt 0.7544826865196228 0.14476335048675537
vt 0.7574008107185364 0.17389845848083496
vt 0.7853913903236389 0.19118988513946533
vt 0.706340491771698 0.14043885469436646
vt 0.7117041945457458 0.15506523847579956
vt 0.7358885407447815 0.15105676651000977
vt 0.7390314340591431 0.15696018934249878
vt 0.6971109509468079 0.13854968547821045
vt 0.7502040863037109 0.14789152145385742
vt 0.7527219653129578 0.16062206029891968
vt 0.7599453330039978 0.18060481548309326
vt 0.7783304452896118 0.1935272216796875
vt 0.74407559633255 0.15445810556411743
vt 0.7518472671508789 0.15208107233047485
vt 0.7500731945037842 0.16586798429489136
vt 0.7679243087768555 0.19421207904815674
vt 0.7541419267654419 0.1767810583114624
vt 0.6982508897781372 0.1506892442703247
vt 0.7015141844749451 0.15721195936203003
vt 0.7105587720870972 0.16199523210525513
vt 0.7377340197563171 0.1617688536643982
vt 0.7427353858947754 0.15930330753326416
vt 0.6806465983390808 0.14593976736068726
vt 0.7464237213134766 0.1554451584815979
vt 0.7483426332473755 0.15918129682540894
vt 0.763856053352356 0.19082891941070557
vt 0.7613775730133057 0.1955242156982422
vt 0.6924446225166321 0.15350931882858276
vt 0.7029950022697449 0.16394931077957153
vt 0.7020055055618286 0.17135637998580933
vt 0.711249589920044 0.17257869243621826
vt 0.6845812201499939 0.15113401412963867
vt 0.7437122464179993 0.1619890332221985
vt 0.7507490515708923 0.17704439163208008
vt 0.6913885474205017 0.16473591327667236
vt 0.6931864023208618 0.17281979322433472
vt 0.7412868738174438 0.16227006912231445
vt 0.7123339772224426 0.17976230382919312
vt 0.7458797693252563 0.16532844305038452
vt 0.7467447519302368 0.17189031839370728
vt 0.7667041420936584 0.19937258958816528
vt 0.7553766369819641 0.19729584455490112
vt 0.6860023736953735 0.16236650943756104
vt 0.7386645674705505 0.16712218523025513
vt 0.7172220349311829 0.18401587009429932
vt 0.7450195550918579 0.1755368709564209
vt 0.771216630935669 0.19882714748382568
vt 0.7617881894111633 0.20020639896392822
vt 0.7423100471496582 0.1674543023109436
vt 0.7436619400978088 0.17092901468276978
vt 0.7574723362922668 0.20088064670562744
vt 0.7450399398803711 0.18392711877822876
vt 0.7309987545013428 0.17816895246505737
vt 0.7397977709770203 0.17304402589797974
vt 0.7529122829437256 0.1979377269744873
vt 0.7415009140968323 0.17640697956085205
vt 0.7371115684509277 0.1726856231689453
vt 0.18626505136489868 0.8446536362171173
vt 0.1874861866235733 0.8398198038339615
vt 0.18306784331798553 0.8422465920448303
vt 0.1902388334274292 0.8370797783136368
vt 0.18458591401576996 0.8486298471689224
vt 0.18976184725761414 0.8441759049892426
vt 0.19008736312389374 0.8330787569284439
vt 0.19658127427101135 0.835667073726654
vt 0.17824696004390717 0.8311047554016113
vt 0.17383801937103271 0.8345101475715637
vt 0.17689940333366394 0.8364037424325943
vt 0.17896124720573425 0.8364904522895813
vt 0.17681166529655457 0.8392987102270126
vt 0.17961017787456512 0.832079291343689
vt 0.17737415432929993 0.8401495963335037
vt 0.18039913475513458 0.824078693985939
vt 0.6531314849853516 0.9124659895896912
vt 0.6473575234413147 0.9178876578807831
vt 0.6483128666877747 0.9206361547112465
vt 0.6492238640785217 0.9139180704951286
vt 0.6579685211181641 0.9138196706771851
vt 0.6474324464797974 0.9140707552433014
vt 0.6556016802787781 0.9095954746007919
vt 0.6662986874580383 0.9131335839629173
vt 0.6512837409973145 0.9095134735107422
vt 0.5866421461105347 0.6036432087421417
vt 0.5818368792533875 0.5999133884906769
vt 0.5807252526283264 0.6015732288360596
vt 0.587483286857605 0.5997847020626068
vt 0.5803806185722351 0.5960001647472382
vt 0.5831816792488098 0.5975243151187897
vt 0.5789781212806702 0.5962547063827515
vt 0.5816976428031921 0.5952312648296356
vt 0.5822176337242126 0.5961847305297852
vt 0.5819414258003235 0.1369255781173706
vt 0.5977523326873779 0.12957996129989624
vt 0.5739020705223083 0.1432977318763733
vt 0.5820302963256836 0.1458568572998047
vt 0.6054667234420776 0.12649720907211304
vt 0.5650838613510132 0.1467079520225525
vt 0.5922312140464783 0.1410199999809265
vt 0.6134586930274963 0.11918628215789795
vt 0.6075804829597473 0.1378931999206543
vt 0.5690611600875854 0.1528000831604004
vt 0.5854276418685913 0.1488187313079834
vt 0.6136825084686279 0.1272088885307312
vt 0.6163569092750549 0.1338934302330017
vt 0.5622625350952148 0.15691542625427246
vt 0.5795823335647583 0.15568536520004272
vt 0.5942999720573425 0.1458582878112793
vt 0.6193860769271851 0.12780523300170898
vt 0.6168251037597656 0.13992244005203247
vt 0.5520756840705872 0.1632223129272461
vt 0.5720847845077515 0.16099870204925537
vt 0.6024607419967651 0.1492093801498413
vt 0.5838994383811951 0.16165035963058472
vt 0.5882684588432312 0.1555148959159851
vt 0.6197031140327454 0.13667523860931396
vt 0.6177629828453064 0.1447780728340149
vt 0.5422679781913757 0.16330742835998535
vt 0.5553649067878723 0.16696709394454956
vt 0.5637221336364746 0.16723793745040894
vt 0.580228865146637 0.16244274377822876
vt 0.5952898859977722 0.1521289348602295
vt 0.6100894808769226 0.1476030945777893
vt 0.5859289765357971 0.15730756521224976
vt 0.6213418841362 0.1450555920600891
vt 0.5474207401275635 0.1550254225730896
vt 0.5469915866851807 0.1684313416481018
vt 0.5570284724235535 0.17299777269363403
vt 0.572099506855011 0.16708874702453613
vt 0.6039749383926392 0.15500426292419434
vt 0.5823294520378113 0.16781502962112427
vt 0.5896244645118713 0.16051560640335083
vt 0.6223126649856567 0.14032167196273804
vt 0.6198817491531372 0.14930492639541626
vt 0.5362255573272705 0.165255606174469
vt 0.5443477630615234 0.17179250717163086
vt 0.5973309278488159 0.15958452224731445
vt 0.6118335723876953 0.15512698888778687
vt 0.590477705001831 0.16409403085708618
vt 0.6256265044212341 0.15461748838424683
vt 0.6294633746147156 0.13515377044677734
vt 0.5719572901725769 0.1712862253189087
vt 0.5990106463432312 0.16487598419189453
vt 0.6045775413513184 0.15972661972045898
vt 0.5925718545913696 0.1621442437171936
vt 0.6268115043640137 0.14582175016403198
vt 0.5333098769187927 0.17622649669647217
vt 0.5515434145927429 0.18377786874771118
vt 0.562159538269043 0.17871308326721191
vt 0.5798819065093994 0.170396625995636
vt 0.590762734413147 0.16890811920166016
vt 0.6299387216567993 0.15681666135787964
vt 0.6347261667251587 0.14775985479354858
vt 0.5274977684020996 0.1854100227355957
vt 0.5426230430603027 0.17786675691604614
vt 0.5892893075942993 0.1707075834274292
vt 0.5350567102432251 0.18374162912368774
vt 0.5420717000961304 0.18307214975357056
vt 0.5616160035133362 0.1841455101966858
vt 0.5787264108657837 0.17456048727035522
vt 0.5888251662254333 0.172366201877594
vt 0.5292385816574097 0.20064812898635864
vt 0.5525254607200623 0.18897020816802979
vt 0.5448371767997742 0.19345182180404663
vt 0.5632408261299133 0.19639652967453003
vt 0.5460965633392334 0.20618969202041626
vt 0.5546326041221619 0.19727885723114014
vt 0.36886972188949585 0.24082088470458984
vt 0.3653225898742676 0.2464613914489746
vt 0.3603266775608063 0.23992478847503662
vt 0.35951441526412964 0.25212788581848145
vt 0.370121031999588 0.23043155670166016
vt 0.35174521803855896 0.24904847145080566
vt 0.361991822719574 0.2564387321472168
vt 0.35839512944221497 0.2318718433380127
vt 0.3525192439556122 0.23868560791015625
vt 0.35415929555892944 0.25751984119415283
vt 0.3638708293437958 0.2254962921142578
vt 0.34835511445999146 0.2469698190689087
vt 0.3598659336566925 0.2630460262298584
vt 0.3460162580013275 0.2566434144973755
vt 0.35233229398727417 0.23113512992858887
vt 0.3561250865459442 0.22034716606140137
vt 0.3729911744594574 0.21955883502960205
vt 0.3554048240184784 0.26514291763305664
vt 0.34696462750434875 0.26526975631713867
vt 0.36265501379966736 0.21508920192718506
vt 0.3426525890827179 0.2511329650878906
vt 0.34293097257614136 0.25964057445526123
vt 0.3522713780403137 0.27113592624664307
vt 0.34008756279945374 0.2662776708602905
vt 0.35048386454582214 0.21566545963287354
vt 0.358926922082901 0.204001784324646
vt 0.3729046881198883 0.2064988613128662
vt 0.34839746356010437 0.23182570934295654
vt 0.3490913212299347 0.2736417055130005
vt 0.3576512038707733 0.26904499530792236
vt 0.34200242161750793 0.2712947130203247
vt 0.3489396870136261 0.20467126369476318
vt 0.3393700420856476 0.24205410480499268
vt 0.34597501158714294 0.2787703275680542
vt 0.3550746738910675 0.27365660667419434
vt 0.3431091606616974 0.21231329441070557
vt 0.34663721919059753 0.21962213516235352
vt 0.3683546483516693 0.19862675666809082
vt 0.360236257314682 0.19521331787109375
vt 0.33963024616241455 0.2495260238647461
vt 0.34212884306907654 0.2287663221359253
vt 0.34422534704208374 0.28492045402526855
vt 0.35266515612602234 0.2783026695251465
vt 0.3407101631164551 0.20193839073181152
vt 0.35184359550476074 0.19301939010620117
vt 0.3372507691383362 0.23358869552612305
vt 0.3368711769580841 0.20653760433197021
vt 0.33996471762657166 0.21567833423614502
vt 0.33057788014411926 0.2254788875579834
vt 0.3425693213939667 0.1886371374130249
vt 0.3335004448890686 0.19736504554748535
vt 0.32687029242515564 0.22768890857696533
vt 0.32920417189598083 0.20516502857208252
vt 0.33113184571266174 0.2117091417312622
vt 0.32536616921424866 0.2178717851638794
vt 0.3213981091976166 0.2216641902923584
vt 0.3366084098815918 0.23579323291778564
vt 0.3253485858440399 0.20223641395568848
vt 0.3077412545681 0.22114014625549316
vt 0.3251436948776245 0.23045194149017334
vt 0.32319602370262146 0.21005868911743164
vt 0.31310248374938965 0.22953927516937256
vt 0.3335109353065491 0.23711276054382324
vt 0.30170902609825134 0.2265535593032837
vt 0.3209253251552582 0.23479926586151123
vt 0.3277975618839264 0.24494218826293945
vt 0.33706650137901306 0.24670815467834473
vt 0.29982510209083557 0.21842896938323975
vt 0.3032614290714264 0.2377845048904419
vt 0.29189062118530273 0.22653484344482422
vt 0.2905210256576538 0.2374204397201538
vt 0.3150348961353302 0.24120116233825684
vt 0.33787867426872253 0.2642092704772949
vt 0.28768232464790344 0.23139119148254395
vt 0.2955533564090729 0.24792122840881348
vt 0.309169739484787 0.24800777435302734
vt 0.3211463391780853 0.25135254859924316
vt 0.28197988867759705 0.2371736764907837
vt 0.3037163317203522 0.2548142671585083
vt 0.29164668917655945 0.25361573696136475
vt 0.32242175936698914 0.26607322692871094
vt 0.2838312089443207 0.24727880954742432
vt 0.3133489787578583 0.2603858709335327
vt 0.3236638009548187 0.27288663387298584
vt 0.3081429898738861 0.26612234115600586
vt 0.2886040210723877 0.2583056688308716
vt 0.3176272213459015 0.27147698402404785
vt 0.3117700219154358 0.2773345708847046
vt 0.2933994233608246 0.268316388130188
vt 0.29448679089546204 0.2803463935852051
vt 0.29951152205467224 0.29016995429992676
vt 0.2922738790512085 0.2839484214782715
vt 0.2915596067905426 0.28415751457214355
vt 0.288217693567276 0.2769913673400879
vt 0.4012448191642761 0.12141025066375732
vt 0.4094572961330414 0.12089717388153076
vt 0.4090311527252197 0.118283212184906
vt 0.5119860172271729 0.1431090235710144
vt 0.5201824903488159 0.14955055713653564
vt 0.5490021705627441 0.13546490669250488
vt 0.49704140424728394 0.15947645902633667
vt 0.5519825220108032 0.1460677981376648
vt 0.4867202639579773 0.15239578485488892
vt 0.5224695801734924 0.1582123041152954
vt 0.5637311339378357 0.1407342553138733
vt 0.47995227575302124 0.11594969034194946
vt 0.49142783880233765 0.17118459939956665
vt 0.4866211414337158 0.14443182945251465
vt 0.5377209782600403 0.16062134504318237
vt 0.5583233833312988 0.15299755334854126
vt 0.5019956231117249 0.10082006454467773
vt 0.4825053811073303 0.164556622505188
vt 0.47680532932281494 0.15139931440353394
vt 0.5187391042709351 0.16949498653411865
vt 0.4793298840522766 0.08636444807052612
vt 0.4765841066837311 0.1306675672531128
vt 0.47726961970329285 0.16839009523391724
vt 0.47721344232559204 0.14125663042068481
vt 0.4886811673641205 0.18076181411743164
vt 0.5188075304031372 0.17737478017807007
vt 0.46749454736709595 0.10488593578338623
vt 0.47147679328918457 0.12390387058258057
vt 0.4763924479484558 0.17679357528686523
vt 0.47178778052330017 0.161901593208313
vt 0.47028565406799316 0.14611423015594482
vt 0.4738548696041107 0.19224339723587036
vt 0.4629659056663513 0.11557108163833618
vt 0.4706518352031708 0.1329571008682251
vt 0.4685671925544739 0.17254972457885742
vt 0.4670221209526062 0.16439741849899292
vt 0.4652988910675049 0.15651923418045044
vt 0.4693485498428345 0.13719767332077026
vt 0.4682210683822632 0.1879008412361145
vt 0.47253862023353577 0.20222872495651245
vt 0.4581611752510071 0.0927269458770752
vt 0.46016550064086914 0.10772395133972168
vt 0.46534135937690735 0.13286417722702026
vt 0.4626067578792572 0.12505054473876953
vt 0.4696786105632782 0.1793510913848877
vt 0.46430832147598267 0.19356215000152588
vt 0.5089055299758911 0.19189780950546265
vt 0.4707743525505066 0.19710886478424072
vt 0.45216429233551025 0.09753292798995972
vt 0.4543612599372864 0.11648505926132202
vt 0.4652653932571411 0.14183533191680908
vt 0.45266616344451904 0.17880254983901978
vt 0.4577409029006958 0.16902107000350952
vt 0.4646364450454712 0.19589239358901978
vt 0.4883570075035095 0.21827465295791626
vt 0.4662761092185974 0.2003989815711975
vt 0.45066994428634644 0.10934168100357056
vt 0.46217674016952515 0.13048356771469116
vt 0.46395009756088257 0.13932549953460693
vt 0.4751664400100708 0.2069815993309021
vt 0.4620004892349243 0.19690710306167603
vt 0.4650510251522064 0.20472604036331177
vt 0.44312095642089844 0.08879923820495605
vt 0.4456016421318054 0.10739338397979736
vt 0.44646143913269043 0.11284518241882324
vt 0.46253547072410583 0.1503303050994873
vt 0.4579707384109497 0.1281435489654541
vt 0.46531420946121216 0.21408993005752563
vt 0.4663350582122803 0.2243269681930542
vt 0.4593508839607239 0.19596779346466064
vt 0.45717746019363403 0.19042623043060303
vt 0.4430537223815918 0.09897631406784058
vt 0.45573437213897705 0.19052869081497192
vt 0.4568866491317749 0.19763654470443726
vt 0.4542808532714844 0.20879781246185303
vt 0.4370681643486023 0.09483844041824341
vt 0.4395807087421417 0.10577857494354248
vt 0.44260382652282715 0.1188969612121582
vt 0.4595697522163391 0.22634243965148926
vt 0.4563137888908386 0.21773719787597656
vt 0.43237680196762085 0.09980356693267822
vt 0.4363083243370056 0.11149412393569946
vt 0.4318092465400696 0.12667900323867798
vt 0.4494042992591858 0.22067111730575562
vt 0.42811739444732666 0.10763120651245117
vt 0.4302232265472412 0.11393886804580688
vt 0.4350341856479645 0.11821794509887695
vt 0.42012935876846313 0.10379177331924438
vt 0.41895076632499695 0.11548560857772827
vt 0.4181321859359741 0.12618106603622437
vt 0.4183945059776306 0.1102830171585083
vt 0.4147300720214844 0.11096495389938354
vt 0.41590583324432373 0.10948574542999268
vt 0.37714383006095886 0.22625744342803955
vt 0.3857608139514923 0.21042025089263916
vt 0.3569042682647705 0.8731998354196548
vt 0.3484761118888855 0.8956395238637924
vt 0.35293060541152954 0.9017950221896172
vt 0.3545706272125244 0.870477557182312
vt 0.3670060336589813 0.8973018601536751
vt 0.3517504334449768 0.8550084680318832
vt 0.3624551296234131 0.9111315906047821
vt 0.3661866784095764 0.880549468100071
vt 0.37302082777023315 0.9198153540492058
vt 0.38038110733032227 0.8749066144227982
vt 0.38024550676345825 0.9074624553322792
vt 0.37781763076782227 0.9247918501496315
vt 0.38752904534339905 0.8946842551231384
vt 0.39157477021217346 0.9194348007440567
vt 0.41916218400001526 0.8962193801999092
vt 0.38618582487106323 0.9256622418761253
vt 0.40301644802093506 0.8667072951793671
vt 0.40298354625701904 0.9259745478630066
vt 0.41466283798217773 0.9111299812793732
vt 0.4251248836517334 0.8779012858867645
vt 0.402603417634964 0.9331151396036148
vt 0.43761730194091797 0.9090698510408401
vt 0.44961369037628174 0.8908667117357254
vt 0.4276474416255951 0.859213337302208
vt 0.4243412911891937 0.932061031460762
vt 0.4295423626899719 0.9204472079873085
vt 0.4433801770210266 0.8668643683195114
vt 0.4192034602165222 0.9501834064722061
vt 0.4450708031654358 0.9294349402189255
vt 0.43665754795074463 0.9528632760047913
vt 0.38835659623146057 0.9496055394411087
vt 0.43829256296157837 0.9473082050681114
vt 0.4377472400665283 0.9634880125522614
vt 0.38999176025390625 0.9569704681634903
vt 0.40737974643707275 0.9727055579423904
vt 0.3789052665233612 0.9744776487350464
vt 0.4270690977573395 0.9868784546852112
vt 0.3751625418663025 0.9461098238825798
vt 0.3961179852485657 0.9881332218647003
vt 0.36354583501815796 0.9608159214258194
vt 0.3693591356277466 0.9884659200906754
vt 0.3522588014602661 0.9507318288087845
vt 0.3577237129211426 0.9333716332912445
vt 0.35360240936279297 0.976844921708107
vt 0.32801300287246704 0.9537179470062256
vt 0.3396388590335846 0.964423656463623
vt 0.33445867896080017 0.9791992455720901
vt 0.8086425065994263 0.9310548454523087
vt 0.8091592788696289 0.9337417483329773
vt 0.8117465972900391 0.9243701994419098
vt 0.7965531945228577 0.931756854057312
vt 0.8022339344024658 0.9239910691976547
vt 0.7957912087440491 0.9377432204782963
vt 0.7902565598487854 0.9321663081645966
vt 0.8062529563903809 0.9400449804961681
vt 0.7963311076164246 0.9210016876459122
vt 0.7949885129928589 0.9458220861852169
vt 0.8123989105224609 0.9359804317355156
vt 0.8127997517585754 0.9476981610059738
vt 0.7778091430664062 0.9371539056301117
vt 0.7892262935638428 0.9185532182455063
vt 0.8126401305198669 0.9563629925251007
vt 0.7869127988815308 0.9575679562985897
vt 0.7820600867271423 0.9220978170633316
vt 0.8219066858291626 0.9482017569243908
vt 0.796499490737915 0.9530549310147762
vt 0.7772147059440613 0.9282241240143776
vt 0.7748967409133911 0.9150852113962173
vt 0.8206924200057983 0.9539325162768364
vt 0.7965945601463318 0.9630819819867611
vt 0.7691919207572937 0.9236302897334099
vt 0.7672443985939026 0.9088430553674698
vt 0.8143579363822937 0.9655484147369862
vt 0.7976154685020447 0.974537031725049
vt 0.7606749534606934 0.9187957048416138
vt 0.7730028033256531 0.9053067266941071
vt 0.7527414560317993 0.9327322244644165
vt 0.7558925747871399 0.904397264122963
vt 0.784460723400116 0.9118017554283142
vt 0.813849151134491 0.9720741584897041
vt 0.751198947429657 0.9099587649106979
vt 0.7660827040672302 0.905592679977417
vt 0.7957994341850281 0.9170404076576233
vt 0.8153660893440247 0.982899671420455
vt 0.7453736662864685 0.9206196069717407
vt 0.8213027715682983 0.9757567178457975
vt 0.8237757682800293 0.970104718580842
vt 0.7790422439575195 0.9310601055622101
vt 0.7766857147216797 0.5840775668621063
vt 0.778188169002533 0.5884749591350555
vt 0.7814600467681885 0.5836998522281647
vt 0.3848743736743927 0.1948467493057251
vt 0.3923400342464447 0.17217957973480225
vt 0.37579816579818726 0.17813503742218018
vt 0.36367180943489075 0.1523216962814331
vt 0.38719412684440613 0.12566912174224854
vt 0.3677462041378021 0.18459665775299072
vt 0.3622097074985504 0.16563355922698975
vt 0.3583912253379822 0.18122625350952148
vt 0.35595133900642395 0.0907057523727417
vt 0.33776190876960754 0.15987491607666016
vt 0.3359896242618561 0.1281372308731079
vt 0.3499740660190582 0.1733074188232422
vt 0.34105607867240906 0.16698670387268066
vt 0.32058656215667725 0.09239685535430908
vt 0.34783169627189636 0.17808079719543457
vt 0.3263496458530426 0.17031431198120117
vt 0.3173265755176544 0.16427230834960938
vt 0.34605953097343445 0.18420660495758057
vt 0.334524005651474 0.17786777019500732
vt 0.33512386679649353 0.1827530860900879
vt 0.18262404203414917 0.15832781791687012
vt 0.18950363993644714 0.1596674919128418
vt 0.18996098637580872 0.1564326286315918
vt 0.17634248733520508 0.1586775779724121
vt 0.1950933039188385 0.15331196784973145
vt 0.18830914795398712 0.15188860893249512
vt 0.1761905699968338 0.15601789951324463
vt 0.1847863346338272 0.16121137142181396
vt 0.19666124880313873 0.15810716152191162
vt 0.18309083580970764 0.15466523170471191
vt 0.1981203556060791 0.16066980361938477
vt 0.17754356563091278 0.16195881366729736
vt 0.20247524976730347 0.15479397773742676
vt 0.19757795333862305 0.1494847536087036
vt 0.18297067284584045 0.14999771118164062
vt 0.17807039618492126 0.1495826244354248
vt 0.2034713476896286 0.16150593757629395
vt 0.18567728996276855 0.13444209098815918
vt 0.17427697777748108 0.15143930912017822
vt 0.18712902069091797 0.16404783725738525
vt 0.20977316796779633 0.15574681758880615
vt 0.1980283558368683 0.13483834266662598
vt 0.17567408084869385 0.13814854621887207
vt 0.17076101899147034 0.15450358390808105
vt 0.17224609851837158 0.14877033233642578
vt 0.2060222625732422 0.16537976264953613
vt 0.21168175339698792 0.15018701553344727
vt 0.19090181589126587 0.12183713912963867
vt 0.18078923225402832 0.12729299068450928
vt 0.16969455778598785 0.14462041854858398
vt 0.20741459727287292 0.1628507375717163
vt 0.20516368746757507 0.16889095306396484
vt 0.21743419766426086 0.15675044059753418
vt 0.2026614397764206 0.12230432033538818
vt 0.16577380895614624 0.12999486923217773
vt 0.16822344064712524 0.1506136655807495
vt 0.21284610033035278 0.16159284114837646
vt 0.21540036797523499 0.16437745094299316
vt 0.22503870725631714 0.16624093055725098
vt 0.1629571169614792 0.17903470993041992
vt 0.21845003962516785 0.1505070924758911
vt 0.18489138782024384 0.10578489303588867
vt 0.19033315777778625 0.1063992977142334
vt 0.22241243720054626 0.12250339984893799
vt 0.16683337092399597 0.11357355117797852
vt 0.1643749475479126 0.14108633995056152
vt 0.16430184245109558 0.15267693996429443
vt 0.16576996445655823 0.14822494983673096
vt 0.22617194056510925 0.15730810165405273
vt 0.1732698380947113 0.0933985710144043
vt 0.20432524383068085 0.09998786449432373
vt 0.21937978267669678 0.11385512351989746
vt 0.161611407995224 0.11717653274536133
vt 0.17348745465278625 0.10329091548919678
vt 0.15724064409732819 0.12090647220611572
vt 0.19052746891975403 0.09256637096405029
vt 0.18397027254104614 0.09144353866577148
vt 0.2395649552345276 0.11956942081451416
vt 0.16161072254180908 0.0948113203048706
vt 0.15778139233589172 0.13596248626708984
vt 0.229789137840271 0.1609894037246704
vt 0.1853346973657608 0.08007359504699707
vt 0.21960961818695068 0.10032081604003906
vt 0.20165221393108368 0.07483935356140137
vt 0.23413395881652832 0.10150611400604248
vt 0.15902885794639587 0.10682272911071777
vt 0.15205487608909607 0.12801826000213623
vt 0.21342620253562927 0.0719534158706665
vt 0.19514106214046478 0.06993675231933594
vt 0.2578788101673126 0.10739850997924805
vt 0.1537083387374878 0.10114264488220215
vt 0.26644954085350037 0.12620818614959717
vt 0.2180095911026001 0.0811682939529419
vt 0.22483083605766296 0.0705559253692627
vt 0.20503970980644226 0.06787621974945068
vt 0.20170055329799652 0.0669783353805542
vt 0.1483641117811203 0.1118624210357666
vt 0.18816685676574707 0.06828737258911133
vt 0.2167513221502304 0.06754601001739502
vt 0.21108569204807281 0.06479847431182861
vt 0.19470424950122833 0.06539571285247803
vt 0.2668028771877289 0.09503734111785889
vt 0.25613933801651 0.08772826194763184
vt 0.1452140063047409 0.09717428684234619
vt 0.14151351153850555 0.11416459083557129
vt 0.28664448857307434 0.09687137603759766
vt 0.236304372549057 0.06710946559906006
vt 0.2212848663330078 0.062221646308898926
vt 0.26667240262031555 0.07592415809631348
vt 0.27680733799934387 0.08413684368133545
vt 0.22749805450439453 0.06473016738891602
vt 0.25013938546180725 0.06568074226379395
vt 0.29007312655448914 0.07418060302734375
vt 0.23305776715278625 0.05870950222015381
vt 0.23757800459861755 0.060769081115722656
vt 0.2635892331600189 0.06045031547546387
vt 0.27987346053123474 0.05613553524017334
vt 0.3060261905193329 0.06651866436004639
vt 0.24355480074882507 0.05540144443511963
vt 0.2207554280757904 0.0579526424407959
vt 0.25129255652427673 0.05710303783416748
vt 0.27318671345710754 0.05488705635070801
vt 0.28928104043006897 0.04926419258117676
vt 0.3096444010734558 0.039060235023498535
vt 0.34589099884033203 0.06344735622406006
vt 0.24121436476707458 0.050908446311950684
vt 0.25463372468948364 0.05090832710266113
vt 0.2652498185634613 0.05240607261657715
vt 0.272491991519928 0.045249223709106445
vt 0.3011471927165985 0.04195380210876465
vt 0.28165486454963684 0.04747331142425537
vt 0.32287850975990295 0.03452444076538086
vt 0.26490727066993713 0.04755532741546631
vt 0.2936438024044037 0.030460715293884277
vt 0.28609099984169006 0.04010343551635742
vt 0.30816370248794556 0.0222165584564209
vt 0.3168061077594757 0.018633008003234863
vt 0.277916818857193 0.037297725677490234
vt 0.3308621644973755 0.013715863227844238
vt 0.3143807351589203 0.0010820627212524414
vt 0.33449479937553406 0.002086162567138672
vt 0.33602187037467957 0.02757084369659424
vt 0.48058077692985535 0.2547363042831421
vt 0.4343394637107849 0.2798537611961365
vt 0.4589201807975769 0.2728461027145386
vt 0.49010205268859863 0.23586797714233398
vt 0.43011102080345154 0.29377955198287964
vt 0.5422577261924744 0.23254609107971191
vt 0.4770612120628357 0.22915035486221313
vt 0.45477521419525146 0.28632211685180664
vt 0.41285282373428345 0.28915315866470337
vt 0.5156885385513306 0.26265448331832886
vt 0.4350038766860962 0.2586567997932434
vt 0.483435720205307 0.2307862639427185
vt 0.5327128767967224 0.21627312898635864
vt 0.46404528617858887 0.27909576892852783
vt 0.5541594624519348 0.23551034927368164
vt 0.4940949082374573 0.21854400634765625
vt 0.49960458278656006 0.22843605279922485
vt 0.4774019122123718 0.28241443634033203
vt 0.5631909966468811 0.25995469093322754
vt 0.4985105097293854 0.22111493349075317
vt 0.517763614654541 0.21247941255569458
vt 0.47860556840896606 0.2949967384338379
vt 0.5139045715332031 0.2726407051086426
vt 0.5113770365715027 0.2130424976348877
vt 0.18766504526138306 0.06411302089691162
vt 0.3960550129413605 0.30933821201324463
vt 0.4091395437717438 0.31944191455841064
vt 0.40394091606140137 0.30745017528533936
vt 0.4021344780921936 0.3243282437324524
vt 0.41175198554992676 0.31374263763427734
vt 0.40336906909942627 0.2992604374885559
vt 0.4041111469268799 0.33176469802856445
vt 0.4083704948425293 0.3065539002418518
vt 0.41997241973876953 0.3266434669494629
vt 0.41126519441604614 0.32929545640945435
vt 0.4194395840167999 0.3130151629447937
vt 0.42011117935180664 0.3181343078613281
vt 0.4110380709171295 0.2977258563041687
vt 0.4173145294189453 0.3362577557563782
vt 0.4144982099533081 0.3058258295059204
vt 0.42686837911605835 0.3256513476371765
vt 0.40423235297203064 0.2901011109352112
vt 0.4054446816444397 0.3388041853904724
vt 0.43214333057403564 0.3023808002471924
vt 0.4299350678920746 0.3179857134819031
vt 0.4244241714477539 0.33352982997894287
vt 0.43520763516426086 0.3249688744544983
vt 0.399311363697052 0.34080809354782104
vt 0.41198790073394775 0.3456469178199768
vt 0.42775556445121765 0.3403831720352173
vt 0.43314895033836365 0.332876980304718
vt 0.42040419578552246 0.3427268862724304
vt 0.4587620496749878 0.2962104082107544
vt 0.4481273591518402 0.313529372215271
vt 0.4431416988372803 0.32296013832092285
vt 0.4432215690612793 0.33040928840637207
vt 0.40533652901649475 0.3466795086860657
vt 0.42336395382881165 0.3494566082954407
vt 0.45205140113830566 0.3070833086967468
vt 0.4403265416622162 0.34019601345062256
vt 0.4420453608036041 0.33535075187683105
vt 0.4020572900772095 0.3520112633705139
vt 0.3991739749908447 0.34866368770599365
vt 0.41663211584091187 0.35230380296707153
vt 0.46093809604644775 0.3060375452041626
vt 0.4555065929889679 0.3204408288002014
vt 0.4618859887123108 0.3147422671318054
vt 0.4490198791027069 0.3286571502685547
vt 0.4437837302684784 0.3476308584213257
vt 0.4262031316757202 0.35763639211654663
vt 0.4514089524745941 0.34071433544158936
vt 0.4085412323474884 0.3553205728530884
vt 0.3971245586872101 0.35959959030151367
vt 0.4112436771392822 0.36228811740875244
vt 0.4813648760318756 0.3016316890716553
vt 0.46902498602867126 0.31546783447265625
vt 0.47673141956329346 0.32542818784713745
vt 0.4650483727455139 0.3510894179344177
vt 0.4440147578716278 0.37744081020355225
vt 0.4509332478046417 0.3454786539077759
vt 0.39820632338523865 0.36707109212875366
vt 0.4134696125984192 0.3692467212677002
vt 0.4707222580909729 0.3112919330596924
vt 0.5189749598503113 0.29735130071640015
vt 0.4776823818683624 0.3391956090927124
vt 0.4596334993839264 0.35099685192108154
vt 0.4290224313735962 0.37437576055526733
vt 0.44677841663360596 0.35371696949005127
vt 0.48242488503456116 0.31753718852996826
vt 0.5375010371208191 0.28151464462280273
vt 0.5009315013885498 0.3109204173088074
vt 0.4874841272830963 0.34008532762527466
vt 0.4719972610473633 0.3578323721885681
vt 0.4787960946559906 0.35302460193634033
vt 0.4350511431694031 0.3832165002822876
vt 0.45430436730384827 0.3642503023147583
vt 0.4510349929332733 0.35149723291397095
vt 0.401957243680954 0.37283265590667725
vt 0.4140012860298157 0.3758324384689331
vt 0.5367270708084106 0.29178476333618164
vt 0.532075822353363 0.30241239070892334
vt 0.4879312515258789 0.35720914602279663
vt 0.4878844618797302 0.31878185272216797
vt 0.46619558334350586 0.3584630489349365
vt 0.4804047644138336 0.35841888189315796
vt 0.4452802240848541 0.3940654397010803
vt 0.4255208373069763 0.3813420534133911
vt 0.46395736932754517 0.36886143684387207
vt 0.45878124237060547 0.3547186255455017
vt 0.40399983525276184 0.37966644763946533
vt 0.5502399206161499 0.29140645265579224
vt 0.5376700758934021 0.3113763928413391
vt 0.500951886177063 0.3571333885192871
vt 0.5145414471626282 0.33208316564559937
vt 0.47592633962631226 0.361236035823822
vt 0.4868714511394501 0.361869752407074
vt 0.43628063797950745 0.3929779529571533
vt 0.45467880368232727 0.38235241174697876
vt 0.4698064625263214 0.36586129665374756
vt 0.4136134684085846 0.38357120752334595
vt 0.5076122879981995 0.31512975692749023
vt 0.47175925970077515 0.36220258474349976
vt 0.4587193727493286 0.36034905910491943
vt 0.43854042887687683 0.39811867475509644
vt 0.4516901671886444 0.39066463708877563
vt 0.42454230785369873 0.393587589263916
vt 0.4632129371166229 0.3763188123703003
vt 0.4672253429889679 0.3736202120780945
vt 0.416454553604126 0.3879716396331787
vt 0.4041859805583954 0.38676661252975464
vt 0.5243775844573975 0.35834282636642456
vt 0.554395318031311 0.3533855676651001
vt 0.4737616181373596 0.36504673957824707
vt 0.481689989566803 0.3637002110481262
vt 0.42996934056282043 0.4025816321372986
vt 0.44423940777778625 0.40163367986679077
vt 0.4571790099143982 0.3943679928779602
vt 0.46065548062324524 0.3849033713340759
vt 0.47372713685035706 0.37078696489334106
vt 0.4074922204017639 0.39211612939834595
vt 0.5238835215568542 0.36155080795288086
vt 0.47855353355407715 0.36489540338516235
vt 0.4866786599159241 0.36614900827407837
vt 0.48251059651374817 0.36646270751953125
vt 0.43341201543807983 0.4084586501121521
vt 0.41681694984436035 0.39557725191116333
vt 0.47137296199798584 0.37710875272750854
vt 0.5201512575149536 0.3667045831680298
vt 0.5404166579246521 0.361619770526886
vt 0.554439127445221 0.3586692214012146
vt 0.4919300377368927 0.3659476637840271
vt 0.4420090913772583 0.40949368476867676
vt 0.45229363441467285 0.40541577339172363
vt 0.4644395709037781 0.3953080177307129
vt 0.47823047637939453 0.3712778687477112
vt 0.4965776801109314 0.3665733337402344
vt 0.5406714081764221 0.3673534393310547
vt 0.4819481670856476 0.3729337453842163
vt 0.4864935278892517 0.37367022037506104
vt 0.4742385447025299 0.3894631862640381
vt 0.49577534198760986 0.3733447194099426
vt 0.5290144085884094 0.3729460835456848
vt 0.5492470264434814 0.36963963508605957
vt 0.5562530159950256 0.36228376626968384
vt 0.45674949884414673 0.40761613845825195
vt 0.4813401699066162 0.39350152015686035
vt 0.5554202795028687 0.369396448135376
vt 0.4866345524787903 0.37922048568725586
vt 0.4678764343261719 0.4058077931404114
vt 0.5202311277389526 0.3840456008911133
vt 0.5423529148101807 0.3793225884437561
vt 0.4907224774360657 0.3947129249572754
vt 0.4800879955291748 0.40648728609085083
vt 0.4880055785179138 0.398362398147583
vt 0.5074046850204468 0.3940480351448059
vt 0.5327787399291992 0.3974681496620178
vt 0.49496638774871826 0.4068886637687683
vt 0.4800940752029419 0.4190775156021118
vt 0.4861687421798706 0.41525810956954956
vt 0.5050170421600342 0.41652899980545044
vt 0.48961254954338074 0.4168773293495178
vt 0.4988357424736023 0.4177246689796448
vt 0.6930243968963623 0.2923111915588379
vt 0.6993986964225769 0.28844785690307617
vt 0.7068541049957275 0.28051042556762695
vt 0.6992049217224121 0.280894935131073
vt 0.689961314201355 0.29210251569747925
vt 0.6856037378311157 0.30279332399368286
vt 0.6939101815223694 0.27981382608413696
vt 0.6729346513748169 0.3014983534812927
vt 0.6823020577430725 0.278780460357666
vt 0.7000095844268799 0.27407485246658325
vt 0.6741552948951721 0.31463855504989624
vt 0.6678275465965271 0.2776758670806885
vt 0.6537630558013916 0.31097888946533203
vt 0.6855757236480713 0.2644854187965393
vt 0.6458451747894287 0.2751631736755371
vt 0.659173309803009 0.32123690843582153
vt 0.6498689651489258 0.266330361366272
vt 0.6664563417434692 0.26489877700805664
vt 0.6406019330024719 0.3124862313270569
vt 0.6298952698707581 0.2980896830558777
vt 0.6175972819328308 0.273059606552124
vt 0.6463309526443481 0.32490527629852295
vt 0.6162849068641663 0.26476919651031494
vt 0.6282730102539062 0.30916476249694824
vt 0.6269361972808838 0.3184228539466858
vt 0.6528352499008179 0.3339917063713074
vt 0.6076849699020386 0.296905517578125
vt 0.5975207090377808 0.2699472904205322
vt 0.6092243790626526 0.3291001319885254
vt 0.6256908178329468 0.35930126905441284
vt 0.6650955677032471 0.3353487253189087
vt 0.5939101576805115 0.2842424511909485
vt 0.619236409664154 0.3106355667114258
vt 0.6509557366371155 0.3712450861930847
vt 0.5962209701538086 0.2951521873474121
vt 0.5748604536056519 0.2674562335014343
vt 0.6066060066223145 0.3070926070213318
vt 0.6090107560157776 0.35599929094314575
vt 0.6005216836929321 0.3161616325378418
vt 0.629159688949585 0.3686813712120056
vt 0.5850679874420166 0.29410791397094727
vt 0.5728873014450073 0.28168725967407227
vt 0.5908765196800232 0.3504420518875122
vt 0.5975074768066406 0.3634609580039978
vt 0.5635690689086914 0.3219146132469177
vt 0.5961530804634094 0.3072272539138794
vt 0.5628836154937744 0.2681373357772827
vt 0.5869349241256714 0.3318989872932434
vt 0.5595950484275818 0.30438661575317383
vt 0.6026657819747925 0.3678794503211975
vt 0.5814725160598755 0.30369293689727783
vt 0.5613232254981995 0.3293508291244507
vt 0.5850367546081543 0.3619311451911926
vt 0.5512421727180481 0.3174070715904236
vt 0.6242324709892273 0.3741660714149475
vt 0.5683645009994507 0.3546885848045349
vt 0.588106095790863 0.3663821816444397
vt 0.6060006618499756 0.37309718132019043
vt 0.553678572177887 0.34308862686157227
vt 0.56640625 0.35933762788772583
vt 0.5690794587135315 0.36381620168685913
vt 0.5973789095878601 0.37193238735198975
vt 0.6143651008605957 0.3811621069908142
vt 0.5819317102432251 0.37147969007492065
vt 0.589967668056488 0.372020959854126
vt 0.6034225821495056 0.3804730176925659
vt 0.6247046589851379 0.3828779458999634
vt 0.5620026588439941 0.36878424882888794
vt 0.5963308215141296 0.37967991828918457
vt 0.6029894948005676 0.38600850105285645
vt 0.6146964430809021 0.39092087745666504
vt 0.5801721811294556 0.38014864921569824
vt 0.5612229704856873 0.3740237355232239
vt 0.5886675715446472 0.38049328327178955
vt 0.5954665541648865 0.3844676613807678
vt 0.6237577199935913 0.3922761082649231
vt 0.600450873374939 0.3951384425163269
vt 0.6156451106071472 0.39900463819503784
vt 0.6313128471374512 0.3913748860359192
vt 0.5638104677200317 0.38363611698150635
vt 0.5775516629219055 0.385799765586853
vt 0.5510175824165344 0.38048499822616577
vt 0.5876691937446594 0.390255331993103
vt 0.6075656414031982 0.40175944566726685
vt 0.6288477182388306 0.4121864438056946
vt 0.6085749864578247 0.4105537533760071
vt 0.5987723469734192 0.4124222993850708
vt 0.6145187020301819 0.405673086643219
vt 0.642390251159668 0.41363614797592163
vt 0.5472486019134521 0.3940483331680298
vt 0.563265323638916 0.3924221396446228
vt 0.567943274974823 0.4004902243614197
vt 0.6399813890457153 0.42065614461898804
vt 0.6220744848251343 0.4105444550514221
vt 0.608877420425415 0.41678231954574585
vt 0.5649690628051758 0.412486732006073
vt 0.6294658780097961 0.41950249671936035
vt 0.6665574908256531 0.41401559114456177
vt 0.5459315776824951 0.4098513722419739
vt 0.551392138004303 0.3978016972541809
vt 0.5602825284004211 0.40221530199050903
vt 0.6218010187149048 0.42297059297561646
vt 0.6034069657325745 0.4276127219200134
vt 0.6216460466384888 0.417053759098053
vt 0.5565285682678223 0.4122661352157593
vt 0.5937439203262329 0.42575985193252563
vt 0.6381729245185852 0.4253135323524475
vt 0.6755626797676086 0.42688459157943726
vt 0.520537793636322 0.4195253252983093
vt 0.616797149181366 0.42947304248809814
vt 0.5623044967651367 0.42042475938796997
vt 0.6496315002441406 0.42801231145858765
vt 0.6827450394630432 0.41098296642303467
vt 0.5375527143478394 0.4238911271095276
vt 0.6293274760246277 0.43214476108551025
vt 0.5481078624725342 0.42222368717193604
vt 0.6395478844642639 0.43382537364959717
vt 0.6683551669120789 0.4307333827018738
vt 0.6983387470245361 0.43617987632751465
vt 0.55629962682724 0.423530638217926
vt 0.6718620657920837 0.4396124482154846
vt 0.6835299730300903 0.4346315264701843
vt 0.7032361030578613 0.42013394832611084
vt 0.6865429878234863 0.4425249695777893
vt 0.7057292461395264 0.428605854511261
vt 0.7037723064422607 0.4453727602958679
vt 0.7081018686294556 0.4393969774246216
vt 0.7135208249092102 0.4341549277305603
vt 0.7089588046073914 0.448497474193573
vt 0.794258177280426 0.49207162857055664
vt 0.7853620648384094 0.49082469940185547
vt 0.7855134010314941 0.4948264956474304
vt 0.7937996983528137 0.48821473121643066
vt 0.7742981910705566 0.49279582500457764
vt 0.7938870191574097 0.4948577880859375
vt 0.8065469861030579 0.4814208745956421
vt 0.7910694479942322 0.48275506496429443
vt 0.7778369784355164 0.5013800859451294
vt 0.7814808487892151 0.4785965085029602
vt 0.7881126403808594 0.4989944100379944
vt 0.8000181913375854 0.4838533401489258
vt 0.7882871031761169 0.5017234683036804
vt 0.7988689541816711 0.49340617656707764
vt 0.8004136085510254 0.47982364892959595
vt 0.7919037938117981 0.47725021839141846
vt 0.7932496666908264 0.5012772977352142
vt 0.8044655919075012 0.49149394035339355
vt 0.8072304725646973 0.47142553329467773
vt 0.7907117009162903 0.45629632472991943
vt 0.7803252339363098 0.506744384765625
vt 0.7997655868530273 0.496984601020813
vt 0.8000686168670654 0.4756810665130615
vt 0.7979947328567505 0.46840572357177734
vt 0.747722327709198 0.2945528030395508
vt 0.7430596351623535 0.28823167085647583
vt 0.7497444748878479 0.3014070391654968
vt 0.6657456159591675 0.8200340569019318
vt 0.6633201837539673 0.813178151845932
vt 0.6596766114234924 0.8174275159835815
vt 0.6733638644218445 0.820002019405365
vt 0.6596662402153015 0.8116548955440521
vt 0.6598025560379028 0.8234114050865173
vt 0.6707430481910706 0.8236890733242035
vt 0.6655124425888062 0.806228905916214
vt 0.6535601615905762 0.8167343437671661
vt 0.664578914642334 0.8256142139434814
vt 0.6535574793815613 0.8225038051605225
vt 0.6791377067565918 0.8231010138988495
vt 0.6708151698112488 0.8118825256824493
vt 0.6539496183395386 0.8105713725090027
vt 0.656746506690979 0.8064014613628387
vt 0.6617910861968994 0.8283460438251495
vt 0.6691880226135254 0.8290276527404785
vt 0.6773890852928162 0.8367499113082886
vt 0.6717512607574463 0.8059484958648682
vt 0.6410053968429565 0.8199495673179626
vt 0.659879207611084 0.8020527958869934
vt 0.6657160520553589 0.8358078002929688
vt 0.6559284329414368 0.8304774463176727
vt 0.6732655763626099 0.832748532295227
vt 0.6747333407402039 0.8082053661346436
vt 0.6813998222351074 0.8403831124305725
vt 0.6666908264160156 0.8026603162288666
vt 0.6443505883216858 0.8264841437339783
vt 0.6508249044418335 0.8086722493171692
vt 0.6423754692077637 0.8124357163906097
vt 0.6809746026992798 0.81458580493927
vt 0.675909698009491 0.8418506383895874
vt 0.6838735342025757 0.8370220065116882
vt 0.6706706285476685 0.8009721338748932
vt 0.6344042420387268 0.8229277431964874
vt 0.629449725151062 0.8132906854152679
vt 0.6579104065895081 0.8008464574813843
vt 0.6640340685844421 0.7989131510257721
vt 0.659787118434906 0.8366671204566956
vt 0.6707936525344849 0.8387293219566345
vt 0.6813386082649231 0.8066571056842804
vt 0.6855431795120239 0.8257535696029663
vt 0.6892321109771729 0.8333458602428436
vt 0.6746663451194763 0.8030749559402466
vt 0.6259093284606934 0.8186602294445038
vt 0.6281928420066833 0.8256272673606873
vt 0.6374472379684448 0.8103275895118713
vt 0.6679015755653381 0.8412696123123169
vt 0.64858078956604 0.8437550961971283
vt 0.6902526021003723 0.8178571164608002
vt 0.6732072830200195 0.8459403812885284
vt 0.6766020655632019 0.7967397570610046
vt 0.6678411960601807 0.7939398884773254
vt 0.6226224303245544 0.8099796772003174
vt 0.6184577345848083 0.814412534236908
vt 0.6462268233299255 0.8027468621730804
vt 0.6606886386871338 0.7983333468437195
vt 0.6621711850166321 0.8436864912509918
vt 0.6862460970878601 0.7977190911769867
vt 0.6974744200706482 0.8258613348007202
vt 0.6202722191810608 0.8257863521575928
vt 0.6321820616722107 0.8400356471538544
vt 0.6195756196975708 0.8196080923080444
vt 0.6570295095443726 0.7958965599536896
vt 0.6940624713897705 0.7956908643245697
vt 0.67612224817276 0.7806201279163361
vt 0.7044088840484619 0.8163179159164429
vt 0.6736889481544495 0.7877536714076996
vt 0.6621126532554626 0.7945932745933533
vt 0.6216842532157898 0.8319596946239471
vt 0.6403961181640625 0.8455796241760254
vt 0.6078839898109436 0.8112886846065521
vt 0.6140583753585815 0.8031628131866455
vt 0.6143850088119507 0.8219087421894073
vt 0.65091872215271 0.7969976961612701
vt 0.6888098120689392 0.7645383179187775
vt 0.6962758898735046 0.8097440600395203
vt 0.6821719408035278 0.7702325880527496
vt 0.6663993000984192 0.7866219580173492
vt 0.6620529890060425 0.7885304689407349
vt 0.6160004138946533 0.8317709863185883
vt 0.6186906099319458 0.8421942293643951
vt 0.6092740297317505 0.8163644373416901
vt 0.6122679114341736 0.8086701333522797
vt 0.6263532638549805 0.7979807257652283
vt 0.6549610495567322 0.7894294559955597
vt 0.6963762044906616 0.7794984877109528
vt 0.6775126457214355 0.7595235705375671
vt 0.6707327365875244 0.7792817056179047
vt 0.664895236492157 0.7796861827373505
vt 0.6020802855491638 0.8167295157909393
vt 0.6138337254524231 0.798182874917984
vt 0.6098603010177612 0.8264693915843964
vt 0.6278437972068787 0.7909987568855286
vt 0.6849914193153381 0.7500421106815338
vt 0.696064829826355 0.7603241503238678
vt 0.7091090679168701 0.7823149859905243
vt 0.6718389987945557 0.772493451833725
vt 0.6580635905265808 0.7790307402610779
vt 0.6116944551467896 0.8368494808673859
vt 0.5952767133712769 0.8162596225738525
vt 0.6030635237693787 0.8270895481109619
vt 0.5968341827392578 0.8117210268974304
vt 0.6027640700340271 0.7998242378234863
vt 0.6154689192771912 0.7912938594818115
vt 0.6250652074813843 0.7830393016338348
vt 0.6561163663864136 0.7852112948894501
vt 0.6878288984298706 0.7467442750930786
vt 0.6712105870246887 0.732232928276062
vt 0.6679136753082275 0.7644245326519012
vt 0.6570315361022949 0.7716172635555267
vt 0.5949220657348633 0.8200563490390778
vt 0.7157430648803711 0.7379477620124817
vt 0.6978245973587036 0.7317079305648804
vt 0.665500283241272 0.7707721590995789
vt 0.6285611391067505 0.775020956993103
vt 0.6618803143501282 0.7704385221004486
vt 0.5891200304031372 0.81046462059021
vt 0.5874966382980347 0.816679984331131
vt 0.5857733488082886 0.8237445652484894
vt 0.5924727916717529 0.803072065114975
vt 0.6041291356086731 0.7919827103614807
vt 0.6041309237480164 0.7817789912223816
vt 0.6390882134437561 0.7619260549545288
vt 0.6599844694137573 0.7662175893783569
vt 0.5911244750022888 0.806133896112442
vt 0.5941369533538818 0.7981241345405579
vt 0.7095749974250793 0.7321303486824036
vt 0.744184136390686 0.7522883713245392
vt 0.6150789260864258 0.7562276721000671
vt 0.6507141590118408 0.761046826839447
vt 0.5879265069961548 0.8051093518733978
vt 0.5827964544296265 0.8149318993091583
vt 0.5802987813949585 0.8245306015014648
vt 0.5894538164138794 0.8000863194465637
vt 0.5949301719665527 0.7890751957893372
vt 0.7140355110168457 0.7070586979389191
vt 0.7437880039215088 0.7103031575679779
vt 0.6142269968986511 0.7509374618530273
vt 0.5877727270126343 0.7983425557613373
vt 0.5859109163284302 0.8018355667591095
vt 0.5847896933555603 0.8083868324756622
vt 0.5705007314682007 0.8307025134563446
vt 0.589907705783844 0.787285327911377
vt 0.5939309597015381 0.7799196839332581
vt 0.5987047553062439 0.7632763683795929
vt 0.7457576990127563 0.68185955286026
vt 0.6991062164306641 0.7118729054927826
vt 0.5863904356956482 0.7956915199756622
vt 0.5794396996498108 0.8155556619167328
vt 0.5884521007537842 0.7847675085067749
vt 0.7249795198440552 0.6767878830432892
vt 0.7197639346122742 0.6676225066184998
vt 0.5960562229156494 0.7504056990146637
vt 0.5836484432220459 0.7987841665744781
vt 0.5787186622619629 0.8049849271774292
vt 0.5694921016693115 0.8191114664077759
vt 0.7362963557243347 0.6718505024909973
vt 0.7050721049308777 0.6703349053859711
vt 0.5925449728965759 0.7414629459381104
vt 0.5855097770690918 0.7787425220012665
vt 0.5845072865486145 0.7895753681659698
vt 0.5716912150382996 0.8128587603569031
vt 0.5566686987876892 0.8170904815196991
vt 0.5888020396232605 0.7491887211799622
vt 0.5780205130577087 0.792241781949997
vt 0.5717714428901672 0.805107444524765
vt 0.549824595451355 0.8176350593566895
vt 0.5648599863052368 0.8131577670574188
vt 0.5841884016990662 0.7808769047260284
vt 0.5814622044563293 0.7870687544345856
vt 0.5714782476425171 0.7980675399303436
vt 0.5644533634185791 0.8053496479988098
vt 0.5492910146713257 0.807342529296875
vt 0.5454698801040649 0.8372354507446289
vt 0.5570813417434692 0.806807667016983
vt 0.5828931331634521 0.7710679173469543
vt 0.575660228729248 0.7846684157848358
vt 0.5709551572799683 0.7914823889732361
vt 0.5427026152610779 0.8089060485363007
vt 0.5389758348464966 0.8174498677253723
vt 0.5825168490409851 0.7786466777324677
vt 0.56405109167099 0.7970572113990784
vt 0.5573426485061646 0.7988075017929077
vt 0.5352017879486084 0.800515204668045
vt 0.532926619052887 0.8171284794807434
vt 0.5772948265075684 0.7766795456409454
vt 0.569715142250061 0.7759885489940643
vt 0.564152181148529 0.787781149148941
vt 0.5496395826339722 0.7998331487178802
vt 0.5330807566642761 0.8073726892471313
vt 0.5616171360015869 0.7902882993221283
vt 0.550199031829834 0.79636549949646
vt 0.532800555229187 0.8128267526626587
vt 0.5226311683654785 0.8002539575099945
vt 0.5693521499633789 0.7666272222995758
vt 0.5642402768135071 0.7809030711650848
vt 0.5576754808425903 0.7931480705738068
vt 0.5244361162185669 0.8096432387828827
vt 0.5611236691474915 0.786378413438797
vt 0.5582342743873596 0.7885279059410095
vt 0.5261833071708679 0.7931444942951202
vt 0.5506702661514282 0.7918163239955902
vt 0.5596182346343994 0.782844215631485
vt 0.5610414147377014 0.7685094773769379
vt 0.555280327796936 0.7541273534297943
vt 0.5641399621963501 0.7700177729129791
vt 0.564092755317688 0.7521649301052094
vt 0.5661158561706543 0.7433508634567261
vt 0.5555090308189392 0.7421982288360596
vt 0.574346661567688 0.7418716549873352
vt 0.5582005977630615 0.7337211966514587
vt 0.5448794364929199 0.7405110001564026
vt 0.57636958360672 0.7334180772304535
vt 0.5666875839233398 0.7330989241600037
vt 0.5872694849967957 0.7333402633666992
vt 0.5672688484191895 0.7227645516395569
vt 0.5844849348068237 0.7244170308113098
vt 0.5770418643951416 0.7238546907901764
vt 0.5946786999702454 0.7253508567810059
vt 0.5723193883895874 0.7134926319122314
vt 0.5791292190551758 0.7141892313957214
vt 0.7012266516685486 0.4708073139190674
vt 0.7057674527168274 0.4715299606323242
vt 0.7050278186798096 0.47074955701828003
vt 0.7024800181388855 0.472284734249115
vt 0.703934907913208 0.46961474418640137
vt 0.6983838081359863 0.46705305576324463
vt 0.7048084139823914 0.46736085414886475
vt 0.7070285081863403 0.4682597517967224
vt 0.7091031670570374 0.4650837182998657
vt 0.7061641812324524 0.46425145864486694
vt 0.7100915312767029 0.46375173330307007
vt 0.7109758257865906 0.4656262993812561
vt 0.6168161630630493 0.20648783445358276
vt 0.6217405200004578 0.20951825380325317
vt 0.6265275478363037 0.20311987400054932
vt 0.7091768980026245 0.6467914879322052
vt 0.7002691030502319 0.6491120159626007
vt 0.7049251198768616 0.6556729078292847
vt 0.6893739104270935 0.6526684463024139
vt 0.6866559982299805 0.7038438320159912
vt 0.6812212467193604 0.6549309492111206
vt 0.6924742460250854 0.7151273488998413
vt 0.6924697160720825 0.6456884741783142
vt 0.6766011714935303 0.6989612579345703
vt 0.6874831318855286 0.7230027914047241
vt 0.6777184009552002 0.65087890625
vt 0.6823371052742004 0.7139772176742554
vt 0.660305380821228 0.6918722689151764
vt 0.6726309657096863 0.7116174399852753
vt 0.6584402918815613 0.7048088908195496
vt 0.6819285154342651 0.7327192723751068
vt 0.6866077780723572 0.7359685599803925
vt 0.6517596244812012 0.7472118437290192
vt 0.6253780126571655 0.6966452300548553
vt 0.6237993836402893 0.69257852435112
vt 0.6239761710166931 0.6983510851860046
vt 0.6248543858528137 0.6904375553131104
vt 0.6228294372558594 0.7028099596500397
vt 0.6296948790550232 0.7032071053981781
vt 0.6217213273048401 0.7016010880470276
vt 0.6245337724685669 0.7082470953464508
vt 0.6202679872512817 0.7030999958515167
vt 0.6217230558395386 0.7072864770889282
vt 0.6240177154541016 0.7133347690105438
vt 0.6181030869483948 0.7034249901771545
vt 0.6200382709503174 0.7141867876052856
vt 0.6179230213165283 0.7074304819107056
vt 0.6180252432823181 0.7133201062679291
vt 0.6147515773773193 0.7076017260551453
vt 0.6161012649536133 0.7119914293289185
vt 0.6153473854064941 0.7036252021789551
vt 0.613484263420105 0.7039445042610168
vt 0.6181778311729431 0.7018757164478302
vt 0.6166563630104065 0.7000790238380432
vt 0.6221843957901001 0.7001172602176666
vt 0.6946002840995789 0.4650796055793762
vt 0.6949576735496521 0.4680578112602234
vt 0.6224372982978821 0.21461308002471924
vt 0.623931348323822 0.2117564082145691
vt 0.7159152626991272 0.4462737441062927
vt 0.7182644009590149 0.4458181858062744
vt 0.7152612209320068 0.4433392882347107
vt 0.7192391753196716 0.44479525089263916
vt 0.7180332541465759 0.43906158208847046
vt 0.7452901005744934 0.4690294861793518
vt 0.7486713528633118 0.4668821096420288
vt 0.7406296730041504 0.4643458127975464
vt 0.7438932657241821 0.4624558687210083
vt 0.7401020526885986 0.47055721282958984
vt 0.7375068664550781 0.46232062578201294
vt 0.7373201251029968 0.4687001705169678
vt 0.7429693341255188 0.4743756651878357
vt 0.7335572838783264 0.4660797119140625
vt 0.7397910952568054 0.4590301513671875
vt 0.7339667677879333 0.47339993715286255
vt 0.7350562214851379 0.4670529365539551
vt 0.7345784306526184 0.4632377028465271
vt 0.7441632747650146 0.458116352558136
vt 0.7404937744140625 0.4767340421676636
vt 0.7298623323440552 0.47009098529815674
vt 0.7311925292015076 0.46607041358947754
vt 0.7369059920310974 0.45728665590286255
vt 0.7333385944366455 0.48068767786026
vt 0.7269504070281982 0.4683037996292114
vt 0.7292795181274414 0.4654955267906189
vt 0.7335470914840698 0.4631522297859192
vt 0.7414608597755432 0.4552193880081177
vt 0.7250205278396606 0.47250276803970337
vt 0.7189399003982544 0.46951502561569214
vt 0.7232208251953125 0.4661902189254761
vt 0.7338498830795288 0.46054399013519287
vt 0.7452402710914612 0.45712119340896606
vt 0.7392538189888 0.45436835289001465
vt 0.7210620045661926 0.47767722606658936
vt 0.7166213989257812 0.4691885709762573
vt 0.7275870442390442 0.46411794424057007
vt 0.7356263399124146 0.45688319206237793
vt 0.7305378317832947 0.4628872871398926
vt 0.7160146236419678 0.47369468212127686
vt 0.7136261463165283 0.47278404235839844
vt 0.7288885712623596 0.46098822355270386
vt 0.7185403108596802 0.4677765965461731
vt 0.7335591316223145 0.4591473937034607
vt 0.7308616638183594 0.46158528327941895
vt 0.7094030380249023 0.4787142276763916
vt 0.7121908664703369 0.4705801010131836
vt 0.7227974534034729 0.46417129039764404
vt 0.7096056342124939 0.4739697575569153
vt 0.7061711549758911 0.47779786586761475
vt 0.7696223258972168 0.5025529265403748
vt 0.7725573778152466 0.5072858035564423
vt 0.7715455889701843 0.5125243961811066
vt 0.7775560021400452 0.5152596533298492
vt 0.782055139541626 0.512852817773819
vt 0.7877570986747742 0.5056020021438599
vt 0.786868155002594 0.5106453895568848
vt 0.790152370929718 0.5098733603954315
vt 0.7992093563079834 0.5029219388961792
vt 0.7932143211364746 0.5090603828430176
vt 0.8034541606903076 0.49826472997665405
vt 0.7997626066207886 0.5063703060150146
vt 0.8088081479072571 0.49465805292129517
vt 0.806279182434082 0.5029405951499939
vt 0.8108195066452026 0.49926328659057617
vt 0.810562014579773 0.5088008046150208
vt 0.816780686378479 0.4931362271308899
vt 0.7992619872093201 0.5094303488731384
vt 0.8140049576759338 0.5054891407489777
vt 0.6352949142456055 0.6857015490531921
vt 0.6538652777671814 0.677094042301178
vt 0.6435098052024841 0.680504322052002
vt 0.6514071822166443 0.6910592913627625
vt 0.6472228169441223 0.6601299047470093
vt 0.6378025412559509 0.6748950183391571
vt 0.640346884727478 0.6976693570613861
vt 0.6593772172927856 0.6592825949192047
vt 0.6277921199798584 0.6817493140697479
vt 0.6419370174407959 0.7054151296615601
vt 0.6499252915382385 0.7034522891044617
vt 0.6523864269256592 0.6564377248287201
vt 0.6340856552124023 0.6718486547470093
vt 0.670731246471405 0.655114084482193
vt 0.6632738709449768 0.6407235264778137
vt 0.6505014300346375 0.6490421295166016
vt 0.6414179801940918 0.6610496342182159
vt 0.6232521533966064 0.7196991145610809
vt 0.6771978735923767 0.6469085216522217
vt 0.6713692545890808 0.641901046037674
vt 0.6328226327896118 0.6659832298755646
vt 0.6547744274139404 0.6431837677955627
vt 0.6355035305023193 0.6617797911167145
vt 0.6461456418037415 0.6453579068183899
vt 0.6608272790908813 0.6364619433879852
vt 0.6373711824417114 0.6569170355796814
vt 0.6315851211547852 0.6637777090072632
vt 0.6510198712348938 0.6430597603321075
vt 0.6589021682739258 0.6351959109306335
vt 0.6491285562515259 0.641753762960434
vt 0.637395977973938 0.6517072319984436
vt 0.627896249294281 0.661017894744873
vt 0.658592164516449 0.6337604522705078
vt 0.6542021632194519 0.6362334787845612
vt 0.656004786491394 0.6329230666160583
vt 0.6413572430610657 0.6457383930683136
vt 0.6271134614944458 0.6582798659801483
vt 0.6509131789207458 0.6359613835811615
vt 0.6445686221122742 0.6404066681861877
vt 0.6368179321289062 0.6489976048469543
vt 0.6288217902183533 0.6549269556999207
vt 0.6364615559577942 0.6473572254180908
vt 0.622005820274353 0.6614094972610474
vt 0.6438594460487366 0.6395180821418762
vt 0.6316812634468079 0.6512169241905212
vt 0.6184293627738953 0.6609770953655243
vt 0.6502960920333862 0.6335354149341583
vt 0.6395005583763123 0.640539288520813
vt 0.62984699010849 0.6483238637447357
vt 0.6284187436103821 0.6525385081768036
vt 0.6259239315986633 0.6534949541091919
vt 0.647786557674408 0.6316176652908325
vt 0.6449382901191711 0.6347004771232605
vt 0.6440219283103943 0.6334310472011566
vt 0.6463771462440491 0.630725234746933
vt 0.14969857037067413 0.14927387237548828
vt 0.14647118747234344 0.14548265933990479
vt 0.14386948943138123 0.1473078727722168
vt 0.148596853017807 0.14515650272369385
vt 0.1444747895002365 0.14586520195007324
vt 0.14306655526161194 0.1491466760635376
vt 0.15008044242858887 0.14715421199798584
vt 0.14550688862800598 0.14298725128173828
vt 0.14360231161117554 0.14396262168884277
vt 0.1391044557094574 0.14806532859802246
vt 0.1468198299407959 0.15077626705169678
vt 0.1528085172176361 0.14494216442108154
vt 0.15238603949546814 0.14696133136749268
vt 0.14652784168720245 0.1355501413345337
vt 0.14187045395374298 0.14529192447662354
vt 0.13651573657989502 0.14727067947387695
vt 0.13651922345161438 0.15066099166870117
vt 0.15218201279640198 0.14965081214904785
vt 0.14339354634284973 0.13333606719970703
vt 0.14005146920681 0.14446163177490234
vt 0.13953061401844025 0.1461249589920044
vt 0.1310804784297943 0.14927351474761963
vt 0.13006168603897095 0.15125322341918945
vt 0.13832807540893555 0.1521739959716797
vt 0.15143945813179016 0.15198266506195068
vt 0.15546821057796478 0.14792776107788086
vt 0.15261639654636383 0.13515567779541016
vt 0.14318309724330902 0.12290120124816895
vt 0.13629639148712158 0.1221703290939331
vt 0.1405649334192276 0.14165401458740234
vt 0.13737979531288147 0.14560329914093018
vt 0.13319972157478333 0.14670813083648682
vt 0.12680794298648834 0.1541355848312378
vt 0.15496280789375305 0.15040087699890137
vt 0.15769794583320618 0.14764392375946045
vt 0.14808125793933868 0.1297011375427246
vt 0.1379089206457138 0.14209651947021484
vt 0.1270083785057068 0.14938008785247803
vt 0.12422408163547516 0.1517847776412964
vt 0.12323307245969772 0.15402770042419434
vt 0.11964884400367737 0.1575871706008911
vt 0.14391596615314484 0.1529935598373413
vt 0.15589991211891174 0.15286469459533691
vt 0.15888682007789612 0.15134918689727783
vt 0.15678152441978455 0.14032626152038574
vt 0.1346929967403412 0.13405168056488037
vt 0.13602887094020844 0.1394639015197754
vt 0.13529309630393982 0.1450669765472412
vt 0.12894876301288605 0.14798235893249512
vt 0.1139984130859375 0.15790128707885742
vt 0.13366268575191498 0.15433204174041748
vt 0.15940560400485992 0.149611234664917
vt 0.1614600569009781 0.1483975648880005
vt 0.13462091982364655 0.1288609504699707
vt 0.13695146143436432 0.14337074756622314
vt 0.13201981782913208 0.14582431316375732
vt 0.1180795431137085 0.15109610557556152
vt 0.11824887990951538 0.15381693840026855
vt 0.10889599472284317 0.15850317478179932
vt 0.12169207632541656 0.15886688232421875
vt 0.11268565058708191 0.16028225421905518
vt 0.14479222893714905 0.15559470653533936
vt 0.15268069505691528 0.15581989288330078
vt 0.16199232637882233 0.1520676612854004
vt 0.1339239925146103 0.1375967264175415
vt 0.13280628621578217 0.13104534149169922
vt 0.13554391264915466 0.11391758918762207
vt 0.1350359320640564 0.1416250467300415
vt 0.1343810111284256 0.1437387466430664
vt 0.12468127906322479 0.1478111743927002
vt 0.12462995946407318 0.16076457500457764
vt 0.13770265877246857 0.15943193435668945
vt 0.16451840102672577 0.15521371364593506
vt 0.13232600688934326 0.1350569725036621
vt 0.13308405876159668 0.1386040449142456
vt 0.13344834744930267 0.1272284984588623
vt 0.13126955926418304 0.14328479766845703
vt 0.12683826684951782 0.14463293552398682
vt 0.11615782976150513 0.15016627311706543
vt 0.11321881413459778 0.15214109420776367
vt 0.10752701014280319 0.15741753578186035
vt 0.11700361967086792 0.1617269515991211
vt 0.16926653683185577 0.15639889240264893
vt 0.16315802931785583 0.1504971981048584
vt 0.1310352087020874 0.13095998764038086
vt 0.13430839776992798 0.11763608455657959
vt 0.11523382365703583 0.14880752563476562
vt 0.1087825819849968 0.15328478813171387
vt 0.10614146292209625 0.1544942855834961
vt 0.11125930398702621 0.16446447372436523
vt 0.12908412516117096 0.16332972049713135
vt 0.14779789745807648 0.15931951999664307
vt 0.1664731353521347 0.15927696228027344
vt 0.13155561685562134 0.13740313053131104
vt 0.12909512221813202 0.13431406021118164
vt 0.13221900165081024 0.12567317485809326
vt 0.1302298903465271 0.13960349559783936
vt 0.12793271243572235 0.14045453071594238
vt 0.12508945167064667 0.14243853092193604
vt 0.10886714607477188 0.15091609954833984
vt 0.11051109433174133 0.15167927742004395
vt 0.10331413149833679 0.15538978576660156
vt 0.14131811261177063 0.16186177730560303
vt 0.12794768810272217 0.1310948133468628
vt 0.13053423166275024 0.1264563798904419
vt 0.13159231841564178 0.12086653709411621
vt 0.10237252712249756 0.15508556365966797
vt 0.13863018155097961 0.1665024757385254
vt 0.1515640914440155 0.1634538173675537
vt 0.12909145653247833 0.1285461187362671
vt 0.12637418508529663 0.13128578662872314
vt 0.12776125967502594 0.1351606845855713
vt 0.09827739745378494 0.15401172637939453
vt 0.09947159886360168 0.15515291690826416
vt 0.10025130957365036 0.15670907497406006
vt 0.12129394710063934 0.17156100273132324
vt 0.16433840990066528 0.1656796932220459
vt 0.12745064496994019 0.1283653974533081
vt 0.12864872813224792 0.12529981136322021
vt 0.09995922446250916 0.15625989437103271
vt 0.12565281987190247 0.1273972988128662
vt 0.09134744107723236 0.1578054428100586
vt 0.09873872995376587 0.15806055068969727
vt 0.1555851548910141 0.17332255840301514
vt 0.16577567160129547 0.16939520835876465
vt 0.09711560606956482 0.15703105926513672
vt 0.153543159365654 0.18288779258728027
vt 0.17871923744678497 0.16624951362609863
vt 0.16837161779403687 0.17254340648651123
vt 0.7549319863319397 0.262884259223938
vt 0.753848135471344 0.26022374629974365
vt 0.7514913082122803 0.25915300846099854
vt 0.7558372616767883 0.2621545195579529
vt 0.7508621215820312 0.2542213201522827
vt 0.7536906599998474 0.2566119432449341
vt 0.7582646608352661 0.2648810148239136
vt 0.7471980452537537 0.2505003809928894
vt 0.7569929957389832 0.26149076223373413
vt 0.7580162286758423 0.2631569504737854
vt 0.7463951706886292 0.2453521490097046
vt 0.7486717104911804 0.25564754009246826
vt 0.7616267204284668 0.2660822868347168
vt 0.7458335161209106 0.2464923858642578
vt 0.7486829161643982 0.24783676862716675
vt 0.7497548460960388 0.26139944791793823
vt 0.7611725926399231 0.2695798873901367
vt 0.7444170713424683 0.24369537830352783
vt 0.7476884126663208 0.24247902631759644
vt 0.7513740658760071 0.2516608238220215
vt 0.7540135979652405 0.2631581425666809
vt 0.7647250294685364 0.2693789005279541
vt 0.7447687387466431 0.2406851053237915
vt 0.7490949630737305 0.24657070636749268
vt 0.7645986676216125 0.266532301902771
vt 0.769769012928009 0.27546465396881104
vt 0.7420555353164673 0.23431527614593506
vt 0.7484239935874939 0.23882251977920532
vt 0.7682995796203613 0.2682728171348572
vt 0.7618541121482849 0.26423048973083496
vt 0.7684703469276428 0.27195626497268677
vt 0.7510905265808105 0.2367572784423828
vt 0.7651309967041016 0.2646646499633789
vt 0.7424677610397339 0.2308422327041626
vt 0.7503994703292847 0.24356740713119507
vt 0.7471698522567749 0.23351144790649414
vt 0.7702312469482422 0.27087920904159546
vt 0.7600840330123901 0.2616192102432251
vt 0.7644021511077881 0.2627873420715332
vt 0.73951256275177 0.22696781158447266
vt 0.752081036567688 0.24461615085601807
vt 0.7500215172767639 0.24730432033538818
vt 0.7522854804992676 0.22327160835266113
vt 0.7722145915031433 0.269917368888855
vt 0.7590657472610474 0.2603186368942261
vt 0.7682715654373169 0.2654263973236084
vt 0.7554976940155029 0.2589516043663025
vt 0.7426837682723999 0.22652077674865723
vt 0.751591682434082 0.24683600664138794
vt 0.753042995929718 0.23786622285842896
vt 0.7523608207702637 0.25008857250213623
vt 0.7554675340652466 0.23326575756072998
vt 0.7623128294944763 0.2605932354927063
vt 0.7561169862747192 0.2578113079071045
vt 0.7371892929077148 0.2181810736656189
vt 0.7540254592895508 0.2506747245788574
vt 0.7534804940223694 0.2412624955177307
vt 0.7575689554214478 0.2212037444114685
vt 0.7450536489486694 0.21803027391433716
vt 0.7716012597084045 0.26517021656036377
vt 0.7585033178329468 0.25874507427215576
vt 0.7644810676574707 0.2602902054786682
vt 0.756253719329834 0.2555990219116211
vt 0.7390024662017822 0.2165336012840271
vt 0.7536051273345947 0.2477356195449829
vt 0.7551307678222656 0.24260854721069336
vt 0.7409390211105347 0.21629297733306885
vt 0.7371963858604431 0.21447807550430298
vt 0.7393134832382202 0.2139195203781128
vt 0.7560935616493225 0.25378215312957764
vt 0.7587060928344727 0.2409895658493042
vt 0.7496891021728516 0.21438133716583252
vt 0.7430406808853149 0.2158341407775879
vt 0.7389410138130188 0.2109944224357605
vt 0.7360475659370422 0.21205991506576538
vt 0.7562496066093445 0.24647408723831177
vt 0.7473975419998169 0.2149243950843811
vt 0.7522329688072205 0.2138289213180542
vt 0.7402780652046204 0.2107638716697693
vt 0.7435457706451416 0.21281135082244873
vt 0.7409523725509644 0.2135428786277771
vt 0.7372996211051941 0.21064090728759766
vt 0.7336917519569397 0.2138959765434265
vt 0.7584563493728638 0.25239914655685425
vt 0.7451705932617188 0.21538645029067993
vt 0.7476281523704529 0.21185302734375
vt 0.7549186944961548 0.2133725881576538
vt 0.7498079538345337 0.21135038137435913
vt 0.7430911064147949 0.2089921236038208
vt 0.7353655695915222 0.20708894729614258
vt 0.7336640357971191 0.21022021770477295
vt 0.7582117319107056 0.2553110718727112
vt 0.7595802545547485 0.25252580642700195
vt 0.7452108860015869 0.21247386932373047
vt 0.7464511394500732 0.20898693799972534
vt 0.7487806081771851 0.20831453800201416
vt 0.752496600151062 0.21066707372665405
vt 0.7509031295776367 0.20774370431900024
vt 0.7418357133865356 0.20830368995666504
vt 0.7410834431648254 0.2091827392578125
vt 0.7443199157714844 0.20768886804580688
vt 0.7445889711380005 0.20948535203933716
vt 0.7409616708755493 0.20679062604904175
vt 0.7314596176147461 0.2126104235649109
vt 0.7532292604446411 0.207109272480011
vt 0.7319576144218445 0.20817691087722778
vt 0.7391186952590942 0.20535653829574585
vt 0.7457188963890076 0.20672273635864258
vt 0.7485257983207703 0.20520466566085815
vt 0.7523437142372131 0.20274555683135986
vt 0.7548367977142334 0.21015089750289917
vt 0.7515692710876465 0.20409411191940308
vt 0.7325454950332642 0.20525014400482178
vt 0.735313892364502 0.2043294906616211
vt 0.7465387582778931 0.2061864733695984
vt 0.7439373135566711 0.2034515142440796
vt 0.7324770092964172 0.20252424478530884
vt 0.7370556592941284 0.20299971103668213
vt 0.7470077276229858 0.20266205072402954
vt 0.7494816184043884 0.20171022415161133
vt 0.7342753410339355 0.20170223712921143
vt 0.7402846813201904 0.20494824647903442
vt 0.7486409544944763 0.19887375831604004
vt 0.7339775562286377 0.19892144203186035
vt 0.7360091805458069 0.19499850273132324
vt 0.739074170589447 0.19584602117538452
vt 0.7442349195480347 0.20069754123687744
vt 0.7336592674255371 0.19607073068618774
vt 0.7423223257064819 0.20418447256088257
vt 0.7355071306228638 0.1918942928314209
vt 0.7331302165985107 0.19322794675827026
vt 0.7293233871459961 0.1946415901184082
vt 0.7418900728225708 0.1993623971939087
vt 0.7309152483940125 0.19080889225006104
vt 0.7346665263175964 0.18900269269943237
vt 0.7435445785522461 0.18439137935638428
vt 0.729816734790802 0.19289129972457886
vt 0.7414371967315674 0.1900758147239685
vt 0.7320062518119812 0.1884027123451233
vt 0.7261053919792175 0.19339698553085327
vt 0.7373162508010864 0.18742847442626953
vt 0.7398101687431335 0.18280065059661865
vt 0.7384024858474731 0.17924422025680542
vt 0.7281153202056885 0.1878349781036377
vt 0.7338043451309204 0.1840927004814148
vt 0.7362940907478333 0.18441343307495117
vt 0.7363142371177673 0.1788286566734314
vt 0.7126262187957764 0.1925945281982422
vt 0.7120708227157593 0.19481909275054932
vt 0.7105180621147156 0.18623453378677368
vt 0.6910659670829773 0.1967175006866455
vt 0.7006574869155884 0.1832919716835022
vt 0.692701518535614 0.19031375646591187
vt 0.6781802773475647 0.19883233308792114
vt 0.6927148699760437 0.17872744798660278
vt 0.6704068779945374 0.19746369123458862
vt 0.6770883798599243 0.20228391885757446
vt 0.6609403491020203 0.20704621076583862
vt 0.6685052514076233 0.18726098537445068
vt 0.6578652262687683 0.1972772479057312
vt 0.66151362657547 0.2091260552406311
vt 0.657069981098175 0.2086431384086609
vt 0.6578696370124817 0.21040832996368408
vt 0.6759316921234131 0.1755467653274536
vt 0.6557399034500122 0.1893681287765503
vt 0.6546817421913147 0.20261454582214355
vt 0.6514715552330017 0.1949264407157898
vt 0.6527355313301086 0.19766879081726074
vt 0.6529739499092102 0.20458388328552246
vt 0.6521021127700806 0.18281298875808716
vt 0.6724088191986084 0.16938066482543945
vt 0.64915531873703 0.1898200511932373
vt 0.651055634021759 0.20013678073883057
vt 0.650719404220581 0.20139604806900024
vt 0.6658084988594055 0.16353344917297363
vt 0.6490024924278259 0.19518440961837769
vt 0.6461543440818787 0.18993699550628662
vt 0.6490207314491272 0.19674170017242432
vt 0.646419882774353 0.18220597505569458
vt 0.6461197137832642 0.19125348329544067
vt 0.6444711685180664 0.1849573850631714
vt 0.6417789459228516 0.1719638705253601
vt 0.6466755270957947 0.16440212726593018
vt 0.6668047904968262 0.15645235776901245
vt 0.63838130235672 0.17142999172210693
vt 0.6325381994247437 0.1642392873764038
vt 0.6383962035179138 0.16414719820022583
vt 0.6365740299224854 0.17151427268981934
vt 0.6341859102249146 0.16278314590454102
vt 0.6298984885215759 0.1605970859527588
vt 0.7526708245277405 0.2530907988548279
vt 0.7534317970275879 0.2548949718475342
vt 0.48581525683403015 0.9457245767116547
vt 0.49050700664520264 0.9448721967637539
vt 0.4884483814239502 0.942366573959589
vt 0.48880115151405334 0.9506549462676048
vt 0.4870186448097229 0.939932107925415
vt 0.48427242040634155 0.9427381157875061
vt 0.4867590665817261 0.9509189091622829
vt 0.500704288482666 0.9391629546880722
vt 0.4899402856826782 0.9377542696893215
vt 0.4831603765487671 0.9450966641306877
vt 0.48687684535980225 0.9563060849905014
vt 0.4845157265663147 0.9512767493724823
vt 0.4839823246002197 0.9546807706356049
vt 0.49118390679359436 0.9558134935796261
vt 0.4802876114845276 0.9467517212033272
vt 0.4801904559135437 0.9569900557398796
vt 0.4863412380218506 0.9590951837599277
vt 0.4937664568424225 0.955518651753664
vt 0.48125648498535156 0.9517754390835762
vt 0.4819961190223694 0.9584328830242157
vt 0.49060410261154175 0.9582438059151173
vt 0.5046660900115967 0.9573230408132076
vt 0.4785066843032837 0.9524509981274605
vt 0.47767049074172974 0.9583241939544678
vt 0.4835679233074188 0.9625981114804745
vt 0.48910871148109436 0.9621419198811054
vt 0.4930887222290039 0.961428739130497
vt 0.4765229821205139 0.9574959427118301
vt 0.47574013471603394 0.9525980986654758
vt 0.4786599278450012 0.9619068168103695
vt 0.4974360466003418 0.962401457130909
vt 0.47341594099998474 0.958039864897728
vt 0.4745420515537262 0.9479307383298874
vt 0.4739190936088562 0.9595295079052448
vt 0.4668884873390198 0.9592613317072392
vt 0.4889349937438965 0.9634487070143223
vt 0.47508662939071655 0.9645248502492905
vt 0.4740535020828247 0.9532159641385078
vt 0.4728701710700989 0.9632647447288036
vt 0.47166603803634644 0.9581136554479599
vt 0.4687584936618805 0.9621431119740009
vt 0.47033292055130005 0.9581961445510387
vt 0.4646367132663727 0.9614385738968849
vt 0.4665123224258423 0.9642794169485569
vt 0.463207483291626 0.9646334908902645
vt 0.46410486102104187 0.9646144658327103
vt 0.18891535699367523 0.8198292255401611
vt 0.18605656921863556 0.8211027383804321
vt 0.18553529679775238 0.8264114856719971
vt 0.1812867671251297 0.8177377879619598
vt 0.15926644206047058 0.22183430194854736
vt 0.1657724380493164 0.23221206665039062
vt 0.16650375723838806 0.2275911569595337
vt 0.17045342922210693 0.23556530475616455
vt 0.15796755254268646 0.21054697036743164
vt 0.16403767466545105 0.242742657661438
vt 0.16833531856536865 0.22609472274780273
vt 0.1688145399093628 0.2434685230255127
vt 0.17210516333580017 0.2300548553466797
vt 0.16086086630821228 0.21122562885284424
vt 0.15940141677856445 0.24879252910614014
vt 0.17299209535121918 0.23491084575653076
vt 0.16895754635334015 0.218664288520813
vt 0.1555432826280594 0.20067858695983887
vt 0.16068331897258759 0.24972593784332275
vt 0.1727837473154068 0.23960745334625244
vt 0.17611011862754822 0.22908174991607666
vt 0.16516181826591492 0.2128903865814209
vt 0.16252243518829346 0.19942998886108398
vt 0.17460553348064423 0.24622642993927002
vt 0.14870165288448334 0.25593018531799316
vt 0.17614448070526123 0.24330806732177734
vt 0.18109527230262756 0.23752057552337646
vt 0.1707993745803833 0.21384024620056152
vt 0.16212311387062073 0.2070542573928833
vt 0.1708918958902359 0.20566153526306152
vt 0.15681442618370056 0.19371521472930908
vt 0.16294333338737488 0.2516387701034546
vt 0.1510590761899948 0.25826263427734375
vt 0.1827283501625061 0.2333139181137085
vt 0.1743295043706894 0.2201979160308838
vt 0.16786892712116241 0.2018505334854126
vt 0.17843791842460632 0.19986402988433838
vt 0.17089687287807465 0.2555018663406372
vt 0.1786157786846161 0.253074049949646
vt 0.185642808675766 0.24424219131469727
vt 0.17811530828475952 0.22678446769714355
vt 0.17656473815441132 0.20859432220458984
vt 0.1739494502544403 0.1915569305419922
vt 0.1556176394224167 0.2644469738006592
vt 0.18059033155441284 0.2217334508895874
vt 0.19088825583457947 0.23824429512023926
vt 0.1802731603384018 0.21278619766235352
vt 0.19320689141750336 0.19145560264587402
vt 0.18563413619995117 0.22823762893676758
vt 0.194769486784935 0.23688840866088867
vt 0.21533802151679993 0.20221471786499023
vt 0.19138522446155548 0.22311878204345703
vt 0.1865321844816208 0.21653127670288086
vt 0.19732923805713654 0.24699783325195312
vt 0.19485019147396088 0.2124309539794922
vt 0.20492509007453918 0.18549156188964844
vt 0.21894626319408417 0.1938796043395996
vt 0.19395312666893005 0.23039162158966064
vt 0.2017570436000824 0.2265634536743164
vt 0.24003198742866516 0.19129443168640137
vt 0.22563129663467407 0.20721399784088135
vt 0.19921189546585083 0.2193366289138794
vt 0.2188604772090912 0.22782933712005615
vt 0.2149912565946579 0.2159954309463501
vt 0.2396671026945114 0.20068180561065674
vt 0.23482273519039154 0.21684551239013672
vt 0.24489006400108337 0.19649255275726318
vt 0.23976430296897888 0.2131655216217041
vt 0.24835917353630066 0.20354676246643066
vt 0.24448692798614502 0.20839524269104004
vt 0.24923858046531677 0.21397864818572998
vt 0.04187258705496788 0.8230234682559967
vt 0.051618169993162155 0.8241754025220871
vt 0.04366092011332512 0.821119099855423
vt 0.04475447162985802 0.8245442807674408
vt 0.03679991886019707 0.8212881982326508
vt 0.0416768454015255 0.8240213841199875
vt 0.04755566641688347 0.8259901702404022
vt 0.03933962807059288 0.819906085729599
vt 0.044615488499403 0.8324622213840485
vt 0.05264170095324516 0.8331073224544525
vt 0.03923344239592552 0.8159938305616379
vt 0.9785448312759399 0.8500584363937378
vt 0.9815919995307922 0.8471414148807526
vt 0.9804009199142456 0.8443968892097473
vt 0.9840264320373535 0.8501795381307602
vt 0.9830052256584167 0.8427882045507431
vt 0.9838541746139526 0.846617192029953
vt 0.9805335402488708 0.8380275815725327
vt 0.9849027991294861 0.8478765040636063
vt 0.985671877861023 0.8346831500530243
vt 0.9781304001808167 0.8432285040616989
vt 0.9837663769721985 0.8434748947620392
vt 0.9802950620651245 0.8340714275836945
vt 0.9844686388969421 0.8431513756513596
vt 0.9828281998634338 0.9676358923316002
vt 0.980616569519043 0.9649787694215775
vt 0.9729124307632446 0.9642431139945984
vt 0.9778262376785278 0.9663992077112198
vt 0.9788018465042114 0.9689205996692181
vt 0.9729268550872803 0.9661214053630829
vt 0.9835354089736938 0.9690987318754196
vt 0.970642626285553 0.9695357605814934
vt 0.9682782888412476 0.968032531440258
vt 0.9969450235366821 0.9726417008787394
vt 0.9689545035362244 0.9648409187793732
vt 0.9975783824920654 0.9702234268188477
vt 0.989848792552948 0.9668889455497265
vt 0.6218666434288025 0.18835163116455078
vt 0.627705454826355 0.1880018711090088
vt 0.633289635181427 0.18765121698379517
vt 0.9964786767959595 0.9754405710846186
vt 0.9899986386299133 0.9731703363358974
vt 0.9925447106361389 0.9758202731609344
vt 0.9843816757202148 0.9711864665150642
vt 0.46329328417778015 0.48520952463150024
vt 0.46386823058128357 0.47602951526641846
vt 0.45650458335876465 0.478288471698761
vt 0.46835824847221375 0.4813092350959778
vt 0.454610139131546 0.46813076734542847
vt 0.45646584033966064 0.48746269941329956
vt 0.4661743640899658 0.4671626091003418
vt 0.47114256024360657 0.497161328792572
vt 0.4595471918582916 0.4587513208389282
vt 0.452531635761261 0.47903889417648315
vt 0.4622143805027008 0.490706205368042
vt 0.46796348690986633 0.4623899459838867
vt 0.4734998941421509 0.4847971796989441
vt 0.4533816874027252 0.459855854511261
vt 0.45113706588745117 0.46919095516204834
vt 0.4454972445964813 0.4818383455276489
vt 0.46342146396636963 0.49737846851348877
vt 0.4594074487686157 0.449951171875
vt 0.4755331873893738 0.49676579236984253
vt 0.45251575112342834 0.451154887676239
vt 0.44955000281333923 0.4604835510253906
vt 0.4456135928630829 0.47144758701324463
vt 0.4480113387107849 0.4927225708961487
vt 0.4570310711860657 0.49897217750549316
vt 0.4555779695510864 0.4506685733795166
vt 0.4734534025192261 0.5098274052143097
vt 0.4644078314304352 0.5054509341716766
vt 0.4406934976577759 0.49324148893356323
vt 0.4568895697593689 0.44670385122299194
vt 0.4694073796272278 0.5115023553371429
vt 0.48963984847068787 0.5074493587017059
vt 0.44855818152427673 0.45132774114608765
vt 0.4422113597393036 0.46146368980407715
vt 0.44279012084007263 0.5003950297832489
vt 0.4565432369709015 0.5074244439601898
vt 0.47333434224128723 0.5150875747203827
vt 0.4762614071369171 0.5167143642902374
vt 0.4669100046157837 0.517002671957016
vt 0.4492860436439514 0.44817227125167847
vt 0.43581274151802063 0.4635307192802429
vt 0.4624365270137787 0.5106305181980133
vt 0.4845208525657654 0.517661988735199
vt 0.448501318693161 0.44625216722488403
vt 0.4428428113460541 0.45265907049179077
vt 0.443688303232193 0.44896745681762695
vt 0.43765226006507874 0.4524460434913635
vt 0.4878954589366913 0.5211996734142303
vt 0.45625683665275574 0.44404280185699463
vt 0.43398723006248474 0.45443296432495117
vt 0.47290337085723877 0.5242609679698944
vt 0.5034999847412109 0.5356250405311584
vt 0.4791077673435211 0.5237371027469635
vt 0.4507623016834259 0.4447566866874695
vt 0.4735182821750641 0.4411972165107727
vt 0.44222182035446167 0.44690847396850586
vt 0.4345644414424896 0.45065855979919434
vt 0.43007412552833557 0.4584558606147766
vt 0.4880496561527252 0.5433845818042755
vt 0.4571605920791626 0.4408181309700012
vt 0.4674833416938782 0.43939441442489624
vt 0.43625757098197937 0.4490097165107727
vt 0.4288218319416046 0.45208901166915894
vt 0.4577043950557709 0.43767452239990234
vt 0.44470950961112976 0.4449782967567444
vt 0.47818997502326965 0.43790626525878906
vt 0.43125268816947937 0.44814246892929077
vt 0.4709111750125885 0.43726271390914917
vt 0.46778184175491333 0.4352805018424988
vt 0.4796065390110016 0.4346885085105896
vt 0.4704396426677704 0.43276309967041016
vt 0.12439762055873871 0.13132715225219727
vt 0.1247585266828537 0.13627660274505615
vt 0.12336431443691254 0.12715554237365723
vt 0.11955548822879791 0.1332918405532837
vt 0.12329618632793427 0.12421953678131104
vt 0.12067664414644241 0.12807691097259521
vt 0.11721233278512955 0.1359879970550537
vt 0.11815917491912842 0.12945032119750977
vt 0.11440850794315338 0.1265469789505005
vt 0.12618082761764526 0.12096786499023438
vt 0.12021254003047943 0.12476181983947754
vt 0.11540398001670837 0.1386091709136963
vt 0.12837645411491394 0.11584413051605225
vt 0.11818444728851318 0.12221622467041016
vt 0.11730744689702988 0.1255021095275879
vt 0.11124271154403687 0.12695515155792236
vt 0.12268753349781036 0.11789131164550781
vt 0.11058204621076584 0.14713633060455322
vt 0.11349643766880035 0.12324023246765137
vt 0.11044220626354218 0.13777899742126465
vt 0.13270579278469086 0.11673521995544434
vt 0.11683011800050735 0.11889493465423584
vt 0.1067979484796524 0.12387466430664062
vt 0.13057291507720947 0.11270487308502197
vt 0.11328455060720444 0.11708629131317139
vt 0.10344834625720978 0.1489037275314331
vt 0.10748156905174255 0.14245188236236572
vt 0.10643963515758514 0.11938047409057617
vt 0.13374553620815277 0.11074912548065186
vt 0.13000929355621338 0.10923326015472412
vt 0.11579032242298126 0.111092209815979
vt 0.10982554405927658 0.11850333213806152
vt 0.10270360112190247 0.1193540096282959
vt 0.09685713052749634 0.12509310245513916
vt 0.13192549347877502 0.10909640789031982
vt 0.12614302337169647 0.10809946060180664
vt 0.11180045455694199 0.1121741533279419
vt 0.09042128175497055 0.14665842056274414
vt 0.09090827405452728 0.15264904499053955
vt 0.10841003060340881 0.11250054836273193
vt 0.09938773512840271 0.10981190204620361
vt 0.08835411816835403 0.13832318782806396
vt 0.13352470099925995 0.10584640502929688
vt 0.1290883719921112 0.10573029518127441
vt 0.12298616766929626 0.09637176990509033
vt 0.11040286719799042 0.10567355155944824
vt 0.10499533265829086 0.11266887187957764
vt 0.09678603708744049 0.12184441089630127
vt 0.08352086693048477 0.12824106216430664
vt 0.13192974030971527 0.10241234302520752
vt 0.12743954360485077 0.09987151622772217
vt 0.11054342985153198 0.09416115283966064
vt 0.10856898874044418 0.09998393058776855
vt 0.10715802013874054 0.1080394983291626
vt 0.0744403675198555 0.14405536651611328
vt 0.07504750788211823 0.1545795202255249
vt 0.10390016436576843 0.10575425624847412
vt 0.09067083150148392 0.11924028396606445
vt 0.08969804644584656 0.12256693840026855
vt 0.13016453385353088 0.1011732816696167
vt 0.1301954835653305 0.09537088871002197
vt 0.12552498281002045 0.09239506721496582
vt 0.11403720080852509 0.09356129169464111
vt 0.09741352498531342 0.10424399375915527
vt 0.09059536457061768 0.11518442630767822
vt 0.0717574879527092 0.13228940963745117
vt 0.08252578228712082 0.12401461601257324
vt 0.12205493450164795 0.09227728843688965
vt 0.12814609706401825 0.09417164325714111
vt 0.11065000295639038 0.09091651439666748
vt 0.10603372007608414 0.09495353698730469
vt 0.10594451427459717 0.1018075942993164
vt 0.07106481492519379 0.14932334423065186
vt 0.0988793894648552 0.1004490852355957
vt 0.09188440442085266 0.10767042636871338
vt 0.08039075136184692 0.11954104900360107
vt 0.07238367944955826 0.14030790328979492
vt 0.06972318887710571 0.12009751796722412
vt 0.1251385658979416 0.08921670913696289
vt 0.12775704264640808 0.08952486515045166
vt 0.12182831764221191 0.08912968635559082
vt 0.1134791374206543 0.09070479869842529
vt 0.10640032589435577 0.091896653175354
vt 0.10441143065690994 0.09861266613006592
vt 0.09290646016597748 0.09690392017364502
vt 0.08670367300510406 0.1032794713973999
vt 0.08746066689491272 0.11310398578643799
vt 0.07260911166667938 0.1098334789276123
vt 0.06894730031490326 0.1401047706604004
vt 0.07017727941274643 0.12598204612731934
vt 0.11366523802280426 0.08973944187164307
vt 0.11426468193531036 0.0891655683517456
vt 0.10023905336856842 0.09566843509674072
vt 0.08595094829797745 0.10878217220306396
vt 0.08067868649959564 0.10923171043395996
vt 0.06900132447481155 0.11480283737182617
vt 0.06745067238807678 0.1284923553466797
vt 0.06309529393911362 0.12265408039093018
vt 0.12645089626312256 0.08758711814880371
vt 0.11698554456233978 0.08942890167236328
vt 0.09782809019088745 0.09310925006866455
vt 0.06623601913452148 0.14525580406188965
vt 0.08441072702407837 0.09823107719421387
vt 0.06737513840198517 0.10467135906219482
vt 0.07582760602235794 0.10428166389465332
vt 0.06393154710531235 0.1310131549835205
vt 0.06510234624147415 0.11432576179504395
vt 0.12373600900173187 0.08710181713104248
vt 0.0919000655412674 0.09385931491851807
vt 0.06188000738620758 0.1159430742263794
vt 0.060973264276981354 0.13213098049163818
vt 0.09239043295383453 0.09269297122955322
vt 0.06743992865085602 0.10094928741455078
vt 0.07755100727081299 0.09628140926361084
vt 0.06318998336791992 0.10167717933654785
vt 0.059700094163417816 0.12517082691192627
vt 0.06109555810689926 0.10987365245819092
vt 0.05814924091100693 0.11015629768371582
vt 0.05055100470781326 0.1282520294189453
vt 0.07771755009889603 0.09517180919647217
vt 0.06326667964458466 0.09858393669128418
vt 0.06089942157268524 0.10485577583312988
vt 0.05701339989900589 0.1051645278930664
vt 0.05094175040721893 0.13537347316741943
vt 0.058149248361587524 0.10191917419433594
vt 0.053207650780677795 0.11127269268035889
vt 0.04300888627767563 0.1438058614730835
vt 0.0431625097990036 0.1304560899734497
vt 0.06107187271118164 0.09761464595794678
vt 0.05781714618206024 0.09926068782806396
vt 0.043693818151950836 0.10719358921051025
vt 0.04557210952043533 0.11405432224273682
vt 0.042781636118888855 0.1356644630432129
vt 0.044300973415374756 0.1271834373474121
vt 0.053260743618011475 0.10232913494110107
vt 0.03618858754634857 0.144783616065979
vt 0.035186924040317535 0.1365339756011963
vt 0.03658480942249298 0.1276618242263794
vt 0.052664414048194885 0.09977579116821289
vt 0.039153121411800385 0.11374878883361816
vt 0.04372939467430115 0.10382962226867676
vt 0.03339262306690216 0.10963225364685059
vt 0.020022451877593994 0.14198648929595947
vt 0.037474244832992554 0.10214948654174805
vt 0.034819938242435455 0.10533928871154785
vt 0.01966118812561035 0.1302887201309204
vt 0.013577789068222046 0.11602187156677246
vt 0.030728325247764587 0.10209167003631592
vt 0.021990567445755005 0.11093461513519287
vt 0.008174285292625427 0.1331944465637207
vt 0.024030432105064392 0.10427844524383545
vt 0.020457372069358826 0.10766756534576416
vt 0.003271743655204773 0.11422991752624512
vt 0.01940833032131195 0.10462319850921631
vt 0.001033872365951538 0.11075592041015625
vt 0.8464674949645996 0.09386551380157471
vt 0.8380331993103027 0.09839856624603271
vt 0.8580574989318848 0.11646842956542969
vt 0.8329669237136841 0.0815197229385376
vt 0.8579087257385254 0.08943867683410645
vt 0.8420939445495605 0.08305799961090088
vt 0.8626892566680908 0.10139453411102295
vt 0.8579404950141907 0.08540594577789307
vt 0.8342735767364502 0.07593202590942383
vt 0.862899124622345 0.08981621265411377
vt 0.8673220276832581 0.11530816555023193
vt 0.8635920286178589 0.08446347713470459
vt 0.8540279269218445 0.07790124416351318
vt 0.8186030983924866 0.07840931415557861
vt 0.8679950833320618 0.0927739143371582
vt 0.8671373724937439 0.10447835922241211
vt 0.8727321028709412 0.11956930160522461
vt 0.859118640422821 0.0808631181716919
vt 0.8242098093032837 0.07139503955841064
vt 0.8461173176765442 0.06979477405548096
vt 0.8686683773994446 0.09717845916748047
vt 0.8660798668861389 0.08860492706298828
vt 0.8726366758346558 0.10215640068054199
vt 0.8743641376495361 0.11169099807739258
vt 0.8637563586235046 0.07948517799377441
vt 0.8591721653938293 0.07671809196472168
vt 0.8513179421424866 0.07075655460357666
vt 0.8735836148262024 0.09462141990661621
vt 0.8683843612670898 0.08714139461517334
vt 0.8692001104354858 0.0831596851348877
vt 0.8783549666404724 0.11880183219909668
vt 0.8646793365478516 0.07604265213012695
vt 0.8595999479293823 0.07247209548950195
vt 0.83629310131073 0.05486428737640381
vt 0.8553780913352966 0.07118713855743408
vt 0.8495169281959534 0.06534719467163086
vt 0.8748865127563477 0.09224057197570801
vt 0.8796530365943909 0.10076785087585449
vt 0.8794960975646973 0.11014306545257568
vt 0.8607256412506104 0.0699998140335083
vt 0.8436852097511292 0.0629357099533081
vt 0.8261532187461853 0.06002771854400635
vt 0.8558571934700012 0.06679761409759521
vt 0.8519270420074463 0.06507408618927002
vt 0.8693469762802124 0.07867753505706787
vt 0.8870716094970703 0.11607182025909424
vt 0.8570593595504761 0.06407201290130615
vt 0.8485424518585205 0.060378313064575195
vt 0.8524582386016846 0.06125795841217041
vt 0.8622478246688843 0.06836891174316406
vt 0.8740901350975037 0.08464372158050537
vt 0.8858012557029724 0.10680961608886719
vt 0.8533337712287903 0.05843675136566162
vt 0.8621562719345093 0.06184577941894531
vt 0.8806419372558594 0.09464073181152344
vt 0.8938581943511963 0.11160218715667725
vt 0.8542147278785706 0.05717813968658447
vt 0.8547495007514954 0.05519223213195801
vt 0.8858391046524048 0.08562886714935303
vt 0.8865144848823547 0.10146403312683105
vt 0.8937724232673645 0.10612297058105469
vt 0.8723680377006531 0.07179152965545654
vt 0.8569352030754089 0.052066802978515625
vt 0.8856574296951294 0.09334170818328857
vt 0.8511742949485779 0.040552616119384766
vt 0.8635330200195312 0.05603933334350586
vt 0.8589543104171753 0.047069549560546875
vt 0.8929078578948975 0.09764456748962402
vt 0.8787306547164917 0.06836211681365967
vt 0.8681707382202148 0.053469181060791016
vt 0.855097234249115 0.04011428356170654
vt 0.856744647026062 0.043881773948669434
vt 0.8961179256439209 0.09115219116210938
vt 0.8862146735191345 0.07279670238494873
vt 0.8651013970375061 0.04956161975860596
vt 0.8605042695999146 0.04140603542327881
vt 0.8567470908164978 0.04060769081115723
vt 0.8902263045310974 0.07980072498321533
vt 0.8829300403594971 0.05651211738586426
vt 0.8798675537109375 0.04103720188140869
vt 0.864827573299408 0.03152334690093994
vt 0.8981490731239319 0.08075177669525146
vt 0.8882832527160645 0.07010626792907715
vt 0.872060239315033 0.039154767990112305
vt 0.8687025308609009 0.030849218368530273
vt 0.8874555826187134 0.0543597936630249
vt 0.8745782375335693 0.03782081604003906
vt 0.8636452555656433 0.02599656581878662
vt 0.8591079115867615 0.033684611320495605
vt 0.8867580890655518 0.03803098201751709
vt 0.8698858022689819 0.03031790256500244
vt 0.8750738501548767 0.031170010566711426
vt 0.8617673516273499 0.016522765159606934
vt 0.8819257616996765 0.03391873836517334
vt 0.8688077330589294 0.02260744571685791
vt 0.8573398590087891 0.021013855934143066
vt 0.8816947340965271 0.028184175491333008
vt 0.8740519285202026 0.027048826217651367
vt 0.8720371723175049 0.018284916877746582
vt 0.8812013864517212 0.02195560932159424
vt 0.8635364770889282 0.005371451377868652
vt 0.8684896230697632 0.009019017219543457
vt 0.8747004270553589 0.012816905975341797
vt 0.8692506551742554 0.0009273290634155273
vt 0.8745670914649963 0.0074462890625
vt 0.87225341796875 0.0010906457901000977
vt 0.8795481324195862 0.0044825077056884766
vt 0.2874167263507843 0.6138983070850372
vt 0.290296733379364 0.6117854416370392
vt 0.28560489416122437 0.6096425652503967
vt 0.29281511902809143 0.6204122304916382
vt 0.2870098948478699 0.6095782816410065
vt 0.28631654381752014 0.6141296923160553
vt 0.2876344919204712 0.6037286520004272
vt 0.28240469098091125 0.6045189797878265
vt 0.28392770886421204 0.6051243245601654
vt 0.8332405090332031 0.6833312809467316
vt 0.8249748945236206 0.6311022043228149
vt 0.8035554885864258 0.6476227641105652
vt 0.836945116519928 0.6516686677932739
vt 0.794592022895813 0.6241511404514313
vt 0.8123725652694702 0.6941648125648499
vt 0.8414397239685059 0.6224294006824493
vt 0.8433685302734375 0.670477956533432
vt 0.783072292804718 0.6303515434265137
vt 0.8311827182769775 0.7096396088600159
vt 0.7919359803199768 0.6891322433948517
vt 0.845149040222168 0.6562479734420776
vt 0.8435796499252319 0.6903527081012726
vt 0.7913929224014282 0.6552611589431763
vt 0.8194602727890015 0.7372677028179169
vt 0.807117760181427 0.7019875347614288
vt 0.8490745425224304 0.6400002539157867
vt 0.8487300872802734 0.6794052124023438
vt 0.75672447681427 0.6349607706069946
vt 0.8305344581604004 0.7403915524482727
vt 0.8448401689529419 0.7112472951412201
vt 0.7722034454345703 0.6603799164295197
vt 0.8038226962089539 0.7132565975189209
vt 0.8499727845191956 0.6214484572410583
vt 0.8117331266403198 0.777799978852272
vt 0.8280366659164429 0.7610188275575638
vt 0.7730981111526489 0.6867915987968445
vt 0.7938354015350342 0.731082409620285
vt 0.8491770029067993 0.717525988817215
vt 0.7499003410339355 0.6540894508361816
vt 0.8449147939682007 0.7333961129188538
vt 0.8432103991508484 0.7628919333219528
vt 0.7656853199005127 0.7104552984237671
vt 0.8042504787445068 0.7935236990451813
vt 0.8524280786514282 0.7039305567741394
vt 0.8262592554092407 0.7874569892883301
vt 0.7571648359298706 0.7130502760410309
vt 0.7487084269523621 0.6871358752250671
vt 0.8105142116546631 0.7936736941337585
vt 0.7579925060272217 0.7605718225240707
vt 0.7927913069725037 0.7972079664468765
vt 0.8519195318222046 0.7170416116714478
vt 0.8476269841194153 0.7659059464931488
vt 0.8437681198120117 0.7859697639942169
vt 0.8030760884284973 0.8092247247695923
vt 0.7647533416748047 0.7832232415676117
vt 0.7922945618629456 0.813852533698082
vt 0.7667120695114136 0.8067459017038345
vt 0.8167285919189453 0.8003524839878082
vt 0.8421427011489868 0.7937222719192505
vt 0.8526370525360107 0.7568514347076416
vt 0.8311839699745178 0.7966528087854385
vt 0.8508402705192566 0.7799093723297119
vt 0.8110332489013672 0.8078502416610718
vt 0.8322787880897522 0.8035821318626404
vt 0.8351696729660034 0.8028061836957932
vt 0.718849778175354 0.4644080400466919
vt 0.7233155965805054 0.46053534746170044
vt 0.713809072971344 0.4638262987136841
vt 0.7194702625274658 0.4608188271522522
vt 0.7310859560966492 0.45790255069732666
vt 0.7150079607963562 0.4622931480407715
vt 0.7238063812255859 0.4579470157623291
vt 0.7354249954223633 0.4540553689002991
vt 0.7299009561538696 0.4555531144142151
vt 0.7138157486915588 0.4603498578071594
vt 0.709436297416687 0.46226775646209717
vt 0.7286388278007507 0.4546331763267517
vt 0.7227053046226501 0.45719146728515625
vt 0.7088425755500793 0.4602092504501343
vt 0.713119626045227 0.4578828811645508
vt 0.728111743927002 0.45270204544067383
vt 0.7180007696151733 0.45817458629608154
vt 0.7091255784034729 0.4565752148628235
vt 0.7035574913024902 0.4587416648864746
vt 0.7266098260879517 0.45059818029403687
vt 0.7172255516052246 0.4562452435493469
vt 0.7126048803329468 0.45464807748794556
vt 0.7319322228431702 0.45075345039367676
vt 0.7225505113601685 0.4551316499710083
vt 0.7073822021484375 0.4513036608695984
vt 0.7115644812583923 0.4492502212524414
vt 0.702182412147522 0.4613780379295349
vt 0.7314845323562622 0.44729095697402954
vt 0.7164884209632874 0.4545135498046875
vt 0.7033909559249878 0.45359116792678833
vt 0.7135033011436462 0.4521137475967407
vt 0.6989908218383789 0.46393805742263794
vt 0.7272389531135559 0.4486857056617737
vt 0.7373622059822083 0.44807034730911255
vt 0.7211496233940125 0.4539497494697571
vt 0.7141847014427185 0.44758254289627075
vt 0.699527382850647 0.45599228143692017
vt 0.7304040789604187 0.4456387758255005
vt 0.7350410223007202 0.4513862133026123
vt 0.7385811805725098 0.4444938898086548
vt 0.7159348726272583 0.4516979455947876
vt 0.7236753106117249 0.4527965188026428
vt 0.6961395144462585 0.45854926109313965
vt 0.722455620765686 0.4505060315132141
vt 0.7255101203918457 0.45047950744628906
vt 0.7202369570732117 0.45050889253616333
vt 0.7156134843826294 0.4483720660209656
vt 0.6945353746414185 0.46015065908432007
vt 0.6942315697669983 0.45341986417770386
vt 0.734009861946106 0.44440901279449463
vt 0.7159752249717712 0.44976794719696045
vt 0.6944667100906372 0.4566662907600403
vt 0.7248772978782654 0.44977980852127075
vt 0.7239806652069092 0.4473332166671753
vt 0.6894564628601074 0.45735543966293335
vt 0.6893622875213623 0.4555808901786804
vt 0.6895597577095032 0.45966190099716187
vt 0.6892721056938171 0.4538061022758484
vt 0.7285162210464478 0.4460870027542114
vt 0.6834516525268555 0.45761406421661377
vt 0.6842241883277893 0.4599364399909973
vt 0.684341311454773 0.45406556129455566
vt 0.6843701601028442 0.4514915347099304
vt 0.6791097521781921 0.4589049816131592
vt 0.6792759895324707 0.456040620803833
vt 0.6841846108436584 0.46261000633239746
vt 0.6794268488883972 0.4522475600242615
vt 0.6789941787719727 0.46562010049819946
vt 0.6796696186065674 0.4479687809944153
vt 0.6739733219146729 0.45765769481658936
vt 0.6736609935760498 0.4612697958946228
vt 0.6744774580001831 0.45221561193466187
vt 0.6729660034179688 0.4662635922431946
vt 0.676935613155365 0.44469982385635376
vt 0.671425461769104 0.45443737506866455
vt 0.672591507434845 0.46907830238342285
vt 0.667943000793457 0.4629896879196167
vt 0.6658922433853149 0.4592568278312683
vt 0.6674376726150513 0.466633141040802
vt 0.0512520968914032 0.6304602026939392
vt 0.05249035358428955 0.6359627544879913
vt 0.06268498301506042 0.6339541375637054
vt 0.0631934404373169 0.6373901069164276
vt 0.7407187819480896 0.32946449518203735
vt 0.7424072027206421 0.3232526183128357
vt 0.7347016930580139 0.32724934816360474
vt 0.7274215221405029 0.31461310386657715
vt 0.7310280203819275 0.32836484909057617
vt 0.7255745530128479 0.29852497577667236
vt 0.7240201234817505 0.326485276222229
vt 0.7075827121734619 0.3043680787086487
vt 0.7148219347000122 0.3168819546699524
vt 0.7273998856544495 0.2831574082374573
vt 0.6966174840927124 0.2915880084037781
vt 0.7421656847000122 0.2728312015533447
vt 0.7116576433181763 0.2893584966659546
vt 0.7312273383140564 0.26787298917770386
vt 0.7169501781463623 0.2733539342880249
vt 0.7269688844680786 0.2570316195487976
vt 0.7716871500015259 0.5141076445579529
vt 0.7591362595558167 0.5171616673469543
vt 0.7679805755615234 0.5182737112045288
vt 0.7681853175163269 0.5114465355873108
vt 0.7309474945068359 0.5622263252735138
vt 0.7238209843635559 0.5521460175514221
vt 0.7073955535888672 0.5520774126052856
vt 0.7400116324424744 0.5511084198951721
vt 0.7678857445716858 0.569777637720108
vt 0.7611117362976074 0.5571856796741486
vt 0.748359203338623 0.5544406473636627
vt 0.7578672170639038 0.5516379773616791
vt 0.9288292527198792 0.6952906548976898
vt 0.9199819564819336 0.684959888458252
vt 0.9213545322418213 0.6890900135040283
vt 0.9133463501930237 0.6877672970294952
vt 0.9168103933334351 0.6974228918552399
vt 0.9151058197021484 0.692232072353363
vt 0.9119425415992737 0.6806124150753021
vt 0.9113945364952087 0.692198783159256
vt 0.9057877659797668 0.6891192495822906
vt 0.9055795669555664 0.6951940655708313
vt 0.9002199769020081 0.6771903932094574
vt 0.7049350142478943 0.507444441318512
vt 0.7169606685638428 0.511507511138916
vt 0.7180038690567017 0.5031291842460632
vt 0.7025355696678162 0.5147317945957184
vt 0.7228658199310303 0.507856011390686
vt 0.7115287184715271 0.4983227252960205
vt 0.7149714827537537 0.5231466293334961
vt 0.7300833463668823 0.5091103911399841
vt 0.705579400062561 0.5011419057846069
vt 0.7198975086212158 0.49237120151519775
vt 0.7019503712654114 0.522563248872757
vt 0.7274200916290283 0.5251950919628143
vt 0.731078028678894 0.49885666370391846
vt 0.7199116349220276 0.487717866897583
vt 0.7121092081069946 0.5377943813800812
vt 0.6754837036132812 0.5148046016693115
vt 0.725476861000061 0.5355042219161987
vt 0.7360517978668213 0.5115544199943542
vt 0.725587785243988 0.49124854803085327
vt 0.6835002899169922 0.5313147604465485
vt 0.7385464906692505 0.5241464972496033
vt 0.7433669567108154 0.5083090364933014
vt 0.7308938503265381 0.4894271492958069
vt 0.7455916404724121 0.5258252620697021
vt 0.7400105595588684 0.49977022409439087
vt 0.7471737265586853 0.5055848956108093
vt 0.7380097508430481 0.49336719512939453
vt 0.7517316937446594 0.5226013660430908
vt 0.742373526096344 0.536179393529892
vt 0.7496862411499023 0.5271718502044678
vt 0.7479191422462463 0.49867701530456543
vt 0.7316319346427917 0.48280245065689087
vt 0.743652880191803 0.4891285300254822
vt 0.7521436214447021 0.5034759938716888
vt 0.7509863376617432 0.49566471576690674
vt 0.7551494836807251 0.5137538909912109
vt 0.7577313780784607 0.5087940692901611
vt 0.754360556602478 0.5219932198524475
vt 0.634946882724762 0.2312222123146057
vt 0.6290196180343628 0.2261858582496643
vt 0.6293726563453674 0.23097658157348633
vt 0.6250383853912354 0.22619402408599854
vt 0.6197012662887573 0.22477495670318604
vt 0.4624549150466919 0.6945870816707611
vt 0.47126880288124084 0.6881465911865234
vt 0.46116015315055847 0.685287207365036
vt 0.46893998980522156 0.6993412673473358
vt 0.47186219692230225 0.6838242411613464
vt 0.47369545698165894 0.6939519941806793
vt 0.46441254019737244 0.7116151750087738
vt 0.47134238481521606 0.7074019908905029
vt 0.4741125702857971 0.6985325217247009
vt 0.4675629138946533 0.7170065641403198
vt 0.4714687466621399 0.7159259021282196
vt 0.4569566547870636 0.7177761495113373
vt 0.4743726849555969 0.7199333906173706
vt 0.46805453300476074 0.7283155620098114
vt 0.4829132556915283 0.6983499526977539
vt 0.4728052020072937 0.7339753806591034
vt 0.45975154638290405 0.741292417049408
vt 0.4857374131679535 0.7293148338794708
vt 0.47627052664756775 0.7402502000331879
vt 0.46851474046707153 0.7402523159980774
vt 0.48048704862594604 0.7395001649856567
vt 0.47974899411201477 0.7470920383930206
vt 0.47224217653274536 0.7481781244277954
vt 0.4794313907623291 0.7542765140533447
vt 0.46216365694999695 0.7602352201938629
vt 0.4729827344417572 0.7611250281333923
vt 0.2002076357603073 0.5224936306476593
vt 0.21591661870479584 0.5244863927364349
vt 0.22239145636558533 0.518649160861969
vt 0.1989976167678833 0.5317843854427338
vt 0.23540107905864716 0.5184876620769501
vt 0.21182310581207275 0.5279193222522736
vt 0.2352905571460724 0.5118425488471985
vt 0.20319965481758118 0.5364817678928375
vt 0.24921096861362457 0.5131053626537323
vt 0.23274768888950348 0.523278534412384
vt 0.18881694972515106 0.5414771437644958
vt 0.2218049168586731 0.5296763777732849
vt 0.26841166615486145 0.5010992884635925
vt 0.20698419213294983 0.5376422703266144
vt 0.27927926182746887 0.502306342124939
vt 0.2796756327152252 0.5110490024089813
vt 0.23036038875579834 0.5313346087932587
vt 0.1788112223148346 0.5473890602588654
vt 0.28424474596977234 0.4933632016181946
vt 0.2451084554195404 0.5243224799633026
vt 0.19302456080913544 0.552374005317688
vt 0.23114317655563354 0.5372551679611206
vt 0.2796393036842346 0.5179785788059235
vt 0.23657439649105072 0.529244065284729
vt 0.209361732006073 0.5449883043766022
vt 0.1837031990289688 0.5560177862644196
vt 0.24742993712425232 0.530333399772644
vt 0.296034038066864 0.5119116902351379
vt 0.19883191585540771 0.5578489601612091
vt 0.19351939857006073 0.559977114200592
vt 0.21362057328224182 0.5515938103199005
vt 0.2809689939022064 0.5259601473808289
vt 0.2968654930591583 0.5198192000389099
vt 0.23446863889694214 0.5440813302993774
vt 0.32262125611305237 0.5108132064342499
vt 0.20338274538516998 0.5641536712646484
vt 0.2385859489440918 0.5513256192207336
vt 0.2918051779270172 0.5348386764526367
vt 0.30909207463264465 0.5385313332080841
vt 0.2584783434867859 0.5603021681308746
vt 0.29457756876945496 0.5449233651161194
vt 0.3337390124797821 0.5266355276107788
vt 0.31069284677505493 0.5457702577114105
vt 0.3331553339958191 0.5069824755191803
vt 0.2775108814239502 0.5585961043834686
vt 0.297762930393219 0.5510826408863068
vt 0.26427891850471497 0.5632585287094116
vt 0.3001582622528076 0.5546501278877258
vt 0.27912965416908264 0.5623088479042053
vt 0.3136447072029114 0.5520034432411194
vt 0.2726447880268097 0.5674599707126617
vt 0.3014805018901825 0.5582400858402252
vt 0.3417784869670868 0.5410613119602203
vt 0.28158819675445557 0.5654071569442749
vt 0.33466821908950806 0.5478201806545258
vt 0.2864203453063965 0.5754784047603607
vt 0.3261423707008362 0.5629629194736481
vt 0.3588896691799164 0.541245847940445
vt 0.27921199798583984 0.5799282193183899
vt 0.300907701253891 0.5697541236877441
vt 0.33141806721687317 0.5573259890079498
vt 0.28781506419181824 0.5798359513282776
vt 0.27607640624046326 0.5757301151752472
vt 0.31967467069625854 0.5654532313346863
vt 0.3416433334350586 0.5592893958091736
vt 0.3697742819786072 0.5480374693870544
vt 0.2818812131881714 0.5876083672046661
vt 0.2769847512245178 0.5874647796154022
vt 0.30417686700820923 0.5751339495182037
vt 0.3115213215351105 0.5702940821647644
vt 0.3322153091430664 0.571198582649231
vt 0.3560076057910919 0.5535780489444733
vt 0.3384305536746979 0.5665066838264465
vt 0.28971749544143677 0.5846007168292999
vt 0.30547210574150085 0.5783844292163849
vt 0.32379305362701416 0.5744461715221405
vt 0.35844841599464417 0.5594325959682465
vt 0.34624525904655457 0.5633844137191772
vt 0.2833537757396698 0.5954920649528503
vt 0.29276418685913086 0.5927010476589203
vt 0.2976076304912567 0.5814801156520844
vt 0.3139607012271881 0.5756321549415588
vt 0.3277743458747864 0.5820769369602203
vt 0.33871281147003174 0.5767067968845367
vt 0.3407360017299652 0.5744856894016266
vt 0.3009070158004761 0.5898534953594208
vt 0.3079555332660675 0.585868239402771
vt 0.3187899887561798 0.5838665068149567
vt 0.3366664946079254 0.5799311697483063
vt 0.3531111776828766 0.5699770450592041
vt 0.2996980845928192 0.6001026928424835
vt 0.3032156229019165 0.5951875150203705
vt 0.33191999793052673 0.5908255875110626
vt 0.3436020314693451 0.5774624347686768
vt 0.34746477007865906 0.5793789923191071
vt 0.3124716281890869 0.5954103469848633
vt 0.33757397532463074 0.5921541452407837
vt 0.3210415542125702 0.5922892987728119
vt 0.3472238779067993 0.5888565480709076
vt 0.33835792541503906 0.5978876650333405
vt 0.33147338032722473 0.5969322323799133
vt 0.3676883578300476 0.5905512869358063
vt 0.29971107840538025 0.6078638732433319
vt 0.32181230187416077 0.5991830229759216
vt 0.3430083990097046 0.5935923755168915
vt 0.34993553161621094 0.5925701558589935
vt 0.3380720615386963 0.604365885257721
vt 0.3446962833404541 0.6030592918395996
vt 0.33087873458862305 0.6031394898891449
vt 0.3536859452724457 0.5974687039852142
vt 0.3236640691757202 0.6108438670635223
vt 0.3022884428501129 0.6197945475578308
vt 0.3439300060272217 0.6108189523220062
vt 0.3319685757160187 0.6112790703773499
vt 0.3038675785064697 0.6247585117816925
vt 0.3380706310272217 0.6089368462562561
vt 0.3491353392601013 0.6212716400623322
vt 0.3493141829967499 0.6057381331920624
vt 0.32433193922042847 0.6163701713085175
vt 0.33382293581962585 0.6160891652107239
vt 0.34112340211868286 0.6107484996318817
vt 0.3513890206813812 0.615403562784195
vt 0.3391568064689636 0.6113176345825195
vt 0.3592327833175659 0.6069168150424957
vt 0.35588228702545166 0.6190590560436249
vt 0.3675640821456909 0.6139940619468689
vt 0.2610386908054352 0.6007789969444275
vt 0.24938473105430603 0.5982165336608887
vt 0.24618956446647644 0.6048285663127899
vt 0.25857916474342346 0.595240592956543
vt 0.2435675859451294 0.5999877750873566
vt 0.2557746469974518 0.5843653082847595
vt 0.2706507742404938 0.5982617139816284
vt 0.24138572812080383 0.5954594910144806
vt 0.23992855846881866 0.6085720956325531
vt 0.26087892055511475 0.5796113610267639
vt 0.2403041571378708 0.590131402015686
vt 0.266800194978714 0.5927273035049438
vt 0.2378237247467041 0.6025334000587463
vt 0.2527216970920563 0.5747581124305725
vt 0.2361169159412384 0.5862045586109161
vt 0.2731513977050781 0.5921450555324554
vt 0.23224619030952454 0.5930341184139252
vt 0.23657569289207458 0.609738677740097
vt 0.24808859825134277 0.5813865959644318
vt 0.2569192051887512 0.5656616389751434
vt 0.2312205731868744 0.5880849063396454
vt 0.27499985694885254 0.5975326597690582
vt 0.2327992171049118 0.5992926061153412
vt 0.2713986933231354 0.5880787968635559
vt 0.24546405673027039 0.5756135582923889
vt 0.24883009493350983 0.5685528814792633
vt 0.26572397351264954 0.5761360824108124
vt 0.22911903262138367 0.5855810344219208
vt 0.24159234762191772 0.582663893699646
vt 0.23085790872573853 0.6011855602264404
vt 0.22746813297271729 0.5958107709884644
vt 0.231231689453125 0.6047268509864807
vt 0.2697128653526306 0.5815196335315704
vt 0.26551130414009094 0.5695731043815613
vt 0.22406992316246033 0.5907717943191528
vt 0.23525495827198029 0.5806752443313599
vt 0.24066570401191711 0.572256475687027
vt 0.2406434416770935 0.5787537097930908
vt 0.24763062596321106 0.5618628859519958
vt 0.2676655352115631 0.5758053362369537
vt 0.22743801772594452 0.5830125510692596
vt 0.22571595013141632 0.597750335931778
vt 0.22042235732078552 0.5850493311882019
vt 0.22472847998142242 0.5790126621723175
vt 0.23527058959007263 0.5742425322532654
vt 0.22578483819961548 0.6084381639957428
vt 0.22099432349205017 0.5923783481121063
vt 0.24047844111919403 0.5646814405918121
vt 0.23811621963977814 0.5573327243328094
vt 0.2303839921951294 0.5755909383296967
vt 0.22223694622516632 0.599872499704361
vt 0.228892520070076 0.5611199140548706
vt 0.20924291014671326 0.5769003033638
vt 0.21467719972133636 0.5880216956138611
vt 0.22805148363113403 0.5706581175327301
vt 0.21542975306510925 0.6052914559841156
vt 0.2152337282896042 0.5956442654132843
vt 0.23388797044754028 0.5672270655632019
vt 0.20678630471229553 0.5701397061347961
vt 0.2190488874912262 0.5717121660709381
vt 0.22620797157287598 0.6149488985538483
vt 0.20882278680801392 0.5835771858692169
vt 0.20958255231380463 0.5903140008449554
vt 0.20679540932178497 0.6001374125480652
vt 0.21306824684143066 0.6221072375774384
vt 0.19679245352745056 0.5685542225837708
vt 0.2020042985677719 0.5792640745639801
vt 0.20598924160003662 0.5924473106861115
vt 0.20757560431957245 0.6080658137798309
vt 0.22142040729522705 0.6271104514598846
vt 0.204305037856102 0.5859909355640411
vt 0.20279322564601898 0.6003167629241943
vt 0.21460993587970734 0.633046418428421
vt 0.2086009830236435 0.624263733625412
vt 0.19232459366321564 0.567870557308197
vt 0.19735968112945557 0.5777206122875214
vt 0.2012421041727066 0.6038653552532196
vt 0.22404052317142487 0.6346510946750641
vt 0.1852455735206604 0.5628875494003296
vt 0.1963399350643158 0.5838428735733032
vt 0.2259749472141266 0.643599659204483
vt 0.23899617791175842 0.6354670524597168
vt 0.21013998985290527 0.6315517425537109
vt 0.1878027468919754 0.596600353717804
vt 0.18383187055587769 0.5667028427124023
vt 0.19092565774917603 0.5757324993610382
vt 0.1899309605360031 0.5850512087345123
vt 0.2149847000837326 0.6411281228065491
vt 0.23336796462535858 0.6399153172969818
vt 0.21170568466186523 0.643856018781662
vt 0.18760734796524048 0.6079062521457672
vt 0.17441953718662262 0.5662622153759003
vt 0.18891315162181854 0.5688864588737488
vt 0.18795596063137054 0.577176421880722
vt 0.18623949587345123 0.5870998501777649
vt 0.1839158535003662 0.5975427627563477
vt 0.18095721304416656 0.5736198127269745
vt 0.18280379474163055 0.5791291296482086
vt 0.18158718943595886 0.5892580449581146
vt 0.17909003794193268 0.6015652716159821
vt 0.16835056245326996 0.5891542136669159
vt 0.17727403342723846 0.5818592309951782
vt 0.17562690377235413 0.5919370949268341
vt 0.17323029041290283 0.5906179547309875
vt 0.15562359988689423 0.6186288297176361
vt 0.27320465445518494 0.5828428566455841
vt 0.27708742022514343 0.5941074788570404
vt 0.07360908389091492 0.49211639165878296
vt 0.0556885302066803 0.48855918645858765
vt 0.06450650095939636 0.5042601525783539
vt 0.05107957124710083 0.5036549866199493
vt 0.08336064219474792 0.5010733008384705
vt 0.021909445524215698 0.5068926215171814
vt 0.057376354932785034 0.5306288599967957
vt 0.07374927401542664 0.5469663739204407
vt 0.04499736428260803 0.5148212611675262
vt 0.08497294783592224 0.529085248708725
vt 0.018677860498428345 0.5258824229240417
vt 0.05419701337814331 0.5429714620113373
vt 0.042618393898010254 0.5293014347553253
vt 0.09595255553722382 0.5185354053974152
vt 0.08258983492851257 0.5389932096004486
vt 0.07146206498146057 0.5552712380886078
vt 0.09436270594596863 0.5295779705047607
vt 0.08751389384269714 0.5372433960437775
vt 0.07976606488227844 0.545830249786377
vt 0.04514780640602112 0.5635415017604828
vt 0.06771841645240784 0.5640866160392761
vt 0.07685267925262451 0.5537175834178925
vt 0.09543241560459137 0.5352190434932709
vt 0.09891672432422638 0.5286389291286469
vt 0.09001964330673218 0.5432756245136261
vt 0.08235090970993042 0.5521694123744965
vt 0.08478924632072449 0.5445777475833893
vt 0.00749090313911438 0.5710412859916687
vt 0.07339593768119812 0.5620743334293365
vt 0.0822439193725586 0.5600485503673553
vt 0.10337279736995697 0.5339106321334839
vt 0.10341669619083405 0.527777761220932
vt 0.09763620793819427 0.5407140552997589
vt 0.08945950865745544 0.5504353046417236
vt 0.035179704427719116 0.5793010294437408
vt 0.07035171985626221 0.5707230269908905
vt 0.0782332718372345 0.5687258243560791
vt 0.08574977517127991 0.555515855550766
vt 0.10615842044353485 0.5312620401382446
vt 0.09304895997047424 0.5460225939750671
vt 0.04752436280250549 0.5869473516941071
vt 0.05763119459152222 0.575232595205307
vt 0.08731141686439514 0.5602847337722778
vt 0.09971371293067932 0.5435506105422974
vt 0.1104622334241867 0.5320832431316376
vt 0.030654311180114746 0.6014932096004486
vt 0.06748887896537781 0.5798930823802948
vt 0.07485529780387878 0.5774036347866058
vt 0.08177116513252258 0.5759328305721283
vt 0.044819414615631104 0.5966958403587341
vt 0.01461067795753479 0.6099452078342438
vt 0.060318827629089355 0.5824517607688904
vt 0.08600398898124695 0.5755230486392975
vt 0.12624292075634003 0.526090532541275
vt 0.09682051837444305 0.5566619336605072
vt 0.0569380521774292 0.5924768447875977
vt 0.03418612480163574 0.605762243270874
vt 0.02647089958190918 0.6141833961009979
vt 0.06654036045074463 0.588213175535202
vt 0.07366833090782166 0.5869323015213013
vt 0.1300152838230133 0.540117472410202
vt 0.060013383626937866 0.5954204201698303
vt 0.04825863242149353 0.6068478524684906
vt 0.10253250598907471 0.5718967616558075
vt 0.09749017655849457 0.5820256173610687
vt 0.14648017287254333 0.5204223096370697
vt 0.13337501883506775 0.553005188703537
vt 0.03656628727912903 0.6102177798748016
vt 0.06719040870666504 0.5941009819507599
vt 0.07694172859191895 0.5893323123455048
vt 0.14083263278007507 0.5175421237945557
vt 0.13675716519355774 0.5387695729732513
vt 0.054529786109924316 0.606266051530838
vt 0.041450679302215576 0.6147020757198334
vt 0.13041822612285614 0.5680780112743378
vt 0.11659935116767883 0.5802007019519806
vt 0.09234705567359924 0.5896938741207123
vt 0.1503896415233612 0.5166355669498444
vt 0.16442139446735382 0.5253478586673737
vt 0.15389195084571838 0.5469538271427155
vt 0.027211040258407593 0.6347721517086029
vt 0.0290985107421875 0.6276302635669708
vt 0.06908684968948364 0.599573403596878
vt 0.16964153945446014 0.5123373568058014
vt 0.1581239402294159 0.512031614780426
vt 0.13992701470851898 0.5773465931415558
vt 0.15330366790294647 0.5569289028644562
vt 0.07818949222564697 0.6128933131694794
vt 0.11923757195472717 0.5895192325115204
vt 0.09094834327697754 0.6061176955699921
vt 0.06332898139953613 0.6196905076503754
vt 0.14877574145793915 0.5839888751506805
vt 0.13815799355506897 0.6093485951423645
vt 0.08489978313446045 0.621150016784668
vt 0.10015484690666199 0.6187898218631744
vt 0.11928334832191467 0.6224944293498993
vt 0.09726764261722565 0.6313455402851105
vt 0.07419854402542114 0.6353263258934021
vt 0.1292348951101303 0.6336415708065033
vt 0.10863424837589264 0.6349024772644043
vt 0.08861187100410461 0.6494935750961304
vt 0.06959536671638489 0.6441664397716522
vt 0.4138587415218353 0.6342728734016418
vt 0.4105857312679291 0.6252640187740326
vt 0.40976986289024353 0.6274016499519348
vt 0.41654279828071594 0.6328407526016235
vt 0.4089522957801819 0.620886504650116
vt 0.41411858797073364 0.6238918900489807
vt 0.4234246015548706 0.635845959186554
vt 0.4183799922466278 0.6143438518047333
vt 0.4254409372806549 0.6255342662334442
vt 0.42397964000701904 0.6422883570194244
vt 0.4333654046058655 0.6435831189155579
vt 0.4355379343032837 0.6156893968582153
vt 0.3458026051521301 0.6318876147270203
vt 0.3403005003929138 0.633886069059372
vt 0.34559309482574463 0.6436516046524048
vt 0.34316882491111755 0.6518898010253906
vt 0.35147982835769653 0.6377249658107758
vt 0.34853190183639526 0.661479115486145
vt 0.33419904112815857 0.647368997335434
vt 0.3497462868690491 0.6267592906951904
vt 0.3510954976081848 0.6470996737480164
vt 0.33736613392829895 0.6636394560337067
vt 0.3347633481025696 0.6554279923439026
vt 0.3597409427165985 0.6306107044219971
vt 0.36037757992744446 0.6403219401836395
vt 0.35655397176742554 0.6543989777565002
vt 0.34868013858795166 0.6681492924690247
vt 0.35832345485687256 0.6202124953269958
vt 0.35578519105911255 0.662521094083786
vt 0.32970568537712097 0.6749927997589111
vt 0.3507177233695984 0.6814890801906586
vt 0.3688654899597168 0.6493636965751648
vt 0.37964993715286255 0.6175407469272614
vt 0.3615470230579376 0.655271977186203
vt 0.3631916046142578 0.6724697649478912
vt 0.3627828359603882 0.6859525442123413
vt 0.3832263946533203 0.6293734610080719
vt 0.39007022976875305 0.62157142162323
vt 0.362216591835022 0.663337230682373
vt 0.3625851273536682 0.6936814486980438
vt 0.400314599275589 0.6415900588035583
vt 0.39377903938293457 0.6167512238025665
vt 0.3726896047592163 0.6797466576099396
vt 0.3708464503288269 0.6666310429573059
vt 0.3727480471134186 0.6885448694229126
vt 0.3532755374908447 0.6920510530471802
vt 0.3925354778766632 0.6290826797485352
vt 0.3740776777267456 0.6980381608009338
vt 0.3426162600517273 0.6876588761806488
vt 0.3623603582382202 0.7013368606567383
vt 0.4015379846096039 0.6323408782482147
vt 0.3836863040924072 0.6879062056541443
vt 0.3960095942020416 0.6575271785259247
vt 0.4027746915817261 0.6257951855659485
vt 0.3967231512069702 0.6680149435997009
vt 0.401991069316864 0.6470896899700165
vt 0.4066339135169983 0.6612667441368103
vt 0.40371543169021606 0.65153968334198
vt 0.40452826023101807 0.6740908920764923
vt 0.41032835841178894 0.6597670316696167
vt 0.4076351225376129 0.6689231097698212
vt 0.4094477891921997 0.6802310049533844
vt 0.410068154335022 0.6760222911834717
vt 0.4106105864048004 0.6705480515956879
vt 0.4134557247161865 0.6607992947101593
vt 0.41796666383743286 0.6820010542869568
vt 0.41454288363456726 0.6787264347076416
vt 0.409431129693985 0.6405453383922577
vt 0.281412810087204 0.6064508855342865
vt 0.2028091549873352 0.8005242049694061
vt 0.21529912948608398 0.8070919513702393
vt 0.20301014184951782 0.7914209961891174
vt 0.2056717574596405 0.8087798655033112
vt 0.2283017784357071 0.7956676185131073
vt 0.1971721053123474 0.7833712697029114
vt 0.18968753516674042 0.7988843023777008
vt 0.20822089910507202 0.781803697347641
vt 0.23537752032279968 0.8074619472026825
vt 0.2002326250076294 0.7828668355941772
vt 0.2264235019683838 0.7801270484924316
vt 0.25281447172164917 0.8102072179317474
vt 0.19073234498500824 0.7855676412582397
vt 0.20450684428215027 0.7704476416110992
vt 0.24135412275791168 0.7914126813411713
vt 0.21724633872509003 0.7672010064125061
vt 0.2579602003097534 0.8264746963977814
vt 0.19673848152160645 0.7720398008823395
vt 0.20883409678936005 0.7685551941394806
vt 0.23881562054157257 0.7598679661750793
vt 0.26658523082733154 0.8019740581512451
vt 0.1946316808462143 0.7624819874763489
vt 0.20049124956130981 0.7568261027336121
vt 0.2536954879760742 0.7716734409332275
vt 0.20686666667461395 0.7546652853488922
vt 0.23206250369548798 0.7501643300056458
vt 0.2816770076751709 0.8212633728981018
vt 0.2661508023738861 0.7557997703552246
vt 0.24546615779399872 0.7323612570762634
vt 0.276978462934494 0.7825361788272858
vt 0.27797484397888184 0.8019357621669769
vt 0.1924533098936081 0.7421257793903351
vt 0.2079775482416153 0.7366572618484497
vt 0.23208452761173248 0.7340193390846252
vt 0.2885056138038635 0.8093942701816559
vt 0.28770554065704346 0.7641940414905548
vt 0.2599720358848572 0.729576826095581
vt 0.24065737426280975 0.6922733187675476
vt 0.2942933738231659 0.7855004668235779
vt 0.3018524944782257 0.807791143655777
vt 0.2841542363166809 0.7482514977455139
vt 0.2734711468219757 0.7469584345817566
vt 0.25776946544647217 0.6933295130729675
vt 0.2128579020500183 0.7123753130435944
vt 0.22873395681381226 0.7030019164085388
vt 0.3010638952255249 0.8323346376419067
vt 0.2968120574951172 0.7590070068836212
vt 0.2910688519477844 0.7438274323940277
vt 0.28027063608169556 0.7218156456947327
vt 0.3024928569793701 0.7797289788722992
vt 0.320211261510849 0.7670698761940002
vt 0.31192079186439514 0.7274419069290161
vt 0.291010320186615 0.7148595750331879
vt 0.3252655267715454 0.8286221325397491
vt 0.33069223165512085 0.8096895813941956
vt 0.3255063593387604 0.7327069938182831
vt 0.32075896859169006 0.7157760858535767
vt 0.33504846692085266 0.8317506909370422
vt 0.3293223977088928 0.7708125114440918
vt 0.3271588087081909 0.720064640045166
vt 0.3304707407951355 0.7421187460422516
vt 0.338326096534729 0.7996953129768372
vt 0.3201730251312256 0.6994227766990662
vt 0.33380424976348877 0.7600902318954468
vt 0.3379846215248108 0.7877561151981354
vt 0.34158870577812195 0.8024986386299133
vt 0.3297569453716278 0.725055456161499
vt 0.32559946179389954 0.7039274871349335
vt 0.33304762840270996 0.7718387246131897
vt 0.33469122648239136 0.736650288105011
vt 0.34508317708969116 0.7889770567417145
vt 0.3413039445877075 0.8170294165611267
vt 0.33113402128219604 0.7161834537982941
vt 0.33235234022140503 0.6937613189220428
vt 0.34194597601890564 0.7628339529037476
vt 0.3412812352180481 0.7494761347770691
vt 0.3382442891597748 0.7727124094963074
vt 0.34425896406173706 0.7779800295829773
vt 0.34708064794540405 0.7995327413082123
vt 0.3480986952781677 0.807300478219986
vt 0.3417717516422272 0.824133038520813
vt 0.33916664123535156 0.7337963581085205
vt 0.337103933095932 0.716837614774704
vt 0.33564555644989014 0.7068305015563965
vt 0.3526659607887268 0.7828885912895203
vt 0.34454965591430664 0.8166270554065704
vt 0.3412470817565918 0.8338266313076019
vt 0.3437115550041199 0.7037220001220703
vt 0.3499848246574402 0.7464385628700256
vt 0.3493436872959137 0.7302387356758118
vt 0.35133305191993713 0.7656420171260834
vt 0.3576727509498596 0.8076570332050323
vt 0.3504822850227356 0.8169112205505371
vt 0.3451119363307953 0.8244726359844208
vt 0.34263819456100464 0.6928097307682037
vt 0.36141279339790344 0.7790559828281403
vt 0.3442010283470154 0.8327916264533997
vt 0.3533608317375183 0.7012514770030975
vt 0.3590240776538849 0.738597571849823
vt 0.3656090199947357 0.8069464266300201
vt 0.36658909916877747 0.8165170848369598
vt 0.35238033533096313 0.8239604234695435
vt 0.35477304458618164 0.7147252857685089
vt 0.3691019117832184 0.7549132108688354
vt 0.3737073838710785 0.7924346029758453
vt 0.36097192764282227 0.8233155310153961
vt 0.34808194637298584 0.8319141566753387
vt 0.36717426776885986 0.7315781712532043
vt 0.3724707365036011 0.7795683741569519
vt 0.37638533115386963 0.8096447288990021
vt 0.3704138994216919 0.8259212374687195
vt 0.35584503412246704 0.8313914835453033
vt 0.37337344884872437 0.742484986782074
vt 0.3759346008300781 0.771338164806366
vt 0.38092106580734253 0.7812177538871765
vt 0.3822844624519348 0.7993212938308716
vt 0.3774433732032776 0.8166864216327667
vt 0.3627861738204956 0.8311169445514679
vt 0.35133692622184753 0.8389139771461487
vt 0.36784499883651733 0.7065834701061249
vt 0.37723928689956665 0.7588485181331635
vt 0.37416374683380127 0.7277535498142242
vt 0.3792349398136139 0.7901315689086914
vt 0.38607585430145264 0.8004730641841888
vt 0.3845396935939789 0.8079710006713867
vt 0.36564406752586365 0.8318347334861755
vt 0.3791293799877167 0.8238397538661957
vt 0.3570998013019562 0.8378995656967163
vt 0.37897202372550964 0.7448049187660217
vt 0.3816341757774353 0.7725863754749298
vt 0.38396599888801575 0.792394757270813
vt 0.38639259338378906 0.8158196210861206
vt 0.3719716966152191 0.8295871317386627
vt 0.3757505416870117 0.7154421210289001
vt 0.38098058104515076 0.7592540383338928
vt 0.3786959648132324 0.734664648771286
vt 0.38338351249694824 0.781993567943573
vt 0.39574187994003296 0.8077247142791748
vt 0.39356163144111633 0.7884765565395355
vt 0.37215960025787354 0.8352953493595123
vt 0.3877151906490326 0.823967307806015
vt 0.38868674635887146 0.7364814579486847
vt 0.38580262660980225 0.773533970117569
vt 0.3975357711315155 0.8239942193031311
vt 0.38001206517219543 0.8323014378547668
vt 0.3909359276294708 0.7603582143783569
vt 0.3918396532535553 0.7735397517681122
vt 0.4054288864135742 0.783277690410614
vt 0.38549530506134033 0.8623696267604828
vt 0.3999321758747101 0.7594636380672455
vt 0.41830605268478394 0.8521049618721008
vt 0.8864486813545227 0.6066150665283203
vt 0.9150680303573608 0.5889143347740173
vt 0.8874499797821045 0.596335768699646
vt 0.8956233263015747 0.6231779456138611
vt 0.8969618082046509 0.5900897085666656
vt 0.8777326345443726 0.6015131771564484
vt 0.9082639217376709 0.604966789484024
vt 0.8898077607154846 0.627532422542572
vt 0.9143562912940979 0.5705117285251617
vt 0.8822128772735596 0.6129072606563568
vt 0.9027957320213318 0.6198071241378784
vt 0.9195046424865723 0.6077621579170227
vt 0.8927534818649292 0.6341348588466644
vt 0.9328583478927612 0.5701049864292145
vt 0.9088230729103088 0.5489405989646912
vt 0.8786026239395142 0.6350042223930359
vt 0.9452366232872009 0.5859352052211761
vt 0.8840088844299316 0.6347156167030334
vt 0.9325721859931946 0.553560346364975
vt 0.9443556666374207 0.5710587203502655
vt 0.9239693284034729 0.5375983119010925
vt 0.8746563196182251 0.634520411491394
vt 0.8992906808853149 0.6381902098655701
vt 0.9125248193740845 0.6289342641830444
vt 0.9364848732948303 0.6137246787548065
vt 0.8900915384292603 0.6435396373271942
vt 0.8770797252655029 0.6447171866893768
vt 0.9553595185279846 0.5740174651145935
vt 0.9461287260055542 0.5958892703056335
vt 0.8922287821769714 0.654438704252243
vt 0.9108328819274902 0.6456446647644043
vt 0.9270263314247131 0.636532336473465
vt 0.9484997391700745 0.6080375611782074
vt 0.8786067962646484 0.6562390625476837
vt 0.9033229947090149 0.6520039439201355
vt 0.9109432697296143 0.6505579650402069
vt 0.9185160398483276 0.6355390846729279
vt 0.9401109218597412 0.6267130076885223
vt 0.9577144384384155 0.5837856531143188
vt 0.9517518877983093 0.6240602433681488
vt 0.9622237682342529 0.5951491594314575
vt 0.8857309818267822 0.6665463447570801
vt 0.9061453342437744 0.6568827629089355
vt 0.9194591641426086 0.6579722464084625
vt 0.9230651259422302 0.6528311967849731
vt 0.932873010635376 0.6472207307815552
vt 0.9438202381134033 0.6415764093399048
vt 0.9648088216781616 0.6140893399715424
vt 0.8963624835014343 0.6659238040447235
vt 0.9157941937446594 0.661961555480957
vt 0.9542045593261719 0.633166640996933
vt 0.9799603819847107 0.5799122452735901
vt 0.9779874086380005 0.619862973690033
vt 0.9804689884185791 0.6025198400020599
vt 0.9091806411743164 0.6664647161960602
vt 0.9175226092338562 0.6694961488246918
vt 0.9353410005569458 0.6584929823875427
vt 0.9470489025115967 0.6554120182991028
vt 0.9651411771774292 0.6274983584880829
vt 0.9565300941467285 0.6420972049236298
vt 0.9789037704467773 0.6135928630828857
vt 0.9149154424667358 0.6730635762214661
vt 0.92512446641922 0.6636562645435333
vt 0.9679052233695984 0.6418639421463013
vt 0.9923098087310791 0.5984768569469452
vt 0.9759103059768677 0.6289660334587097
vt 0.9978764653205872 0.6241999268531799
vt 0.995676577091217 0.6105738282203674
vt 0.9108788371086121 0.6761882305145264
vt 0.9203238487243652 0.6825564503669739
vt 0.9275127649307251 0.678711324930191
vt 0.9500339031219482 0.6671669483184814
vt 0.9381527900695801 0.6733973026275635
vt 0.9603920578956604 0.6507383286952972
vt 0.9724494218826294 0.6508229672908783
vt 0.9616021513938904 0.6609428524971008
vt 0.933708906173706 0.6910006105899811
vt 0.948519229888916 0.6856357455253601
vt 0.9524996876716614 0.6769862174987793
vt 0.9653310179710388 0.6776301264762878
vt 0.9743944406509399 0.6620944142341614
vt 0.9495971202850342 0.6933872699737549
vt 0.9386784434318542 0.6988114714622498
vt 0.9784235954284668 0.6624734401702881
vt 0.9670289754867554 0.6885353624820709
vt 0.9552898406982422 0.696741133928299
vt 0.9761338829994202 0.6701604425907135
vt 0.9780662059783936 0.6775484979152679
vt 0.7379918694496155 0.3910580277442932
vt 0.7431542873382568 0.3783800005912781
vt 0.7315192222595215 0.3793184161186218
vt 0.7448257207870483 0.3923429250717163
vt 0.7304731607437134 0.36344462633132935
vt 0.7398802638053894 0.40113335847854614
vt 0.7485470175743103 0.38358908891677856
vt 0.7561609745025635 0.3784533739089966
vt 0.7275161743164062 0.36778658628463745
vt 0.7467915415763855 0.4030359983444214
vt 0.7530024647712708 0.39157044887542725
vt 0.7404813170433044 0.35934120416641235
vt 0.7273859977722168 0.35659897327423096
vt 0.7556429505348206 0.40254974365234375
vt 0.7544435858726501 0.41344213485717773
vt 0.7739951610565186 0.361926794052124
vt 0.7638238072395325 0.3882843255996704
vt 0.7845410108566284 0.37037694454193115
vt 0.7665630578994751 0.35231131315231323
vt 0.7391304969787598 0.3533203601837158
vt 0.7658892273902893 0.4075847864151001
vt 0.7664772272109985 0.399406373500824
vt 0.7799361348152161 0.3536772131919861
vt 0.7590575218200684 0.34739190340042114
vt 0.7901111841201782 0.3782842755317688
vt 0.7865371704101562 0.3589588403701782
vt 0.774233877658844 0.3433536887168884
vt 0.7805626392364502 0.34687942266464233
vt 0.7555320858955383 0.3383108377456665
vt 0.7997109889984131 0.38357168436050415
vt 0.8013432025909424 0.37502872943878174
vt 0.7939751148223877 0.36414635181427
vt 0.7927824854850769 0.35009968280792236
vt 0.7673074007034302 0.3352488875389099
vt 0.786984384059906 0.348771870136261
vt 0.7998090982437134 0.3512709140777588
vt 0.789028525352478 0.34102630615234375
vt 0.7749933004379272 0.33316701650619507
vt 0.7601451873779297 0.30142831802368164
vt 0.8122312426567078 0.3719055652618408
vt 0.8072974681854248 0.36272019147872925
vt 0.8073930740356445 0.3512166738510132
vt 0.8009082674980164 0.34023481607437134
vt 0.797594428062439 0.3393303155899048
vt 0.7851277589797974 0.3401711583137512
vt 0.7827051877975464 0.331099271774292
vt 0.7693083882331848 0.32146966457366943
vt 0.796026885509491 0.33955568075180054
vt 0.8259037137031555 0.3776288628578186
vt 0.7847236394882202 0.3207555413246155
vt 0.7761059403419495 0.3199229836463928
vt 0.7907435297966003 0.3292173147201538
vt 0.7711341381072998 0.30163484811782837
vt 0.8146435022354126 0.36167317628860474
vt 0.8206869959831238 0.36994487047195435
vt 0.8072813749313354 0.3390205502510071
vt 0.8012224435806274 0.3282203674316406
vt 0.7972416877746582 0.3283134698867798
vt 0.7787245512008667 0.3115149140357971
vt 0.8324708938598633 0.3693186044692993
vt 0.8182615041732788 0.35003477334976196
vt 0.8057835102081299 0.32767051458358765
vt 0.7918098568916321 0.3172157406806946
vt 0.782976508140564 0.30883848667144775
vt 0.8287067413330078 0.3521658778190613
vt 0.8170437812805176 0.3385922312736511
vt 0.7997418642044067 0.3168429136276245
vt 0.796349048614502 0.31776297092437744
vt 0.7821847200393677 0.29767072200775146
vt 0.809842586517334 0.3167663812637329
vt 0.8030622005462646 0.3161359429359436
vt 0.7888755798339844 0.30496495962142944
vt 0.793944776058197 0.30634260177612305
vt 0.788550853729248 0.29462867975234985
vt 0.8006759285926819 0.30344265699386597
vt 0.8095057606697083 0.3012959361076355
vt 0.7960708141326904 0.2911357879638672
vt 0.3597075939178467 0.8461150825023651
vt 0.35565632581710815 0.8438297510147095
vt 0.3547447621822357 0.8484096825122833
vt 0.3631896674633026 0.8432168066501617
vt 0.3604016602039337 0.8510560989379883
vt 0.3659510612487793 0.8481762111186981
vt 0.376107782125473 0.8510658144950867
vt 0.27367329597473145 0.9064271971583366
vt 0.2891378700733185 0.9298347979784012
vt 0.2976839244365692 0.9266676530241966
vt 0.29837939143180847 0.9179913103580475
vt 0.3111107349395752 0.9196324720978737
vt 0.2896360456943512 0.9026365056633949
vt 0.3048822283744812 0.9309751689434052
vt 0.31630465388298035 0.9150906056165695
vt 0.31377071142196655 0.890967346727848
vt 0.3124193251132965 0.9236058965325356
vt 0.30842673778533936 0.927744947373867
vt 0.3231810927391052 0.9206653088331223
vt 0.3197108209133148 0.9253209307789803
vt 0.3061395287513733 0.9349556714296341
vt 0.28070423007011414 0.9678194597363472
vt 0.2900870740413666 0.9600252211093903
vt 0.28342166543006897 0.9585277140140533
vt 0.28812849521636963 0.9695198331028223
vt 0.2588561177253723 0.9059689044952393
vt 0.24905773997306824 0.9058283045887947
vt 0.26183539628982544 0.9402312338352203
vt 0.2565116584300995 0.9009599760174751
vt 0.2596803307533264 0.9406816065311432
vt 0.26928889751434326 0.9360292479395866
vt 0.2668306529521942 0.9027750417590141
vt 0.2590763568878174 0.8980365768074989
vt 0.26132887601852417 0.9519351869821548
vt 0.23291535675525665 0.9082046151161194
vt 0.27540352940559387 0.9524707049131393
vt 0.2687493860721588 0.9543507397174835
vt 0.24687430262565613 0.9678691476583481
vt 0.2789957821369171 0.9376091435551643
vt 0.2833564877510071 0.949229046702385
vt 0.27529674768447876 0.9634617790579796
vt 0.27348440885543823 0.9670905023813248
vt 0.21041026711463928 0.8922867178916931
vt 0.21133871376514435 0.8838150575757027
vt 0.1996375173330307 0.8871785327792168
vt 0.22323846817016602 0.8844948410987854
vt 0.2021569460630417 0.8797120451927185
vt 0.20594581961631775 0.9032539799809456
vt 0.24076960980892181 0.8835182189941406
vt 0.22020860016345978 0.8878277316689491
vt 0.23432189226150513 0.870853915810585
vt 0.18766196072101593 0.8875603005290031
vt 0.17932799458503723 0.8976015523076057
vt 0.21974146366119385 0.8961978033185005
vt 0.2522392272949219 0.8779846876859665
vt 0.230605348944664 0.8863114342093468
vt 0.2045133262872696 0.8733208924531937
vt 0.1885656714439392 0.8748452663421631
vt 0.17286281287670135 0.9210935905575752
vt 0.26356327533721924 0.8788186758756638
vt 0.26004189252853394 0.8911425843834877
vt 0.22739267349243164 0.8918813839554787
vt 0.2551371455192566 0.8717312961816788
vt 0.19982130825519562 0.9233845099806786
vt 0.23057155311107635 0.8999253436923027
vt 0.2684720456600189 0.8665890544652939
vt 0.2664002776145935 0.8838080912828445
vt 0.25450024008750916 0.8942068740725517
vt 0.23687724769115448 0.8905455619096756
vt 0.2537113428115845 0.8573837429285049
vt 0.24161426723003387 0.9019530937075615
vt 0.2788017690181732 0.8737658709287643
vt 0.2731364965438843 0.8773892894387245
vt 0.2770094871520996 0.8841114491224289
vt 0.2635635435581207 0.8983281552791595
vt 0.2609858512878418 0.8607687205076218
vt 0.24249149858951569 0.8974628448486328
vt 0.2804917097091675 0.8650541454553604
vt 0.2719708979129791 0.8891212791204453
vt 0.2672904133796692 0.8931616768240929
vt 0.2539745271205902 0.8424184620380402
vt 0.24862055480480194 0.9032176434993744
vt 0.28486019372940063 0.8679241389036179
vt 0.284967303276062 0.8796395808458328
vt 0.2507745921611786 0.897447258234024
vt 0.2723349630832672 0.8957730010151863
vt 0.27981263399124146 0.8439595550298691
vt 0.28033626079559326 0.8929279297590256
vt 0.29280492663383484 0.8740075975656509
vt 0.2901826798915863 0.8616276532411575
vt 0.2923145294189453 0.8915059939026833
vt 0.27546170353889465 0.9042874276638031
vt 0.2895193099975586 0.8542366474866867
vt 0.3064326345920563 0.8708922117948532
vt 0.3012193739414215 0.8581774979829788
vt 0.2996775805950165 0.8495297580957413
vt 0.33820614218711853 0.8438517153263092
vt 0.31053614616394043 0.8531045019626617
vt 0.29955190420150757 0.8378423899412155
vt 0.31756770610809326 0.8369303196668625
vt 0.30560749769210815 0.8345438241958618
vt 0.31312623620033264 0.8208749443292618
vt 0.31536880135536194 0.8255281001329422
vt 0.6209434866905212 0.9799582678824663
vt 0.8773114681243896 0.6887988746166229
vt 0.8706228733062744 0.6759585440158844
vt 0.8852325677871704 0.6975501775741577
vt 0.8724539875984192 0.6570126712322235
vt 0.8706991672515869 0.7044528424739838
vt 0.8663865327835083 0.659456878900528
vt 0.8576615452766418 0.6884394586086273
vt 0.8969541788101196 0.7048495411872864
vt 0.8711365461349487 0.7138427197933197
vt 0.8574111461639404 0.6629421710968018
vt 0.8721923828125 0.6448613703250885
vt 0.856935441493988 0.7035868167877197
vt 0.8864097595214844 0.7128000855445862
vt 0.859727680683136 0.7158254981040955
vt 0.8776748180389404 0.7151643931865692
vt 0.8644863963127136 0.6446378529071808
vt 0.8692246675491333 0.626859724521637
vt 0.8519955277442932 0.6746413707733154
vt 0.8950839042663574 0.7357560694217682
vt 0.9181975722312927 0.702495813369751
vt 0.8599497079849243 0.7368558645248413
vt 0.8694101572036743 0.7516419291496277
vt 0.855625569820404 0.635529100894928
vt 0.8518909215927124 0.6504255533218384
vt 0.885907769203186 0.7434380948543549
vt 0.9164406061172485 0.7321883738040924
vt 0.8773031830787659 0.7707364559173584
vt 0.8599193692207336 0.6349425911903381
vt 0.8668442964553833 0.6067249774932861
vt 0.8947034478187561 0.7669342309236526
vt 0.8592926859855652 0.7609570622444153
vt 0.8571540117263794 0.6267799437046051
vt 0.8502651453018188 0.6368030309677124
vt 0.8591699600219727 0.6175147294998169
vt 0.8869534730911255 0.7690512835979462
vt 0.8577241897583008 0.6003828346729279
vt 0.8541369438171387 0.6185980439186096
vt 0.8512129187583923 0.5899553596973419
vt 0.8485623002052307 0.5991013050079346
vt 0.8514909148216248 0.5751534998416901
vt 0.624994695186615 0.21856963634490967
vt 0.8706477880477905 0.5535522997379303
vt 0.8603287935256958 0.5567391216754913
vt 0.8609738349914551 0.5664557814598083
vt 0.8667526841163635 0.5334926247596741
vt 0.8550676107406616 0.5685835778713226
vt 0.8684834241867065 0.5691283047199249
vt 0.8708628416061401 0.5341722965240479
vt 0.8602728843688965 0.5379953682422638
vt 0.8570942282676697 0.5532717704772949
vt 0.8762829303741455 0.5677123665809631
vt 0.8569819927215576 0.5873016119003296
vt 0.8783445954322815 0.5430549383163452
vt 0.8741833567619324 0.5263883471488953
vt 0.8654904365539551 0.5245193839073181
vt 0.8781596422195435 0.5862405896186829
vt 0.8676292300224304 0.581542044878006
vt 0.8771729469299316 0.5374507308006287
vt 0.8587835431098938 0.5357735455036163
vt 0.8518983721733093 0.551100105047226
vt 0.8830850124359131 0.5623484253883362
vt 0.8685311079025269 0.5966354608535767
vt 0.8857719302177429 0.5380074381828308
vt 0.8757985234260559 0.524012565612793
vt 0.8776071667671204 0.531480073928833
vt 0.8590896129608154 0.5247063636779785
vt 0.8870344161987305 0.5782145261764526
vt 0.8741384148597717 0.592156857252121
vt 0.8704766035079956 0.5232800245285034
vt 0.8824872374534607 0.5253368616104126
vt 0.8650804758071899 0.5124568343162537
vt 0.8904852271080017 0.5810293853282928
vt 0.8873597979545593 0.5667459964752197
vt 0.879088819026947 0.5933781564235687
vt 0.8898182511329651 0.5372622609138489
vt 0.8724788427352905 0.6086565852165222
vt 0.8856104016304016 0.5308654308319092
vt 0.8765831589698792 0.5165697336196899
vt 0.8695039749145508 0.5201219916343689
vt 0.88336181640625 0.516751229763031
vt 0.8935606479644775 0.5276677012443542
vt 0.8891233801841736 0.5200698971748352
vt 0.8715198636054993 0.5085535049438477
vt 0.8934671878814697 0.5623193681240082
vt 0.8944104909896851 0.5331634283065796
vt 0.8842997550964355 0.508386492729187
vt 0.8904734253883362 0.5103322267532349
vt 0.8680652379989624 0.5017415285110474
vt 0.8952701687812805 0.5766398906707764
vt 0.8992328643798828 0.5222361981868744
vt 0.8961290717124939 0.5158401131629944
vt 0.8781498074531555 0.5037765502929688
vt 0.8978621363639832 0.5322409868240356
vt 0.891769289970398 0.5019331574440002
vt 0.9049792289733887 0.513879269361496
vt 0.8734115362167358 0.4959760308265686
vt 0.9080610275268555 0.5339100360870361
vt 0.9054678678512573 0.5541867613792419
vt 0.8979485630989075 0.5049734115600586
vt 0.9088183045387268 0.5161568522453308
vt 0.9101213812828064 0.5083087682723999
vt 0.9100626111030579 0.5304415225982666
vt 0.8527553081512451 0.15178453922271729
vt 0.8635560274124146 0.15113025903701782
vt 0.8493834733963013 0.15883833169937134
vt 0.8405425548553467 0.15820008516311646
vt 0.8545421361923218 0.15845978260040283
vt 0.8468706607818604 0.1573110818862915
vt 0.8316341638565063 0.1558147668838501
vt 0.8538975715637207 0.16527390480041504
vt 0.8324316740036011 0.154100239276886
vt 0.8296953439712524 0.15823113918304443
vt 0.8396692276000977 0.16157561540603638
vt 0.8276882171630859 0.15565979480743408
vt 0.8252750635147095 0.15841621160507202
vt 0.8281170129776001 0.16118937730789185
vt 0.8248417377471924 0.16707563400268555
vt 0.8220703601837158 0.1553194522857666
vt 0.8235886096954346 0.16500365734100342
vt 0.8209941387176514 0.1638275384902954
vt 0.7639527916908264 0.8420339673757553
vt 0.7611808776855469 0.8443328887224197
vt 0.7619782090187073 0.8535259813070297
vt 0.760789155960083 0.8348802626132965
vt 0.7574538588523865 0.8450351506471634
vt 0.7613692283630371 0.8752025067806244
vt 0.7547937035560608 0.8317916095256805
vt 0.763796865940094 0.8346129059791565
vt 0.7606416940689087 0.8548770248889923
vt 0.7511197924613953 0.8420305103063583
vt 0.7644687294960022 0.8600706607103348
vt 0.7658243775367737 0.8344062566757202
vt 0.7584541440010071 0.855711355805397
vt 0.7659700512886047 0.8698552250862122
vt 0.7667804956436157 0.8533221036195755
vt 0.7591258883476257 0.8652273565530777
vt 0.7560717463493347 0.8261104077100754
vt 0.7313504815101624 0.8402955085039139
vt 0.7670042514801025 0.8333293050527573
vt 0.746833086013794 0.8543511033058167
vt 0.7562112212181091 0.8784809336066246
vt 0.7639949917793274 0.8261187523603439
vt 0.7534205317497253 0.8569839596748352
vt 0.7545626759529114 0.8692249208688736
vt 0.7416365742683411 0.8694774210453033
vt 0.7487325668334961 0.8712428212165833
vt 0.7204436659812927 0.8673382103443146
vt 0.7514851093292236 0.8859347030520439
vt 0.6722502112388611 0.9049869477748871
vt 0.7119355201721191 0.8925029411911964
vt 0.7480939030647278 0.9057812839746475
vt 0.7356761693954468 0.885711133480072
vt 0.7437769770622253 0.8886066600680351
vt 0.6952143907546997 0.911251075565815
vt 0.7280312180519104 0.9060910791158676
vt 0.7450815439224243 0.9073141738772392
vt 0.7221431732177734 0.922956757247448
vt 0.7390959858894348 0.9321368187665939
vt 0.7353451251983643 0.9099621698260307
vt 0.7140719890594482 0.9489221498370171
vt 0.7191562652587891 0.9532414600253105
vt 0.7313562631607056 0.9521501027047634
vt 0.7184309959411621 0.9569480456411839
vt 0.7384146451950073 0.9431998804211617
vt 0.6967506408691406 0.9589135348796844
vt 0.7426910400390625 0.9495390728116035
vt 0.712159276008606 0.9584918990731239
vt 0.7320780754089355 0.9588815607130527
vt 0.20765961706638336 0.8349846005439758
vt 0.2126559168100357 0.8405882716178894
vt 0.21717752516269684 0.8265992403030396
vt 0.20950941741466522 0.8182282447814941
vt 0.19952335953712463 0.8276158273220062
vt 0.19319824874401093 0.8299366980791092
vt 0.18790888786315918 0.8009520173072815
vt 0.7189689874649048 0.9797727689146996
vt 0.724884033203125 0.9794699475169182
vt 0.7206407785415649 0.9765047580003738
vt 0.6131618618965149 0.8892953991889954
vt 0.6261101365089417 0.8854678422212601
vt 0.6201748251914978 0.8780530542135239
vt 0.6248008608818054 0.9001710414886475
vt 0.6350162029266357 0.8768715113401413
vt 0.6050891280174255 0.8854405134916306
vt 0.6320841908454895 0.8879115432500839
vt 0.6068366765975952 0.9013148844242096
vt 0.6268341541290283 0.8690340965986252
vt 0.62178635597229 0.8554681539535522
vt 0.638786792755127 0.8986471742391586
vt 0.618474543094635 0.9066994786262512
vt 0.6408230066299438 0.8854270875453949
vt 0.6426049470901489 0.8683188706636429
vt 0.5820342302322388 0.8820988237857819
vt 0.5932596921920776 0.867034062743187
vt 0.6318942904472351 0.9069480448961258
vt 0.6454365253448486 0.89469413459301
vt 0.6053778529167175 0.9089173376560211
vt 0.6481500267982483 0.8793624490499496
vt 0.6348373293876648 0.8537505865097046
vt 0.5911675095558167 0.8957829177379608
vt 0.5980981588363647 0.8544199764728546
vt 0.6407675743103027 0.9076969623565674
vt 0.6289232969284058 0.91167301684618
vt 0.5988847613334656 0.9029272794723511
vt 0.6115444302558899 0.9141265451908112
vt 0.6512210369110107 0.8910249769687653
vt 0.6606235504150391 0.8785057216882706
vt 0.6151713132858276 0.8457735478878021
vt 0.5666091442108154 0.8806976974010468
vt 0.5837615728378296 0.8890783488750458
vt 0.578921914100647 0.848614975810051
vt 0.6337900757789612 0.910762146115303
vt 0.6223210096359253 0.9125396609306335
vt 0.5944604277610779 0.914137452840805
vt 0.6032152771949768 0.9142697975039482
vt 0.5848655104637146 0.9050398021936417
vt 0.6307259798049927 0.9167531132698059
vt 0.6256809234619141 0.9194886609911919
vt 0.5855715274810791 0.9128590822219849
vt 0.6129370927810669 0.9215025156736374
vt 0.6643504500389099 0.8966763913631439
vt 0.5607833862304688 0.8897312879562378
vt 0.5688329935073853 0.900066539645195
vt 0.621365487575531 0.9231406450271606
vt 0.5937086939811707 0.9242489486932755
vt 0.6025022864341736 0.9239862114191055
vt 0.6787666082382202 0.8946329206228256
vt 0.5428848266601562 0.8793202787637711
vt 0.5766926407814026 0.9134441688656807
vt 0.5845745205879211 0.9241652339696884
vt 0.6100958585739136 0.9334654361009598
vt 0.555968701839447 0.9024551659822464
vt 0.5365081429481506 0.8910462856292725
vt 0.567176342010498 0.913006566464901
vt 0.5880164504051208 0.9367616325616837
vt 0.6012182831764221 0.9327167719602585
vt 0.5476383566856384 0.9013419449329376
vt 0.5556042194366455 0.9123687148094177
vt 0.5766043663024902 0.9237156510353088
vt 0.579098105430603 0.9354927986860275
vt 0.6083400249481201 0.9425722360610962
vt 0.5312354564666748 0.9119531214237213
vt 0.5647348165512085 0.925644651055336
vt 0.5772719979286194 0.9459594450891018
vt 0.597836971282959 0.9441213086247444
vt 0.5444344282150269 0.912896454334259
vt 0.5726602673530579 0.9334098994731903
vt 0.5528379678726196 0.9248877912759781
vt 0.5932666659355164 0.9522201269865036
vt 0.5424381494522095 0.9242703691124916
vt 0.5628880262374878 0.9354497790336609
vt 0.5689025521278381 0.9566256515681744
vt 0.6097163558006287 0.9527774751186371
vt 0.550359845161438 0.9337045550346375
vt 0.5607746243476868 0.9555297791957855
vt 0.5774061679840088 0.9661652855575085
vt 0.607422411441803 0.9625317677855492
vt 0.55558180809021 0.9468456730246544
vt 0.5670254826545715 0.96733358502388
vt 0.5892342329025269 0.9647129066288471
vt 0.6169378161430359 0.9629658199846745
vt 0.5972740650177002 0.9637457318603992
vt 0.5465677380561829 0.9561831615865231
vt 0.5549901723861694 0.9665867015719414
vt 0.5070597529411316 0.9276582226157188
vt 0.5103121399879456 0.9336279332637787
vt 0.529660165309906 0.9259981065988541
vt 0.5003597140312195 0.929639495909214
vt 0.5356228351593018 0.9304197728633881
vt 0.5304296612739563 0.9372610002756119
vt 0.51776522397995 0.939150370657444
vt 0.5398183465003967 0.9356081932783127
vt 0.5267088413238525 0.9208638146519661
vt 0.5109356045722961 0.9499167576432228
vt 0.5288271307945251 0.946971133351326
vt 0.5354838371276855 0.946293406188488
vt 0.5219935774803162 0.9111144989728928
vt 0.5191784501075745 0.957263670861721
vt 0.5327734351158142 0.9560512155294418
vt 0.5203157663345337 0.8883929252624512
vt 0.5144852995872498 0.9241383746266365
vt 0.5442996621131897 0.964987438172102
vt 0.5268489718437195 0.8903379738330841
vt 0.5124849677085876 0.911393977701664
vt 0.5100355744361877 0.9217876270413399
vt 0.5219599008560181 0.9669072851538658
vt 0.5151326060295105 0.9680533707141876
vt 0.5342028737068176 0.9676612764596939
vt 0.5216715335845947 0.8768417686223984
vt 0.5122576951980591 0.888049304485321
vt 0.497627854347229 0.9281378462910652
vt 0.5302656292915344 0.8785136044025421
vt 0.5121620297431946 0.8753875494003296
vt 0.5015450716018677 0.9092524200677872
vt 0.5155401825904846 0.8677373081445694
vt 0.49827200174331665 0.875987097620964
vt 0.49444228410720825 0.8990705907344818
vt 0.5328173637390137 0.8721722960472107
vt 0.4878650903701782 0.8870894461870193
vt 0.4898819327354431 0.9087467193603516
vt 0.5301379561424255 0.8591723591089249
vt 0.49554893374443054 0.8595479875802994
vt 0.5555914044380188 0.8736803084611893
vt 0.48565661907196045 0.8758783042430878
vt 0.4626320004463196 0.8871556222438812
vt 0.4764866828918457 0.8977694809436798
vt 0.55953449010849 0.8534792810678482
vt 0.5048493146896362 0.8571634590625763
vt 0.4885687828063965 0.8687358945608139
vt 0.4648849666118622 0.9089451879262924
vt 0.5583344101905823 0.8445472717285156
vt 0.5228058695793152 0.8505719155073166
vt 0.48007631301879883 0.8572795391082764
vt 0.4777268171310425 0.8642673790454865
vt 0.46202388405799866 0.8757199943065643
vt 0.46236109733581543 0.8977464586496353
vt 0.46615806221961975 0.8282783627510071
vt 0.4515903890132904 0.8797053396701813
vt 0.4516910910606384 0.9011535346508026
vt 0.5231760144233704 0.8294086903333664
vt 0.4319356679916382 0.8399762511253357
vt 0.4663514494895935 0.8614126145839691
vt 0.45111167430877686 0.8677442818880081
vt 0.45273083448410034 0.8903769254684448
vt 0.454865038394928 0.8565111011266708
vt 0.42032498121261597 0.825466975569725
vt 0.7019707560539246 0.9176920503377914
vt 0.7094805240631104 0.928753525018692
vt 0.7122432589530945 0.9275081381201744
vt 0.7023890018463135 0.9293133616447449
vt 0.713015079498291 0.9389791376888752
vt 0.056045908480882645 0.714972972869873
vt 0.06179608777165413 0.7320073544979095
vt 0.07382264733314514 0.7293788194656372
vt 0.036734070628881454 0.7408395409584045
vt 0.074856236577034 0.7467369437217712
vt 0.09659571945667267 0.7032900452613831
vt 0.04724826291203499 0.7381065487861633
vt 0.014461290091276169 0.7300397455692291
vt 0.061954986304044724 0.7465277314186096
vt 0.0873386561870575 0.7454277575016022
vt 0.0799921452999115 0.6890645027160645
vt 0.08951613306999207 0.7234914898872375
vt 0.04941878095269203 0.7549081444740295
vt 0.03551163896918297 0.705875813961029
vt 0.024087797850370407 0.7458736598491669
vt 0.061834219843149185 0.7542726993560791
vt 0.06289643049240112 0.7573628723621368
vt 0.08917823433876038 0.737314760684967
vt 0.14860887825489044 0.7035384178161621
vt 0.1027812659740448 0.7199907004833221
vt 0.0367567203938961 0.754014641046524
vt 0.08264048397541046 0.7513665556907654
vt 0.10238410532474518 0.7385338842868805
vt 0.13244448602199554 0.7095575928688049
vt 0.038095783442258835 0.7606206834316254
vt 0.05003880336880684 0.7595208287239075
vt 0.07303088903427124 0.7551584243774414
vt 0.09742069244384766 0.7452164888381958
vt 0.15310333669185638 0.723270833492279
vt 0.11881223320960999 0.7284072041511536
vt 0.11515077948570251 0.7385311126708984
vt 0.02583954855799675 0.7616674900054932
vt 0.06439568102359772 0.7628628015518188
vt 0.07212741672992706 0.7591772079467773
vt 0.1325007528066635 0.7306146621704102
vt 0.05250892415642738 0.7623320668935776
vt 0.037963446229696274 0.7620919644832611
vt 0.12091526389122009 0.7415968477725983
vt 0.15757356584072113 0.7360993027687073
vt 0.13035999238491058 0.7382698655128479
vt 0.06145754083991051 0.7663496434688568
vt 0.07159940898418427 0.7664899826049805
vt 0.06174897029995918 0.7691618204116821
vt 0.0801873505115509 0.7575254738330841
vt 0.133527934551239 0.7431249618530273
vt 0.1541910618543625 0.7417988181114197
vt 0.07113374769687653 0.7735696732997894
vt 0.08197620511054993 0.7530412077903748
vt 0.15724045038223267 0.7531386911869049
vt 0.0801120400428772 0.7659416198730469
vt 0.09095422923564911 0.7527356594800949
vt 0.146633118391037 0.7479104101657867
vt 0.17127908766269684 0.7500833868980408
vt 0.07107864320278168 0.7769117057323456
vt 0.07853098213672638 0.7761753648519516
vt 0.09970290958881378 0.7459646165370941
vt 0.1389569342136383 0.7502054870128632
vt 0.1649092435836792 0.7628258019685745
vt 0.06871530413627625 0.7772170603275299
vt 0.08250883221626282 0.770698755979538
vt 0.08886606991291046 0.7594076246023178
vt 0.09927862882614136 0.7515691369771957
vt 0.1265464723110199 0.7439515888690948
vt 0.15403291583061218 0.7587141692638397
vt 0.06107335165143013 0.7714201211929321
vt 0.0960056483745575 0.7608655393123627
vt 0.11383245885372162 0.7538547068834305
vt 0.1513100564479828 0.7641347050666809
vt 0.15999005734920502 0.7709324061870575
vt 0.061034370213747025 0.77615687251091
vt 0.050392571836709976 0.7649978846311569
vt 0.08728322386741638 0.766696959733963
vt 0.11292347311973572 0.7585503458976746
vt 0.11294671893119812 0.7466892004013062
vt 0.1439209133386612 0.7629664987325668
vt 0.16402645409107208 0.7750290781259537
vt 0.06911303102970123 0.7807228863239288
vt 0.052394334226846695 0.7695352733135223
vt 0.1274549514055252 0.7546846270561218
vt 0.11558327078819275 0.7429139614105225
vt 0.13735570013523102 0.7552717328071594
vt 0.16165968775749207 0.7811253070831299
vt 0.06919504702091217 0.7847535610198975
vt 0.061006683856248856 0.781041294336319
vt 0.04342308267951012 0.7704632580280304
vt 0.1303948611021042 0.7509244382381439
vt 0.13307321071624756 0.7489810585975647
vt 0.1379878669977188 0.7602946162223816
vt 0.17004293203353882 0.7857747077941895
vt 0.07863202691078186 0.7875957190990448
vt 0.05287747457623482 0.779506504535675
vt 0.06088229641318321 0.7887305915355682
vt 0.07769308984279633 0.792107105255127
vt 0.05313168093562126 0.7866463363170624
vt 0.04466265067458153 0.7795705795288086
vt 0.06962132453918457 0.7949020862579346
vt 0.08582329750061035 0.7883936315774918
vt 0.036260586231946945 0.7812548577785492
vt 0.06111873313784599 0.79803866147995
vt 0.05380020663142204 0.7915509641170502
vt 0.07710790634155273 0.7990996837615967
vt 0.0878133475780487 0.8017304241657257
vt 0.04516681656241417 0.7865143418312073
vt 0.03537740930914879 0.775261789560318
vt 0.06962873041629791 0.8059583157300949
vt 0.04535732790827751 0.7903630435466766
vt 0.037210699170827866 0.7886697351932526
vt 0.034362804144620895 0.7700960338115692
vt 0.02738797292113304 0.7838675677776337
vt 0.06119242683053017 0.8051144182682037
vt 0.04409019276499748 0.798958420753479
vt 0.0766201913356781 0.8059871643781662
vt 0.025104712694883347 0.7793982923030853
vt 0.0622035376727581 0.8160726428031921
vt 0.05353673920035362 0.8099669516086578
vt 0.036107223480939865 0.7969088554382324
vt 0.07665635645389557 0.8181088864803314
vt 0.08425554633140564 0.8139808177947998
vt 0.024522583931684494 0.7919840216636658
vt 0.06894281506538391 0.8161876946687698
vt 0.03717214986681938 0.8061701953411102
vt 0.04579776152968407 0.810169905424118
vt 0.016537126153707504 0.7876540422439575
vt 0.053664546459913254 0.8174068480730057
vt 0.06137784942984581 0.824640080332756
vt 0.028581198304891586 0.8027647435665131
vt 0.04567435011267662 0.8164603263139725
vt 0.06889913976192474 0.8250710666179657
vt 0.07964496314525604 0.8231961280107498
vt 0.017693232744932175 0.799459308385849
vt 0.054966721683740616 0.8227963894605637
vt 0.02737456187605858 0.8093277812004089
vt 0.09146180748939514 0.8211221694946289
vt 0.06917035579681396 0.8320630788803101
vt 0.06162596866488457 0.8312796950340271
vt 0.01773976907134056 0.8110707104206085
vt 0.05163637921214104 0.8214849531650543
vt 0.08086052536964417 0.830073744058609
vt 0.09330585598945618 0.8283914029598236
vt 0.05752672627568245 0.8285671919584274
vt 0.027259286493062973 0.813252717256546
vt 0.01883506402373314 0.8189667463302612
vt 0.010209616273641586 0.8063261359930038
vt 0.07160219550132751 0.8405881077051163
vt 0.0614897646009922 0.836570680141449
vt 0.05319194868206978 0.8366206139326096
vt 0.009611304849386215 0.8200869560241699
vt 0.09280374646186829 0.8378068506717682
vt 0.010303165763616562 0.8119785785675049
vt 0.0692082941532135 0.8370972722768784
vt 0.02661352977156639 0.8179990947246552
vt 0.017630871385335922 0.82722507417202
vt 0.0008362941443920135 0.81041419506073
vt 0.0919264405965805 0.8467785567045212
vt 0.06155328080058098 0.8415877521038055
vt 0.04589187726378441 0.8388049453496933
vt 0.02720455452799797 0.8244284391403198
vt 0.00923895463347435 0.8288836628198624
vt 0.07137516140937805 0.8478257954120636
vt 0.05395479127764702 0.8422976583242416
vt 0.037912946194410324 0.8385090082883835
vt 0.03499814495444298 0.8367664813995361
vt 0.026007380336523056 0.8333586007356644
vt 0.018159817904233932 0.8326960504055023
vt 0.07849729061126709 0.8556720614433289
vt 0.06166094169020653 0.8494185507297516
vt 0.04619331285357475 0.8423198461532593
vt 0.05397740378975868 0.8500612378120422
vt 0.03506631776690483 0.8346023410558701
vt 0.03408972546458244 0.8231472373008728
vt 0.034071069210767746 0.8300391435623169
vt 0.043419983237981796 0.8508648425340652
vt 0.043448980897665024 0.8298423290252686
vt 0.06179489567875862 0.8569153845310211
vt 0.05395050719380379 0.8577250242233276
vt 0.05842651054263115 0.8640921115875244
vt 0.07118475437164307 0.864448755979538
vt 0.045433443039655685 0.866171345114708
vt 0.949313759803772 0.8212682157754898
vt 0.9398685097694397 0.8164919763803482
vt 0.9407548308372498 0.829316720366478
vt 0.9491226673126221 0.8151232749223709
vt 0.9503188729286194 0.8332764357328415
vt 0.952995777130127 0.8172205686569214
vt 0.9406534433364868 0.8068008720874786
vt 0.9480595588684082 0.805359810590744
vt 0.9289503693580627 0.8074755966663361
vt 0.9514645934104919 0.8066757172346115
vt 0.9355658292770386 0.7954110950231552
vt 0.9279192686080933 0.8022416532039642
vt 0.9261467456817627 0.7959764897823334
vt 0.9475701451301575 0.7955063581466675
vt 0.7012385129928589 0.6141143441200256
vt 0.6985704898834229 0.6056515276432037
vt 0.6903828382492065 0.6057166755199432
vt 0.7120948433876038 0.6173636615276337
vt 0.6931792497634888 0.5935553014278412
vt 0.694929301738739 0.6139830052852631
vt 0.7164778113365173 0.6301802694797516
vt 0.708607017993927 0.6044324040412903
vt 0.6738488674163818 0.5969988405704498
vt 0.7095856666564941 0.6271007359027863
vt 0.6781781315803528 0.6074734032154083
vt 0.7303345799446106 0.6138705611228943
vt 0.7212991118431091 0.6015708744525909
vt 0.7065712809562683 0.5816934406757355
vt 0.6729652881622314 0.5762190222740173
vt 0.7067734003067017 0.6271348297595978
vt 0.685373067855835 0.6127158403396606
vt 0.7272396087646484 0.6309458315372467
vt 0.7316111326217651 0.655164510011673
vt 0.6927776336669922 0.5816875398159027
vt 0.6808785200119019 0.5730673372745514
vt 0.6618833541870117 0.5581320822238922
vt 0.6703553795814514 0.6086333692073822
vt 0.7167508602142334 0.6431072652339935
vt 0.6968834400177002 0.6211195290088654
vt 0.7213125228881836 0.5806315541267395
vt 0.7308552861213684 0.6453627943992615
vt 0.7418277263641357 0.6280792355537415
vt 0.6931985020637512 0.5625936686992645
vt 0.6796070337295532 0.5619131028652191
vt 0.6703052520751953 0.5653844177722931
vt 0.6574922800064087 0.57960444688797
vt 0.6619603633880615 0.5998831689357758
vt 0.7060278654098511 0.6408316493034363
vt 0.7043212056159973 0.6318102180957794
vt 0.6897120475769043 0.6221556067466736
vt 0.6794473528862 0.6167681813240051
vt 0.7182813286781311 0.5623657405376434
vt 0.701222836971283 0.5570944845676422
vt 0.6681793928146362 0.5550578236579895
vt 0.6526327729225159 0.5450490117073059
vt 0.6620677709579468 0.6094526052474976
vt 0.7152096629142761 0.6484046280384064
vt 0.6656883955001831 0.6190538108348846
vt 0.7518662810325623 0.6429149210453033
vt 0.6825243830680847 0.5500989854335785
vt 0.6680694222450256 0.5446831583976746
vt 0.6543986797332764 0.5907363593578339
vt 0.6464794278144836 0.5402729213237762
vt 0.6593213677406311 0.5487048923969269
vt 0.6874377727508545 0.5395119488239288
vt 0.6762763857841492 0.5422212183475494
vt 0.6528028845787048 0.5808545351028442
vt 0.6499016284942627 0.5338949263095856
vt 0.6469225287437439 0.5666726529598236
vt 0.6580555438995361 0.5390625
vt 0.648904025554657 0.6030591726303101
vt 0.6551406979560852 0.61107537150383
vt 0.6687238216400146 0.5313080251216888
vt 0.6490694880485535 0.584539145231247
vt 0.6489794254302979 0.5249224901199341
vt 0.6581841111183167 0.5295101702213287
vt 0.6445963978767395 0.5583578050136566
vt 0.6504251956939697 0.5931752622127533
vt 0.6449722051620483 0.5767976343631744
vt 0.6442198157310486 0.585856169462204
vt 0.6458843350410461 0.5259245336055756
vt 0.6369671821594238 0.5611017346382141
vt 0.643104612827301 0.5418267548084259
vt 0.6451783776283264 0.5944184064865112
vt 0.6616104245185852 0.5208560228347778
vt 0.6341676712036133 0.5704325139522552
vt 0.6497443318367004 0.5160695016384125
vt 0.6344056725502014 0.5656219124794006
vt 0.6391944289207458 0.5497723817825317
vt 0.6393579840660095 0.58818319439888
vt 0.6400029063224792 0.6053228080272675
vt 0.6558512449264526 0.5040269196033478
vt 0.6357338428497314 0.5791852474212646
vt 0.6456112861633301 0.5082039535045624
vt 0.6527820825576782 0.5137188136577606
vt 0.6256082057952881 0.5478492975234985
vt 0.6315797567367554 0.5903815627098083
vt 0.6409345269203186 0.6147621273994446
vt 0.636866569519043 0.5963469445705414
vt 0.6283565163612366 0.5804659426212311
vt 0.6241503953933716 0.5637724995613098
vt 0.6297151446342468 0.6077871322631836
vt 0.6491804122924805 0.49660682678222656
vt 0.6200522780418396 0.5821222960948944
vt 0.6200971007347107 0.5723922550678253
vt 0.6259056329727173 0.5989480912685394
vt 0.6318069696426392 0.6171272695064545
vt 0.6204182505607605 0.5906593203544617
vt 0.6214283108711243 0.5991222560405731
vt 0.6259133815765381 0.6086149513721466
vt 0.6045737266540527 0.5766284763813019
vt 0.6105697154998779 0.5834081470966339
vt 0.6220864057540894 0.6093081533908844
vt 0.6291650533676147 0.6266943216323853
vt 0.6042796969413757 0.5630308091640472
vt 0.6130620837211609 0.5936044752597809
vt 0.620238184928894 0.611793577671051
vt 0.6263718008995056 0.6330581903457642
vt 0.6008451581001282 0.5867643356323242
vt 0.5958883762359619 0.5683980584144592
vt 0.6180806756019592 0.6012241244316101
vt 0.6090068817138672 0.5911930501461029
vt 0.6286536455154419 0.6467027068138123
vt 0.5996112823486328 0.5776109397411346
vt 0.5926782488822937 0.5634075701236725
vt 0.6154295206069946 0.6020070612430573
vt 0.6071944832801819 0.5981529057025909
vt 0.6226027607917786 0.6340675354003906
vt 0.6185312271118164 0.60935178399086
vt 0.6245076656341553 0.6451188921928406
vt 0.6006286144256592 0.5918833017349243
vt 0.591171383857727 0.5787751376628876
vt 0.5867276191711426 0.5685635507106781
vt 0.600685715675354 0.5979354679584503
vt 0.5925465822219849 0.5954526960849762
vt 0.5928401947021484 0.5879190564155579
vt 0.5883051156997681 0.57107213139534
vt 0.5727230310440063 0.567441314458847
vt 0.615511417388916 0.6096724569797516
vt 0.6110470294952393 0.6031792163848877
vt 0.6016591787338257 0.6053972840309143
vt 0.6195726990699768 0.6481200754642487
vt 0.5801886320114136 0.5818357765674591
vt 0.5788235664367676 0.5737546682357788
vt 0.6169947385787964 0.6441973745822906
vt 0.6213676929473877 0.654127687215805
vt 0.6182194948196411 0.6262746155261993
vt 0.5821532607078552 0.5912340879440308
vt 0.575029194355011 0.5758055150508881
vt 0.6104407906532288 0.6113498210906982
vt 0.5868245959281921 0.6090760827064514
vt 0.6167150139808655 0.6586753726005554
vt 0.6119774580001831 0.6189562678337097
vt 0.5771549940109253 0.5840283632278442
vt 0.5642818808555603 0.5723007023334503
vt 0.6049071550369263 0.6126303672790527
vt 0.5971478223800659 0.614527702331543
vt 0.6097044348716736 0.6277915835380554
vt 0.6121535897254944 0.6544544100761414
vt 0.5737041234970093 0.5803805291652679
vt 0.5766410827636719 0.585591584444046
vt 0.5816066265106201 0.615991085767746
vt 0.5799731612205505 0.6107113659381866
vt 0.6075107455253601 0.6413421928882599
vt 0.606810450553894 0.620106428861618
vt 0.5992951393127441 0.6220733225345612
vt 0.5857529640197754 0.6242971122264862
vt 0.5779581069946289 0.6005716025829315
vt 0.5981990694999695 0.6304775178432465
vt 0.5701077580451965 0.6065478026866913
vt 0.5754094123840332 0.5897012054920197
vt 0.5751672387123108 0.5861935317516327
vt 0.5674137473106384 0.5840869843959808
vt 0.5728037357330322 0.5820432007312775
vt 0.18575114011764526 0.6669677495956421
vt 0.198512464761734 0.6616164445877075
vt 0.19746828079223633 0.6594712138175964
vt 0.19684043526649475 0.6727715730667114
vt 0.20489102602005005 0.6547417044639587
vt 0.196211040019989 0.6563284993171692
vt 0.19410747289657593 0.6735647916793823
vt 0.21055880188941956 0.6661992073059082
vt 0.19840988516807556 0.6448133587837219
vt 0.18333280086517334 0.6632983684539795
vt 0.18679401278495789 0.6775199174880981
vt 0.18368396162986755 0.6431645750999451
vt 0.20242348313331604 0.651549756526947
vt 0.1826513111591339 0.6563735008239746
vt 0.17543509602546692 0.6648356914520264
vt 0.1918867528438568 0.6835258603096008
vt 0.1742546260356903 0.6576066613197327
vt 0.5847752690315247 0.5538172423839569
vt 0.5780161023139954 0.5586901605129242
vt 0.596882164478302 0.5530177354812622
vt 0.5734139084815979 0.5540617108345032
vt 0.5860242247581482 0.5476452708244324
vt 0.5585742592811584 0.5599416494369507
vt 0.5810229182243347 0.5494771301746368
vt 0.5597829818725586 0.5630001723766327
vt 0.5862312912940979 0.5290041863918304
vt 0.6085354089736938 0.5558409690856934
vt 0.5566301345825195 0.556124210357666
vt 0.5705514550209045 0.5524791479110718
vt 0.6015309691429138 0.5369675755500793
vt 0.5828948616981506 0.5407168567180634
vt 0.5493339896202087 0.5574171543121338
vt 0.5524021983146667 0.5664179921150208
vt 0.578408420085907 0.5473309755325317
vt 0.596695601940155 0.5267791450023651
vt 0.5774065256118774 0.533170223236084
vt 0.6099715828895569 0.5349250733852386
vt 0.5675725340843201 0.545799046754837
vt 0.5481522083282471 0.5498168170452118
vt 0.5775139331817627 0.5431222021579742
vt 0.5555451512336731 0.572953075170517
vt 0.5937822461128235 0.5185382068157196
vt 0.617534339427948 0.5550390183925629
vt 0.5542116165161133 0.5491043031215668
vt 0.5423468351364136 0.557156890630722
vt 0.5446845293045044 0.5498280227184296
vt 0.5509572625160217 0.5738345682621002
vt 0.6140016913414001 0.5231392681598663
vt 0.6111800670623779 0.5145721137523651
vt 0.5767194032669067 0.539697140455246
vt 0.5532987713813782 0.5429250299930573
vt 0.5436376929283142 0.5664850771427155
vt 0.5453564524650574 0.5409984290599823
vt 0.5570520162582397 0.5762185752391815
vt 0.596772313117981 0.5112898647785187
vt 0.569176971912384 0.5383894741535187
vt 0.5350726842880249 0.5642710626125336
vt 0.5396287441253662 0.5503920018672943
vt 0.5531945824623108 0.5399579405784607
vt 0.5468571186065674 0.5763815343379974
vt 0.631798505783081 0.5323526859283447
vt 0.6215649843215942 0.5106708705425262
vt 0.6115688681602478 0.5047882199287415
vt 0.5704390406608582 0.533652275800705
vt 0.531587541103363 0.5527103841304779
vt 0.5351460576057434 0.5427869260311127
vt 0.5563722848892212 0.5263353884220123
vt 0.6290208101272583 0.5452073812484741
vt 0.6235778331756592 0.5194611251354218
vt 0.613886296749115 0.49725592136383057
vt 0.5060080289840698 0.558609813451767
vt 0.5426866412162781 0.5945920050144196
vt 0.5448373556137085 0.5309207141399384
vt 0.6389144659042358 0.5401366055011749
vt 0.6279901266098022 0.5104592740535736
vt 0.6234655380249023 0.4994581937789917
vt 0.609573483467102 0.4930722713470459
vt 0.5046594738960266 0.5501455664634705
vt 0.5090028047561646 0.5714611709117889
vt 0.6360429525375366 0.5212667882442474
vt 0.6278403401374817 0.49422401189804077
vt 0.4894295930862427 0.5623321533203125
vt 0.49074414372444153 0.5761490166187286
vt 0.5027384161949158 0.5971145629882812
vt 0.6324759721755981 0.5038359463214874
vt 0.6175358295440674 0.4850468039512634
vt 0.5266687870025635 0.6289518475532532
vt 0.6417392492294312 0.520092636346817
vt 0.6397013068199158 0.5091052353382111
vt 0.6369583010673523 0.4895256757736206
vt 0.45982182025909424 0.5694414973258972
vt 0.44131362438201904 0.5952368676662445
vt 0.5024953484535217 0.6202870607376099
vt 0.46432727575302124 0.6295834481716156
vt 0.47731736302375793 0.6487348675727844
vt 0.43800678849220276 0.6312292218208313
vt 0.5094091296195984 0.651578962802887
vt 0.4391877353191376 0.6650917530059814
vt 0.2093307077884674 0.6582240462303162
vt 0.2135733664035797 0.6644424200057983
vt 0.3150683641433716 0.37959057092666626
vt 0.30921614170074463 0.38047194480895996
vt 0.3092625141143799 0.384080171585083
vt 0.3142932653427124 0.3758684992790222
vt 0.3030797243118286 0.3833739757537842
vt 0.31464558839797974 0.382931113243103
vt 0.31903475522994995 0.3786160945892334
vt 0.3082159757614136 0.37531137466430664
vt 0.29825639724731445 0.3817250728607178
vt 0.3010312020778656 0.3873467445373535
vt 0.31319794058799744 0.38617420196533203
vt 0.31741371750831604 0.3703283667564392
vt 0.30847251415252686 0.36935263872146606
vt 0.3026805520057678 0.3762460947036743
vt 0.2977558970451355 0.38537150621414185
vt 0.29735296964645386 0.37837404012680054
vt 0.30003464221954346 0.392997145652771
vt 0.3085707128047943 0.3899746537208557
vt 0.3239744305610657 0.37761759757995605
vt 0.2943354845046997 0.3820834159851074
vt 0.2963758707046509 0.3879174590110779
vt 0.2946907877922058 0.393984317779541
vt 0.32202595472335815 0.3856084942817688
vt 0.3219742178916931 0.37066125869750977
vt 0.3051850199699402 0.36461877822875977
vt 0.29895728826522827 0.3706246614456177
vt 0.29326391220092773 0.3748689293861389
vt 0.28888440132141113 0.3817785382270813
vt 0.2982974648475647 0.40111732482910156
vt 0.3151918351650238 0.39376556873321533
vt 0.33152928948402405 0.3764914870262146
vt 0.31917333602905273 0.3640909194946289
vt 0.31262925267219543 0.36312443017959595
vt 0.2895301580429077 0.38839101791381836
vt 0.2929655909538269 0.40087127685546875
vt 0.32534027099609375 0.39665961265563965
vt 0.33319681882858276 0.3834226131439209
vt 0.32852768898010254 0.36807018518447876
vt 0.29397279024124146 0.3641769289970398
vt 0.2865523397922516 0.36532992124557495
vt 0.2859655022621155 0.375249981880188
vt 0.2859789729118347 0.39462465047836304
vt 0.30182963609695435 0.4074772596359253
vt 0.2915838956832886 0.40351080894470215
vt 0.3143981993198395 0.40813273191452026
vt 0.3566708266735077 0.3811836242675781
vt 0.3459360599517822 0.3649844527244568
vt 0.31412333250045776 0.34466415643692017
vt 0.3223634660243988 0.3605468273162842
vt 0.30088526010513306 0.3449304699897766
vt 0.2832484245300293 0.3774285316467285
vt 0.2774927020072937 0.382868230342865
vt 0.2964446246623993 0.40753173828125
vt 0.28843429684638977 0.40158581733703613
vt 0.33692222833633423 0.402151882648468
vt 0.3203706443309784 0.41354721784591675
vt 0.35488635301589966 0.37338346242904663
vt 0.3285715878009796 0.35437625646591187
vt 0.2874525189399719 0.3576900362968445
vt 0.282947301864624 0.3678938150405884
vt 0.27586495876312256 0.3945668339729309
vt 0.3095969557762146 0.42008018493652344
vt 0.2882997691631317 0.41417914628982544
vt 0.2821548581123352 0.40059924125671387
vt 0.3882218301296234 0.36924248933792114
vt 0.361030250787735 0.3634257912635803
vt 0.2982102334499359 0.34038400650024414
vt 0.2786298096179962 0.3596976399421692
vt 0.28006163239479065 0.35253220796585083
vt 0.27641892433166504 0.3686227798461914
vt 0.27379110455513 0.37713783979415894
vt 0.2625826895236969 0.3689236044883728
vt 0.2966158986091614 0.4167368412017822
vt 0.2787061631679535 0.4139293432235718
vt 0.3304082751274109 0.43194979429244995
vt 0.3147495985031128 0.4280173182487488
vt 0.25865504145622253 0.3874712586402893
vt 0.2981972098350525 0.4372606873512268
vt 0.28549134731292725 0.42350322008132935
vt 0.26225966215133667 0.33168941736221313
vt 0.27136605978012085 0.35352033376693726
vt 0.2720915675163269 0.36707210540771484
vt 0.2677733302116394 0.3663146495819092
vt 0.27565890550613403 0.42836469411849976
vt 0.2523786723613739 0.37347447872161865
vt 0.25973716378211975 0.41641896963119507
vt 0.2838646471500397 0.43614739179611206
vt 0.2818728983402252 0.42222291231155396
vt 0.32760679721832275 0.45909494161605835
vt 0.28504616022109985 0.4544815421104431
vt 0.26009371876716614 0.34242314100265503
vt 0.26925450563430786 0.3585444688796997
vt 0.26307228207588196 0.3578770160675049
vt 0.2707037329673767 0.4277757406234741
vt 0.2514125108718872 0.35915762186050415
vt 0.24873395264148712 0.3916356563568115
vt 0.2494189292192459 0.4073943495750427
vt 0.2893548905849457 0.4385169744491577
vt 0.31073153018951416 0.4634731411933899
vt 0.24774599075317383 0.3184952139854431
vt 0.2582584023475647 0.3487508296966553
vt 0.2522496283054352 0.34767383337020874
vt 0.27568262815475464 0.4371710419654846
vt 0.20844097435474396 0.34051233530044556
vt 0.22085992991924286 0.3913111686706543
vt 0.27086585760116577 0.43869251012802124
vt 0.2228451371192932 0.4336010813713074
vt 0.2815227508544922 0.4435635805130005
vt 0.3219480812549591 0.4704751968383789
vt 0.2772657871246338 0.4528541564941406
vt 0.29049164056777954 0.4714013338088989
vt 0.2480120211839676 0.3298630118370056
vt 0.24665938317775726 0.34590232372283936
vt 0.23944446444511414 0.3352000117301941
vt 0.20237378776073456 0.37847650051116943
vt 0.2627317011356354 0.4456639289855957
vt 0.23034052550792694 0.4146488904953003
vt 0.24198956787586212 0.4643818140029907
vt 0.3736751079559326 0.4838278889656067
vt 0.3068189322948456 0.47977733612060547
vt 0.27803102135658264 0.4591354727745056
vt 0.2813031077384949 0.4738774299621582
vt 0.2343245893716812 0.31799620389938354
vt 0.24670358002185822 0.3372650742530823
vt 0.2722528874874115 0.44387000799179077
vt 0.21911290287971497 0.3188573122024536
vt 0.1937912553548813 0.3182608485221863
vt 0.2093755453824997 0.40539872646331787
vt 0.2679436206817627 0.4467148780822754
vt 0.2515577971935272 0.4473896622657776
vt 0.21073119342327118 0.4226070046424866
vt 0.21620295941829681 0.4847518801689148
vt 0.3374192714691162 0.48737114667892456
vt 0.2677137851715088 0.45980316400527954
vt 0.2329108566045761 0.32415276765823364
vt 0.16594450175762177 0.33502697944641113
vt 0.18972696363925934 0.39761483669281006
vt 0.26371127367019653 0.45856887102127075
vt 0.2553377151489258 0.4620974659919739
vt 0.20946647226810455 0.4385741949081421
vt 0.19734761118888855 0.4871993660926819
vt 0.23685325682163239 0.48430484533309937
vt 0.24759434163570404 0.45840317010879517
vt 0.27613258361816406 0.4691305160522461
vt 0.1864844411611557 0.37151235342025757
vt 0.19045312702655792 0.4085652232170105
vt 0.19250905513763428 0.38686656951904297
vt 0.19063083827495575 0.431312620639801
vt 0.20759883522987366 0.4523923993110657
vt 0.22915329039096832 0.49840646982192993
vt 0.2427123636007309 0.49266892671585083
vt 0.24963746964931488 0.47218841314315796
vt 0.270142138004303 0.469076931476593
vt 0.27415961027145386 0.4765703082084656
vt 0.1727312207221985 0.3578493595123291
vt 0.174390509724617 0.4102391004562378
vt 0.1744810789823532 0.3802415132522583
vt 0.26402488350868225 0.47145789861679077
vt 0.25548499822616577 0.47350549697875977
vt 0.18117474019527435 0.44627654552459717
vt 0.178852379322052 0.46438711881637573
vt 0.2700912654399872 0.48781609535217285
vt 0.15907876193523407 0.3921048045158386
vt 0.2608296871185303 0.4721416234970093
vt 0.1641380935907364 0.4361885190010071
vt 0.25043725967407227 0.4850728511810303
vt 0.26505324244499207 0.4788395166397095
vt 0.15677224099636078 0.40771591663360596
vt 0.17497210204601288 0.42243123054504395
vt 0.2593015134334564 0.4815889000892639
vt 0.1682855635881424 0.4538070559501648
vt 0.1606297791004181 0.42367613315582275
vt 0.15678440034389496 0.43806082010269165
vt 0.1534547358751297 0.2733749747276306
vt 0.170480877161026 0.26828211545944214
vt 0.16609467566013336 0.26133179664611816
vt 0.16890965402126312 0.27630776166915894
vt 0.18162496387958527 0.2703090310096741
vt 0.14111880958080292 0.28206074237823486
vt 0.18992941081523895 0.2650694251060486
vt 0.17863990366458893 0.28018736839294434
vt 0.16829913854599 0.28843873739242554
vt 0.18894366919994354 0.28159505128860474
vt 0.1966681331396103 0.2854169011116028
vt 0.18671615421772003 0.2922787070274353
vt 0.21069586277008057 0.28645235300064087
vt 0.148842915892601 0.32615745067596436
vt 0.2052832692861557 0.2940319776535034
vt 0.2224632054567337 0.27444714307785034
vt 0.2020111232995987 0.29791706800460815
vt 0.2270575314760208 0.3051271438598633
vt 0.23844416439533234 0.297340452671051
vt 0.2022012174129486 0.30602818727493286
vt 0.2118929922580719 0.2994641065597534
vt 0.21047870814800262 0.3086232542991638
vt 0.22123990952968597 0.31085389852523804
vt 0.11906708031892776 0.31885188817977905
vt 0.11886134743690491 0.29928046464920044
vt 0.10268986225128174 0.3156145215034485
vt 0.10529303550720215 0.30713337659835815
vt 0.09641829133033752 0.32669854164123535
vt 0.11838284134864807 0.32858890295028687
vt 0.12838903069496155 0.2949482798576355
vt 0.09557676315307617 0.30548661947250366
vt 0.11410079896450043 0.29321056604385376
vt 0.09276410192251205 0.31261223554611206
vt 0.14011746644973755 0.33295542001724243
vt 0.12195788323879242 0.2875174880027771
vt 0.08207095414400101 0.3219549059867859
vt 0.09848792850971222 0.3390210270881653
vt 0.15042217075824738 0.3453117609024048
vt 0.1369744837284088 0.34753209352493286
vt 0.13034330308437347 0.2833392024040222
vt 0.13846386969089508 0.29201680421829224
vt 0.096061110496521 0.2969319820404053
vt 0.08370991051197052 0.3078539967536926
vt 0.11946502327919006 0.28005093336105347
vt 0.08556199073791504 0.33454012870788574
vt 0.11593000590801239 0.3405436873435974
vt 0.08287186920642853 0.34876322746276855
vt 0.07169859856367111 0.3049784302711487
vt 0.11346922814846039 0.35457301139831543
vt 0.16154247522354126 0.3470001816749573
vt 0.13980694115161896 0.36061686277389526
vt 0.13269376754760742 0.2700675129890442
vt 0.09590767323970795 0.28338509798049927
vt 0.08316633105278015 0.2957671284675598
vt 0.06280035525560379 0.35049968957901
vt 0.0716179609298706 0.2986052632331848
vt 0.06860377639532089 0.31724345684051514
vt 0.10775840282440186 0.36581867933273315
vt 0.16148367524147034 0.3562098741531372
vt 0.13399074971675873 0.3599558472633362
vt 0.14806346595287323 0.3530060648918152
vt 0.1460854411125183 0.23567646741867065
vt 0.1337437927722931 0.27730655670166016
vt 0.09611129015684128 0.27141785621643066
vt 0.06384781748056412 0.3361787796020508
vt 0.050569672137498856 0.3605799674987793
vt 0.06562524288892746 0.3011873960494995
vt 0.06516771763563156 0.305671751499176
vt 0.12055505812168121 0.3689984083175659
vt 0.07234364748001099 0.3673627972602844
vt 0.13855260610580444 0.36740416288375854
vt 0.1458580046892166 0.260833740234375
vt 0.13973036408424377 0.2731057405471802
vt 0.08199214190244675 0.28794199228286743
vt 0.06904630362987518 0.28852206468582153
vt 0.045614030212163925 0.35067611932754517
vt 0.06520195305347443 0.2921350598335266
vt 0.05459374561905861 0.3064080476760864
vt 0.05680590495467186 0.3269326686859131
vt 0.11777061223983765 0.38020074367523193
vt 0.10318858921527863 0.37699276208877563
vt 0.14877723157405853 0.3626136779785156
vt 0.13185684382915497 0.36893534660339355
vt 0.14467845857143402 0.26917213201522827
vt 0.09617286920547485 0.2366100549697876
vt 0.14288274943828583 0.27580738067626953
vt 0.04628193750977516 0.3399772644042969
vt 0.03303086385130882 0.36825084686279297
vt 0.052470434457063675 0.37615758180618286
vt 0.05571403726935387 0.31604671478271484
vt 0.12954460084438324 0.3791559338569641
vt 0.07823559641838074 0.38166481256484985
vt 0.14576579630374908 0.3782896399497986
vt 0.15268392860889435 0.2683134078979492
vt 0.0959644764661789 0.2072504758834839
vt 0.08009026944637299 0.2567102909088135
vt 0.0681300163269043 0.27522265911102295
vt 0.063194639980793 0.2774224877357483
vt 0.03666461631655693 0.3455565571784973
vt 0.030293013900518417 0.3552243709564209
vt 0.06539653241634369 0.3802386522293091
vt 0.04354691132903099 0.3131003975868225
vt 0.04086112603545189 0.3224605917930603
vt 0.11592699587345123 0.38728487491607666
vt 0.10305675864219666 0.3885597586631775
vt 0.1319805234670639 0.37846916913986206
vt 0.15180645883083344 0.2723773121833801
vt 0.08179216086864471 0.21999531984329224
vt 0.0777428150177002 0.23930257558822632
vt 0.032540809363126755 0.3308214545249939
vt 0.023157503455877304 0.3664148449897766
vt 0.04018734022974968 0.3035966157913208
vt 0.12831266224384308 0.39426201581954956
vt 0.1432538479566574 0.3903777599334717
vt 0.08196327090263367 0.16657620668411255
vt 0.06393185257911682 0.2393171191215515
vt 0.06495223939418793 0.2553900480270386
vt 0.01191098615527153 0.3482789397239685
vt 0.009601663798093796 0.35941529273986816
vt 0.02890850231051445 0.3181876540184021
vt 0.11486842483282089 0.39158159494400024
vt 0.056286703795194626 0.20946532487869263
vt 0.14182819426059723 0.3972424864768982
vt 0.06514360010623932 0.14920300245285034
vt 0.05749674513936043 0.23064476251602173
vt 0.8896220922470093 0.18491488695144653
vt 0.8697947263717651 0.18563657999038696
vt 0.8905836343765259 0.19555723667144775
vt 0.8830995559692383 0.19859862327575684
vt 0.9024088382720947 0.1991479992866516
vt 0.8659330606460571 0.19499695301055908
vt 0.8993659615516663 0.20461279153823853
vt 0.9127340316772461 0.20103716850280762
vt 0.8678610920906067 0.20683681964874268
vt 0.8863936066627502 0.2083454132080078
vt 0.909595251083374 0.20676016807556152
vt 0.9219082593917847 0.1951909065246582
vt 0.8524602055549622 0.20028448104858398
vt 0.8776119351387024 0.20940136909484863
vt 0.8940145373344421 0.2084926962852478
vt 0.9178705215454102 0.2105315923690796
vt 0.9313272833824158 0.21198880672454834
vt 0.8666198253631592 0.21247994899749756
vt 0.8763416409492493 0.2153450846672058
vt 0.9102614521980286 0.21355342864990234
vt 0.8920337557792664 0.21555721759796143
vt 0.9411242008209229 0.2039812207221985
vt 0.855692982673645 0.2111063003540039
vt 0.88406902551651 0.22008323669433594
vt 0.9208617806434631 0.21518903970718384
vt 0.9401615262031555 0.21414899826049805
vt 0.8453534245491028 0.20755594968795776
vt 0.8552462458610535 0.2257481813430786
vt 0.8712067604064941 0.2283385992050171
vt 0.9100772142410278 0.2208172082901001
vt 0.9002546072006226 0.22729671001434326
vt 0.9513094425201416 0.2051163911819458
vt 0.8348727226257324 0.20276373624801636
vt 0.8445910215377808 0.220863938331604
vt 0.879811704158783 0.24438542127609253
vt 0.9220534563064575 0.22815150022506714
vt 0.9323974251747131 0.2183440923690796
vt 0.9469262957572937 0.21567285060882568
vt 0.8348196148872375 0.2110898494720459
vt 0.8410853147506714 0.2415637969970703
vt 0.8576960563659668 0.2613586187362671
vt 0.9106777906417847 0.22855323553085327
vt 0.9020225405693054 0.24388259649276733
vt 0.9400171041488647 0.2216396927833557
vt 0.9584588408470154 0.21158355474472046
vt 0.8696897625923157 0.2825670838356018
vt 0.9222494959831238 0.237720787525177
vt 0.9297100901603699 0.22938549518585205
vt 0.9524037837982178 0.2191563844680786
vt 0.9633081555366516 0.19767123460769653
vt 0.8475032448768616 0.27743351459503174
vt 0.8534515500068665 0.29488712549209595
vt 0.9059032797813416 0.27819889783859253
vt 0.9300734996795654 0.23990309238433838
vt 0.9356534481048584 0.2310526967048645
vt 0.9523406624794006 0.22281897068023682
vt 0.9571616649627686 0.2276884913444519
vt 0.9655635952949524 0.20359677076339722
vt 0.8295854330062866 0.2545524835586548
vt 0.8587221503257751 0.3056755065917969
vt 0.9115837216377258 0.2977856993675232
vt 0.9268638491630554 0.27509379386901855
vt 0.9364698529243469 0.2464524507522583
vt 0.9479158520698547 0.22713851928710938
vt 0.9684247970581055 0.21029329299926758
vt 0.9840056300163269 0.1925012469291687
vt 0.8186032176017761 0.2440718412399292
vt 0.8283909559249878 0.2935384511947632
vt 0.8422352075576782 0.3085209131240845
vt 0.8809303045272827 0.31256377696990967
vt 0.9347596764564514 0.26059460639953613
vt 0.9461539387702942 0.23883241415023804
vt 0.9554129242897034 0.23962515592575073
vt 0.967096745967865 0.2257111668586731
vt 0.9790821075439453 0.20170187950134277
vt 0.824968695640564 0.26119357347488403
vt 0.8492853045463562 0.33065468072891235
vt 0.9262170195579529 0.30249089002609253
vt 0.9364817142486572 0.27194201946258545
vt 0.9440348148345947 0.2541677951812744
vt 0.9743322134017944 0.2167171835899353
vt 0.9929413795471191 0.19527703523635864
vt 0.8141663074493408 0.2598605751991272
vt 0.8262978196144104 0.30929267406463623
vt 0.8178367614746094 0.2776152491569519
vt 0.9454845190048218 0.2593112587928772
vt 0.9498103857040405 0.24617743492126465
vt 0.9669313430786133 0.24673902988433838
vt 0.970579206943512 0.23190271854400635
vt 0.9846097230911255 0.208637535572052
vt 0.9365004897117615 0.29247725009918213
vt 0.9483862519264221 0.26706165075302124
vt 0.9540985226631165 0.25380444526672363
vt 0.9806570410728455 0.22447669506072998
vt 0.9913564920425415 0.21336334943771362
vt 0.9443286657333374 0.2787816524505615
vt 0.9765639305114746 0.24004673957824707
vt 0.9641563296318054 0.26189398765563965
vt 0.9881004095077515 0.23352468013763428
vt 0.9899739027023315 0.22158747911453247
vt 0.947891116142273 0.2870747447013855
vt 0.9544191956520081 0.27976810932159424
vt 0.9840666055679321 0.24933981895446777
vt 0.971845805644989 0.2552616596221924
vt 0.961534857749939 0.2766435146331787
vt 0.9810276627540588 0.26493942737579346
vt 0.9682061672210693 0.2705482840538025
vt 0.9585849642753601 0.2910762429237366
vt 0.9786745309829712 0.281432569026947
vt 0.9657169580459595 0.2857910394668579
vt 0.8562591671943665 0.4878396987915039
vt 0.857713520526886 0.4823075532913208
vt 0.8449992537498474 0.4816526770591736
vt 0.8811125159263611 0.4804004430770874
vt 0.845538854598999 0.4744111895561218
vt 0.8366676568984985 0.4827849864959717
vt 0.8788208961486816 0.47267675399780273
vt 0.8769763708114624 0.49123072624206543
vt 0.8394631743431091 0.47692787647247314
vt 0.8565462231636047 0.46568918228149414
vt 0.892382025718689 0.474922776222229
vt 0.8702089786529541 0.45124882459640503
vt 0.8468369245529175 0.4674673080444336
vt 0.8949785232543945 0.46737176179885864
vt 0.8865427374839783 0.451543390750885
vt 0.8903425335884094 0.48655807971954346
vt 0.839581310749054 0.46998167037963867
vt 0.898784875869751 0.44515788555145264
vt 0.899224579334259 0.4717179536819458
vt 0.8867535591125488 0.40949952602386475
vt 0.8972008228302002 0.48296183347702026
vt 0.8373820781707764 0.4765033721923828
vt 0.83870929479599 0.45639801025390625
vt 0.8540680408477783 0.4464598298072815
vt 0.9049097895622253 0.4467129111289978
vt 0.9015215039253235 0.4631892442703247
vt 0.8971978425979614 0.4230271577835083
vt 0.895232617855072 0.4933357834815979
vt 0.834891676902771 0.472687304019928
vt 0.8328465223312378 0.4635404944419861
vt 0.9084754586219788 0.43201810121536255
vt 0.9028952717781067 0.48278331756591797
vt 0.9062843918800354 0.4709357023239136
vt 0.8492424488067627 0.4104878902435303
vt 0.9059149622917175 0.4033013582229614
vt 0.9044066667556763 0.42030686140060425
vt 0.8995387554168701 0.4939523935317993
vt 0.8321646451950073 0.45551949739456177
vt 0.8329414129257202 0.4463595151901245
vt 0.9122053980827332 0.4450109601020813
vt 0.909286618232727 0.45839452743530273
vt 0.9073792695999146 0.47788435220718384
vt 0.9038910865783691 0.48918938636779785
vt 0.9108854532241821 0.4660714864730835
vt 0.8835094571113586 0.3723152279853821
vt 0.8875195384025574 0.38681477308273315
vt 0.9019018411636353 0.49995893239974976
vt 0.8260963559150696 0.4654417037963867
vt 0.8238579034805298 0.45628821849823
vt 0.9140337109565735 0.45231884717941284
vt 0.9172857999801636 0.43788158893585205
vt 0.9107339978218079 0.42455583810806274
vt 0.9050122499465942 0.49463313817977905
vt 0.8526307940483093 0.3734439015388489
vt 0.8315855264663696 0.4347260594367981
vt 0.9140459299087524 0.4074099063873291
vt 0.898427426815033 0.3726183772087097
vt 0.9185861945152283 0.4444618821144104
vt 0.9149913191795349 0.4306796193122864
vt 0.915041446685791 0.41553837060928345
vt 0.9230955839157104 0.515823483467102
vt 0.9433726668357849 0.4926140308380127
vt 0.8874996900558472 0.34799277782440186
vt 0.8374769687652588 0.39224493503570557
vt 0.8148006796836853 0.40743494033813477
vt 0.8176257610321045 0.44052445888519287
vt 0.9159803986549377 0.38787078857421875
vt 0.9094812273979187 0.3831537365913391
vt 0.8174253702163696 0.4623926281929016
vt 0.8235545754432678 0.4483931064605713
vt 0.9311168789863586 0.45052117109298706
vt 0.9248908758163452 0.4233320355415344
vt 0.9202257990837097 0.42275702953338623
vt 0.9488419890403748 0.4729982018470764
vt 0.9176856875419617 0.349651038646698
vt 0.8494727611541748 0.347314715385437
vt 0.8430761098861694 0.3721904158592224
vt 0.7908122539520264 0.4224347472190857
vt 0.8131531476974487 0.43153464794158936
vt 0.9209932088851929 0.39153289794921875
vt 0.9241620302200317 0.4063528776168823
vt 0.911532998085022 0.37253105640411377
vt 0.8157848119735718 0.45721590518951416
vt 0.9256901741027832 0.41423535346984863
vt 0.791822075843811 0.3958386182785034
vt 0.8151381015777588 0.4491618871688843
vt 0.8069721460342407 0.44191503524780273
vt 0.927557647228241 0.3811291456222534
vt 0.9203164577484131 0.3680826425552368
vt 0.8080407381057739 0.4587845206260681
vt 0.9509175419807434 0.45014750957489014
vt 0.9254820942878723 0.35196763277053833
vt 0.7687188386917114 0.4369431138038635
vt 0.8071610927581787 0.4502127766609192
vt 0.7979109883308411 0.4435349106788635
vt 0.9244268536567688 0.37218528985977173
vt 0.9354023933410645 0.3964783549308777
vt 0.8032580018043518 0.4597170948982239
vt 0.9269829988479614 0.3395248055458069
vt 0.7989911437034607 0.45140600204467773
vt 0.9326395392417908 0.3697887659072876
vt 0.9306036829948425 0.36077284812927246
vt 0.7905341386795044 0.4540349841117859
vt 0.9370526671409607 0.34834861755371094
vt 0.9471939206123352 0.38933032751083374
vt 0.9433877468109131 0.37231820821762085
vt 0.9379890561103821 0.35732293128967285
vt 0.9426403045654297 0.36488449573516846
vt 0.943683922290802 0.3535383343696594
vt 0.453488290309906 0.6901527047157288
vt 0.4514128267765045 0.6815586686134338
vt 0.42961585521698 0.692035973072052
vt 0.45466822385787964 0.7003319263458252
vt 0.42689239978790283 0.6840946972370148
vt 0.44617989659309387 0.7025648355484009
vt 0.41944313049316406 0.6905530989170074
vt 0.4341065585613251 0.7037806808948517
vt 0.41783660650253296 0.6837600767612457
vt 0.42017585039138794 0.6950152218341827
vt 0.41916051506996155 0.7040161490440369
vt 0.4370335638523102 0.7206059098243713
vt 0.44877341389656067 0.7221817672252655
vt 0.40984442830085754 0.6843042969703674
vt 0.4107564389705658 0.6891137361526489
vt 0.4225425720214844 0.7189021706581116
vt 0.4512442350387573 0.7411035597324371
vt 0.40432900190353394 0.6970008015632629
vt 0.40122905373573303 0.7211083173751831
vt 0.4338374435901642 0.7368657290935516
vt 0.40330639481544495 0.6876869201660156
vt 0.39661335945129395 0.7043457627296448
vt 0.41012880206108093 0.7395213544368744
vt 0.44571608304977417 0.7796216309070587
vt 0.4564245045185089 0.773209422826767
vt 0.3875989615917206 0.7193936705589294
vt 0.4135558307170868 0.7547379434108734
vt 0.4250234365463257 0.7799054384231567
vt 0.39763185381889343 0.7336285710334778
vt 0.44107627868652344 0.7937088906764984
vt 0.4630299508571625 0.7899030148983002
vt 0.41919469833374023 0.7986661195755005
vt 0.3827113211154938 0.7261717915534973
vt 0.43206489086151123 0.8040848076343536
vt 0.4440273344516754 0.8016848564147949
vt 0.42309510707855225 0.8064132034778595
vt 0.4147050082683563 0.812248557806015
vt 0.4276423752307892 0.813184529542923
vt 0.42232051491737366 0.8162529170513153
vt 0.8364483714103699 0.35444188117980957
vt 0.8271761536598206 0.3315128684043884
vt 0.8276677131652832 0.32169109582901
vt 0.8163039684295654 0.3225916028022766
vt 0.8173435926437378 0.30813294649124146
vt 0.8111286163330078 0.3125573992729187
vt 0.8203250169754028 0.2930331230163574
vt 0.8110833168029785 0.29735004901885986
vt 0.8121130466461182 0.27491873502731323
vt 0.8135374784469604 0.28359538316726685
vt 0.38628116250038147 0.5371733605861664
vt 0.3982960283756256 0.5365379154682159
vt 0.3788003921508789 0.522763729095459
vt 0.40688666701316833 0.5249813497066498
vt 0.3852714002132416 0.5258274078369141
vt 0.35478675365448 0.5317624509334564
vt 0.41573619842529297 0.5271425545215607
vt 0.39996573328971863 0.5154320299625397
vt 0.3719906806945801 0.5212923586368561
vt 0.4228512942790985 0.5205881893634796
vt 0.4034346640110016 0.5234018862247467
vt 0.40285930037498474 0.51647087931633
vt 0.3839317262172699 0.5175096094608307
vt 0.3481014370918274 0.5241101980209351
vt 0.36138391494750977 0.5169285535812378
vt 0.41658779978752136 0.5195623338222504
vt 0.4072778820991516 0.506892055273056
vt 0.392831027507782 0.5142832398414612
vt 0.3383214473724365 0.5306405425071716
vt 0.37859201431274414 0.5161164999008179
vt 0.369449257850647 0.5124018788337708
vt 0.4248741567134857 0.5089482367038727
vt 0.40962058305740356 0.5183436274528503
vt 0.39758509397506714 0.5065794289112091
vt 0.38721370697021484 0.5096406042575836
vt 0.3483239412307739 0.5163707137107849
vt 0.37061694264411926 0.5023646056652069
vt 0.4188635051250458 0.5078315436840057
vt 0.40264108777046204 0.49850136041641235
vt 0.3768055737018585 0.5076170563697815
vt 0.421338826417923 0.49108386039733887
vt 0.4140494465827942 0.4989408254623413
vt 0.39557433128356934 0.49901795387268066
vt 0.3859051465988159 0.5023852288722992
vt 0.3581044375896454 0.4998607635498047
vt 0.3810387849807739 0.49804431200027466
vt 0.3948206603527069 0.4945680499076843
vt 0.3466494083404541 0.4946397542953491
vt 0.36628058552742004 0.48941516876220703
vt 0.38753223419189453 0.49234771728515625
vt 0.38040730357170105 0.483132004737854
vt 0.3971410095691681 0.49183332920074463
vt 0.3988640010356903 0.4857824444770813
vt 0.3891129791736603 0.47912806272506714
vt 0.5689789056777954 0.4921724200248718
vt 0.5687369108200073 0.4987172484397888
vt 0.5755056738853455 0.49891018867492676
vt 0.558499276638031 0.5009776949882507
vt 0.5687664747238159 0.5066433250904083
vt 0.5741023421287537 0.47690439224243164
vt 0.5434169173240662 0.5047357678413391
vt 0.5825598239898682 0.5127684772014618
vt 0.583317756652832 0.4989386200904846
vt 0.5667734146118164 0.47890400886535645
vt 0.5539466142654419 0.509198397397995
vt 0.5450925827026367 0.49686384201049805
vt 0.5775213241577148 0.5230805575847626
vt 0.5807322263717651 0.47745710611343384
vt 0.5645403861999512 0.4596271514892578
vt 0.5438611507415771 0.48323744535446167
vt 0.5340338945388794 0.5083272159099579
vt 0.5898886919021606 0.4995803236961365
vt 0.5846914052963257 0.518935889005661
vt 0.5821447372436523 0.4638351798057556
vt 0.5893985033035278 0.48644810914993286
vt 0.57245934009552 0.4535427689552307
vt 0.511276364326477 0.49325597286224365
vt 0.5142871141433716 0.5026374757289886
vt 0.5890476703643799 0.47490590810775757
vt 0.5626415014266968 0.42269670963287354
vt 0.5225687026977539 0.4651593565940857
vt 0.5227255821228027 0.48074716329574585
vt 0.5168949365615845 0.5109870135784149
vt 0.60209721326828 0.4847385883331299
vt 0.6087557673454285 0.48321932554244995
vt 0.522438108921051 0.4457736611366272
vt 0.5114606022834778 0.47608131170272827
vt 0.5010016560554504 0.4959121346473694
vt 0.5103954672813416 0.5109445750713348
vt 0.508425235748291 0.467477023601532
vt 0.507076621055603 0.44677239656448364
vt 0.5634219646453857 0.5837059915065765
vt 0.567328155040741 0.5814813673496246
vt 0.5618113875389099 0.589760035276413
vt 0.5613315105438232 0.5825809240341187
vt 0.5686516761779785 0.5909937918186188
vt 0.5670634508132935 0.578222006559372
vt 0.5696353316307068 0.5967313647270203
vt 0.5601861476898193 0.5788684189319611
vt 0.5625659823417664 0.596483439207077
vt 0.5619006156921387 0.5968697369098663
vt 0.15878531336784363 0.9889068156480789
vt 0.14830313622951508 0.9893482476472855
vt 0.15847812592983246 0.9931133687496185
vt 0.14989736676216125 0.9900060743093491
vt 0.17071183025836945 0.9933667927980423
vt 0.1571332812309265 0.9942111521959305
vt 0.16858750581741333 0.9904868900775909
vt 0.17825083434581757 0.986826479434967
vt 0.16907808184623718 0.9873127490282059
vt 0.18291331827640533 0.9914135783910751
vt 0.16919156908988953 0.9779613688588142
vt 0.1800987273454666 0.9779983013868332
vt 0.1797657012939453 0.993876725435257
vt 0.19349318742752075 0.9876006245613098
vt 0.15809553861618042 0.9481934532523155
vt 0.19820266962051392 0.9799197912216187
vt 0.1901598423719406 0.9931391924619675
vt 0.16896489262580872 0.9553705602884293
vt 0.18084195256233215 0.9579705744981766
vt 0.19559067487716675 0.9912705719470978
vt 0.20764614641666412 0.9876640290021896
vt 0.16942086815834045 0.9334309473633766
vt 0.19994989037513733 0.9931841045618057
vt 0.1419907510280609 0.7849984765052795
vt 0.13877739012241364 0.7918617278337479
vt 0.14980074763298035 0.7878987789154053
vt 0.13215018808841705 0.7919816225767136
vt 0.14653876423835754 0.7935451865196228
vt 0.14565590023994446 0.7774327844381332
vt 0.13278816640377045 0.7788878679275513
vt 0.13495630025863647 0.8032837361097336
vt 0.15377366542816162 0.8002640157938004
vt 0.15524886548519135 0.7856155633926392
vt 0.12029646337032318 0.7825286090373993
vt 0.1280854195356369 0.8010210692882538
vt 0.158944770693779 0.7987571060657501
vt 0.14594526588916779 0.8014576733112335
vt 0.13508166372776031 0.7649679481983185
vt 0.1599375605583191 0.7917630970478058
vt 0.1526910662651062 0.7764952480792999
vt 0.12132103741168976 0.7709475457668304
vt 0.12104229629039764 0.7940638065338135
vt 0.12780432403087616 0.8048046827316284
vt 0.15018680691719055 0.8070665001869202
vt 0.1413077712059021 0.8084198087453842
vt 0.14561495184898376 0.7685277014970779
vt 0.1619899719953537 0.7871472835540771
vt 0.1033877432346344 0.7754572927951813
vt 0.11067454516887665 0.7961485832929611
vt 0.12041954696178436 0.8033592402935028
vt 0.13024581968784332 0.8110930919647217
vt 0.16261200606822968 0.8010936081409454
vt 0.12553933262825012 0.7600099146366119
vt 0.16448290646076202 0.7977476119995117
vt 0.1525077074766159 0.7721366286277771
vt 0.10551834106445312 0.7638096064329147
vt 0.10299503803253174 0.7910028845071793
vt 0.12214171886444092 0.8117129057645798
vt 0.15619465708732605 0.813213661313057
vt 0.1336197704076767 0.816606342792511
vt 0.09410269558429718 0.7741971909999847
vt 0.1024182140827179 0.7979232668876648
vt 0.11223071813583374 0.8051692247390747
vt 0.11348342895507812 0.8111504465341568
vt 0.12592723965644836 0.8183740228414536
vt 0.16342990100383759 0.8176331967115402
vt 0.1461697667837143 0.8143006414175034
vt 0.16556701064109802 0.7921305000782013
vt 0.09389029443264008 0.7890598773956299
vt 0.0937550812959671 0.7993283569812775
vt 0.16808763146400452 0.8120655715465546
vt 0.15452846884727478 0.8232838362455368
vt 0.13928687572479248 0.8256427049636841
vt 0.1271752566099167 0.8271122127771378
vt 0.10231366753578186 0.8081062138080597
vt 0.10786187648773193 0.8160334825515747
vt 0.11697861552238464 0.8194659948348999
vt 0.17056669294834137 0.8294204622507095
vt 0.16846978664398193 0.8215231448411942
vt 0.1473207324743271 0.8233253657817841
vt 0.16615284979343414 0.830254927277565
vt 0.1359466165304184 0.823842242360115
vt 0.11841334402561188 0.8280572295188904
vt 0.17146605253219604 0.7972440123558044
vt 0.08617901802062988 0.776040643453598
vt 0.09303194284439087 0.813480943441391
vt 0.10943689942359924 0.8240745365619659
vt 0.1128651350736618 0.8213035464286804
vt 0.1714092642068863 0.8238798528909683
vt 0.1452610343694687 0.8308570981025696
vt 0.15315896272659302 0.8336419463157654
vt 0.13349317014217377 0.8294112235307693
vt 0.12570920586585999 0.8350952565670013
vt 0.17409288883209229 0.8079209327697754
vt 0.07723227143287659 0.7829969227313995
vt 0.10189427435398102 0.8188727647066116
vt 0.11601009964942932 0.8310387283563614
vt 0.17487342655658722 0.8227241337299347
vt 0.1627141684293747 0.8391295373439789
vt 0.10318394005298615 0.8271330296993256
vt 0.14204896986484528 0.837266206741333
vt 0.15199999511241913 0.842849001288414
vt 0.13171188533306122 0.8381086736917496
vt 0.1228732168674469 0.8402616828680038
vt 0.1131172925233841 0.8324610739946365
vt 0.11040601134300232 0.8355967253446579
vt 0.10184770822525024 0.8366302996873856
vt 0.1287686824798584 0.8470589965581894
vt 0.11505603790283203 0.841777890920639
vt 0.1231151819229126 0.8482094407081604
vt 0.11078335344791412 0.8426874727010727
vt 0.1273675113916397 0.8562983423471451
vt 0.11574442684650421 0.856233149766922
vt 0.08786529302597046 0.8525773584842682
vt 0.12038916349411011 0.8647803217172623
vt 0.09805788099765778 0.8685494959354401
vt 0.10866689682006836 0.8671755939722061
vt 0.08842195570468903 0.8624228686094284
vt 0.0810345858335495 0.8644839376211166
vt 0.11191634833812714 0.873077780008316
vt 0.08993309736251831 0.8700825124979019
vt 0.10081005096435547 0.8707383871078491
vt 0.12413351237773895 0.8646229803562164
vt 0.0908319503068924 0.8716703951358795
vt 0.10043126344680786 0.8768184632062912
vt 0.08146709203720093 0.8715010583400726
vt 0.11655659973621368 0.8741373270750046
vt 0.09201951324939728 0.8785564601421356
vt 0.1239628940820694 0.8728730380535126
vt 0.12088513374328613 0.8771980479359627
vt 0.12622655928134918 0.8783701434731483
vt 0.12974315881729126 0.8641149699687958
vt 0.1349252611398697 0.875862367451191
vt 0.13225413858890533 0.8715278953313828
vt 0.13379421830177307 0.8653925359249115
vt 0.13645212352275848 0.8708769083023071
vt 0.14277559518814087 0.8621506541967392
vt 0.1445240080356598 0.8609565943479538
vt 0.15760073065757751 0.8620715290307999
vt 0.14641141891479492 0.8694858103990555
vt 0.1483578234910965 0.8645732551813126
vt 0.1620461642742157 0.8670779317617416
vt 0.48782071471214294 0.671244889497757
vt 0.4888114929199219 0.6863157749176025
vt 0.48946064710617065 0.6648209393024445
vt 0.4929838180541992 0.6768210828304291
vt 0.49293771386146545 0.6927487552165985
vt 0.49391287565231323 0.6673603355884552
vt 0.5053281784057617 0.6779575347900391
vt 0.49331778287887573 0.6585150957107544
vt 0.5072264671325684 0.6976480484008789
vt 0.5048388242721558 0.6693891882896423
vt 0.4990869462490082 0.66004478931427
vt 0.516697883605957 0.6789765059947968
vt 0.5151275396347046 0.6693424880504608
vt 0.5070352554321289 0.6574632525444031
vt 0.5443536043167114 0.6950059831142426
vt 0.5121945142745972 0.6622589230537415
vt 0.502098798751831 0.6553516685962677
vt 0.5513685941696167 0.6776160597801208
vt 0.5315746068954468 0.6693082749843597
vt 0.5200589895248413 0.6596665382385254
vt 0.515306830406189 0.6566997468471527
vt 0.5366716384887695 0.657118171453476
vt 0.5507408380508423 0.6697460412979126
vt 0.5323442220687866 0.663768082857132
vt 0.5403050184249878 0.6605466902256012
vt 0.910969078540802 0.931941956281662
vt 0.9083611369132996 0.9047702550888062
vt 0.907260000705719 0.9203547090291977
vt 0.2866453528404236 0.6778635680675507
vt 0.29343360662460327 0.6711418628692627
vt 0.2907402515411377 0.6689611971378326
vt 0.9702928066253662 0.9615971073508263
vt 0.9787218570709229 0.9519054815173149
vt 0.960673451423645 0.8744381070137024
vt 0.9612159729003906 0.89475879073143
vt 0.9662683010101318 0.886156439781189
vt 0.9544153213500977 0.8960106521844864
vt 0.9675726890563965 0.8908391445875168
vt 0.9707077145576477 0.869066447019577
vt 0.9516094923019409 0.8754017353057861
vt 0.9623005986213684 0.9029532372951508
vt 0.973964273929596 0.8818338066339493
vt 0.9690525531768799 0.8599493205547333
vt 0.9555975198745728 0.8587911278009415
vt 0.9427058696746826 0.8966201990842819
vt 0.9545502066612244 0.9070749282836914
vt 0.9597408771514893 0.8586650490760803
vt 0.9423672556877136 0.860514298081398
vt 0.9250806570053101 0.889245331287384
vt 0.9595886468887329 0.9125939160585403
vt 0.9613927602767944 0.8520020544528961
vt 0.9559845328330994 0.8504845649003983
vt 0.9505518078804016 0.8503150641918182
vt 0.9260191917419434 0.8614619374275208
vt 0.9525905251502991 0.9148897677659988
vt 0.9639387726783752 0.9096373319625854
vt 0.9705696702003479 0.8522458374500275
vt 0.941861093044281 0.8459236174821854
vt 0.9466556310653687 0.9347395151853561
vt 0.9649052619934082 0.9227826595306396
vt 0.96738201379776 0.8960872739553452
vt 0.958899199962616 0.9214949309825897
vt 0.9604931473731995 0.8428175449371338
vt 0.9547997713088989 0.8420739471912384
vt 0.9498888254165649 0.839862123131752
vt 0.9541432857513428 0.9357959181070328
vt 0.9677279591560364 0.9164728969335556
vt 0.9667816758155823 0.9355912208557129
vt 0.9715659022331238 0.9057378470897675
vt 0.9567346572875977 0.9282112270593643
vt 0.9717437028884888 0.8468946814537048
vt 0.9544385671615601 0.9490439780056477
vt 0.9732617735862732 0.9220706969499588
vt 0.9708166122436523 0.9323518723249435
vt 0.9651848077774048 0.9385075978934765
vt 0.9573914408683777 0.8330031335353851
vt 0.9538239240646362 0.8334710448980331
vt 0.9638769626617432 0.9424766041338444
vt 0.9423856139183044 0.9486839659512043
vt 0.9778261184692383 0.9082731902599335
vt 0.9788333177566528 0.9192363917827606
vt 0.9736515879631042 0.9429125413298607
vt 0.96889728307724 0.9453195966780186
vt 0.960806131362915 0.8344841003417969
vt 0.9546800851821899 0.9530932195484638
vt 0.9798818826675415 0.9365760833024979
vt 0.9648592472076416 0.9485301077365875
vt 0.9658806920051575 0.9506718292832375
vt 0.9605597257614136 0.8242169618606567
vt 0.9666109085083008 0.8440762460231781
vt 0.9549521207809448 0.8246973603963852
vt 0.9447978734970093 0.9517381377518177
vt 0.9694492816925049 0.952035415917635
vt 0.9805068969726562 0.9466070234775543
vt 0.9666464924812317 0.9551328010857105
vt 0.9643734693527222 0.8245472311973572
vt 0.9650753140449524 0.8352812826633453
vt 0.9367668628692627 0.9519111551344395
vt 0.9557726979255676 0.9544149525463581
vt 0.9540070295333862 0.80488720536232
vt 0.9660111665725708 0.8132174015045166
vt 0.9726442098617554 0.8445480763912201
vt 0.9800515174865723 0.9498453885316849
vt 0.9535521268844604 0.9577075876295567
vt 0.9536572098731995 0.815335676074028
vt 0.9594563245773315 0.8030169308185577
vt 0.9737082123756409 0.8351408243179321
vt 0.9729229211807251 0.812273696064949
vt 0.938124418258667 0.9537866599857807
vt 0.973623514175415 0.8237738162279129
vt 0.974970281124115 0.8010750412940979
vt 0.9206866025924683 0.9536696262657642
vt 0.9796075820922852 0.8157428652048111
vt 0.9555000066757202 0.9610507227480412
vt 0.9366474151611328 0.9598326720297337
vt 0.9804091453552246 0.8265067785978317
vt 0.9185897707939148 0.9569468684494495
vt 0.9069770574569702 0.951800812035799
vt 0.9065610766410828 0.9697929359972477
vt 0.9097977876663208 0.943806279450655
vt 0.907820999622345 0.9342498332262039
vt 0.8960530161857605 0.948430497199297
vt 0.9087833166122437 0.9298504889011383
vt 0.8690202236175537 0.9579190798103809
vt 0.8966464996337891 0.9234039187431335
vt 0.8784059286117554 0.9130294770002365
vt 0.8211646676063538 0.9174625426530838
vt 0.9047154784202576 0.9101087749004364
vt 0.8961437940597534 0.8902689665555954
vt 0.8394699692726135 0.8741932958364487
vt 0.8959546089172363 0.8766513168811798
vt 0.8648241758346558 0.8674970269203186
vt 0.8162600994110107 0.8751765936613083
vt 0.9064461588859558 0.8961347788572311
vt 0.904014527797699 0.8863655179738998
vt 0.8969615697860718 0.8547416478395462
vt 0.7905709743499756 0.91192926466465
vt 0.9077470898628235 0.8831147700548172
vt 0.8721760511398315 0.8288180828094482
vt 0.8404520750045776 0.8455551564693451
vt 0.7938553094863892 0.8847174346446991
vt 0.8869466781616211 0.8022166937589645
vt 0.8062838315963745 0.8580213338136673
vt 0.8603256940841675 0.8133403807878494
vt 0.8427367806434631 0.8297667801380157
vt 0.8088483810424805 0.8354794681072235
vt 0.7977100014686584 0.8532354682683945
vt 0.8599357008934021 0.800652951002121
vt 0.8331356644630432 0.8268073797225952
vt 0.7992485761642456 0.8402581214904785
vt 0.7871179580688477 0.8728818297386169
vt 0.8056007027626038 0.8118069916963577
vt 0.7887488007545471 0.8535864651203156
vt 0.7900604605674744 0.8576617240905762
vt 0.8316838145256042 0.8060541301965714
vt 0.792492151260376 0.8396061658859253
vt 0.7802725434303284 0.8641419261693954
vt 0.7951057553291321 0.8269178122282028
vt 0.7773842811584473 0.8555625528097153
vt 0.7826052904129028 0.845560297369957
vt 0.7722979784011841 0.8661447465419769
vt 0.7836577296257019 0.8278312981128693
vt 0.7746273875236511 0.8467779606580734
vt 0.7797744870185852 0.8369510620832443
vt 0.7694146037101746 0.8571992963552475
vt 0.7807584404945374 0.8191218972206116
vt 0.78816819190979 0.8360363394021988
vt 0.7722883224487305 0.8377333432435989
vt 0.7772996425628662 0.8280996382236481
vt 0.7711945176124573 0.8282674252986908
vt 0.7682443857192993 0.8133548200130463
vt 0.9895402789115906 0.8111334592103958
vt 0.9835361242294312 0.8198998421430588
vt 0.9868719577789307 0.804451659321785
vt 0.9881620407104492 0.7927250266075134
vt 0.14741581678390503 0.9820165559649467
vt 0.14738866686820984 0.9701003059744835
vt 0.13607700169086456 0.9847642034292221
vt 0.13584864139556885 0.9738695994019508
vt 0.1440264731645584 0.9506632089614868
vt 0.14731566607952118 0.936066024005413
vt 0.13458718359470367 0.9562870860099792
vt 0.15849965810775757 0.9224042817950249
vt 0.14066752791404724 0.9400178492069244
vt 0.13479524850845337 0.9656041339039803
vt 0.13327307999134064 0.9479725137352943
vt 0.14575573801994324 0.9209410175681114
vt 0.13504232466220856 0.9343807324767113
vt 0.13518016040325165 0.9424327313899994
vt 0.1293429434299469 0.9674036204814911
vt 0.12894831597805023 0.9584653079509735
vt 0.13564978539943695 0.927305743098259
vt 0.15573108196258545 0.9110677540302277
vt 0.13444751501083374 0.9370791167020798
vt 0.12438877671957016 0.9496773481369019
vt 0.1237582340836525 0.9376300945878029
vt 0.13578739762306213 0.91850945353508
vt 0.13679084181785583 0.9047025591135025
vt 0.16977675259113312 0.8624062091112137
vt 0.12380177527666092 0.9299443513154984
vt 0.12420167773962021 0.9595176875591278
vt 0.12379321455955505 0.9413968771696091
vt 0.12278979271650314 0.9155465215444565
vt 0.1431431770324707 0.8719576895236969
vt 0.10699314624071121 0.9367660284042358
vt 0.1121189221739769 0.9313817247748375
vt 0.12443989515304565 0.9682364612817764
vt 0.11515095829963684 0.9515579640865326
vt 0.11482647061347961 0.9453632012009621
vt 0.112462617456913 0.9396359398961067
vt 0.1112491637468338 0.9236165881156921
vt 0.11546482145786285 0.9606980532407761
vt 0.0961601510643959 0.9128920957446098
vt 0.09582531452178955 0.9413614794611931
vt 0.07687777280807495 0.9310256987810135
vt 0.09901803731918335 0.9267202243208885
vt 0.1157035306096077 0.9774877279996872
vt 0.10572455078363419 0.9601252526044846
vt 0.10465741157531738 0.9510862678289413
vt 0.1059577465057373 0.9473759680986404
vt 0.0671817809343338 0.9078372716903687
vt 0.09439066052436829 0.9371464625000954
vt 0.08995895087718964 0.9285640642046928
vt 0.102090984582901 0.977116271853447
vt 0.08442372828722 0.9199308007955551
vt 0.08675701171159744 0.9444342330098152
vt 0.06204099953174591 0.9249728694558144
vt 0.07436293363571167 0.935219332575798
vt 0.08284123241901398 0.9764885157346725
vt 0.08733416348695755 0.9588334336876869
vt 0.07177697867155075 0.9231745600700378
vt 0.08620565384626389 0.9495459422469139
vt 0.07665728032588959 0.9397897198796272
vt 0.04575933516025543 0.9282781034708023
vt 0.060393527150154114 0.931597888469696
vt 0.054769277572631836 0.9163954555988312
vt 0.037037938833236694 0.9244973734021187
vt 0.0631876289844513 0.9359298869967461
vt 0.06575894355773926 0.946395255625248
vt 0.06523182988166809 0.9569710046052933
vt 0.03570476174354553 0.9018786326050758
vt 0.04973967373371124 0.9328279793262482
vt 0.04168318212032318 0.9197501093149185
vt 0.007510483264923096 0.9257044494152069
vt 0.053541526198387146 0.9384691715240479
vt 0.03975436091423035 0.9339142292737961
vt 0.028858348727226257 0.9209359735250473
vt 0.034294068813323975 0.9295910745859146
vt 0.05545520782470703 0.9464493170380592
vt 0.02180364727973938 0.9123721271753311
vt 0.043846651911735535 0.9451730102300644
vt 0.014370083808898926 0.9312767460942268
vt 0.029219120740890503 0.9526555985212326
vt 0.02886989712715149 0.9435140043497086
vt 0.02984797954559326 0.9367730244994164
vt 0.1187559962272644 0.882050447165966
vt 0.11598251760005951 0.8755800500512123
vt 0.11719471216201782 0.8847038149833679
vt 0.16913437843322754 0.651574432849884
vt 0.17193463444709778 0.6657208800315857
vt 0.17610424757003784 0.671698808670044
vt 0.18381139636039734 0.6732568144798279
vt 0.6047912836074829 0.6545551121234894
vt 0.6005600690841675 0.6447981297969818
vt 0.5918306708335876 0.6468726098537445
vt 0.5965613722801208 0.6651849746704102
vt 0.593427836894989 0.6563022434711456
vt 0.5983593463897705 0.6765251457691193
vt 0.5751374363899231 0.6352730095386505
vt 0.5800169706344604 0.653143584728241
vt 0.5830221176147461 0.6615937948226929
vt 0.5917326211929321 0.6683109402656555
vt 0.6080813407897949 0.6696968078613281
vt 0.5785373449325562 0.6481055915355682
vt 0.5932229161262512 0.6750060319900513
vt 0.6094307899475098 0.6783955991268158
vt 0.5710809826850891 0.6263837814331055
vt 0.5656992197036743 0.6385622024536133
vt 0.5728214979171753 0.651023656129837
vt 0.5853498578071594 0.6664040684700012
vt 0.5587669610977173 0.6140465140342712
vt 0.18408265709877014 0.6832112073898315
vt 0.1570395827293396 0.8036363571882248
vt 0.18639090657234192 0.7144479751586914
vt 0.18942412734031677 0.7179629802703857
vt 0.19005686044692993 0.7126036286354065
vt 0.18780630826950073 0.7091856002807617
vt 0.19247373938560486 0.7158302068710327
vt 0.1827991008758545 0.7051477432250977
vt 0.1883469521999359 0.6950382590293884
vt 0.17795953154563904 0.692778468132019
vt 0.18611189723014832 0.7005263566970825
vt 0.19345292448997498 0.7061060070991516
vt 0.20181608200073242 0.6971321702003479
vt 0.2022029459476471 0.6859890222549438
vt 0.20649316906929016 0.7030997276306152
vt 0.2079853117465973 0.7134419679641724
vt 0.1756245493888855 0.6834651231765747
vt 0.17826244235038757 0.6774622797966003
vt 0.17462050914764404 0.6807286739349365
vt 0.1958511769771576 0.7140758633613586
vt 0.1938970386981964 0.719076931476593
vt 0.1987099051475525 0.7184281945228577
vt 0.1716608703136444 0.6857520341873169
vt 0.17104965448379517 0.6792891025543213
vt 0.16979560256004333 0.6836726069450378
vt 0.17349690198898315 0.6747623682022095
vt 0.6415148973464966 0.9139919430017471
vt 0.6527149677276611 0.9058833718299866
vt 0.6453659534454346 0.9095146730542183
vt 0.6492027044296265 0.9009346216917038
vt 0.6545231938362122 0.8983432352542877
vt 0.13454602658748627 0.3683684468269348
vt 0.8495005369186401 0.9806004576385021
vt 0.8534035682678223 0.9738309346139431
vt 0.8625072836875916 0.9752868469804525
vt 0.8608381748199463 0.9828158393502235
vt 0.8576980829238892 0.9664022140204906
vt 0.831984281539917 0.9782394543290138
vt 0.843241274356842 0.968098346143961
vt 0.8470468521118164 0.9652435667812824
vt 0.8293071389198303 0.9655271135270596
vt 0.839719295501709 0.9569169320166111
vt 0.8218320608139038 0.962396826595068
vt 0.8298594951629639 0.9512965567409992
vt 0.8383904695510864 0.9496092759072781
vt 0.830452024936676 0.9424970597028732
vt 0.8209369778633118 0.9412307888269424
vt 0.8276251554489136 0.9342273473739624
vt 0.8683614134788513 0.9856788627803326
vt 0.8177067637443542 0.9372059404850006
vt 0.819712221622467 0.9284451603889465
vt 0.8564432263374329 0.9900635294616222
vt 0.8612381219863892 0.9929961296729743
vt 0.8359276056289673 0.9871531017124653
vt 0.8281626105308533 0.9864721409976482
vt 0.8557286262512207 0.9620251171290874
vt 0.8509473204612732 0.9539674855768681
vt 0.8126651644706726 0.9268822595477104
vt 0.8152834177017212 0.9310212731361389
vt 0.8162046670913696 0.92236328125
vt 0.45969051122665405 0.18962609767913818
vt 0.4606172442436218 0.19029474258422852
vt 0.4607418477535248 0.18847781419754028
vt 0.45969781279563904 0.1888170838356018
vt 0.798470139503479 0.6009212732315063
vt 0.7961928844451904 0.5973158776760101
vt 0.792607843875885 0.597062885761261
vt 0.795065701007843 0.6049439609050751
vt 0.7891693115234375 0.6005916893482208
vt 0.7856574058532715 0.6087563037872314
vt 0.7828038930892944 0.6035786271095276
vt 0.7765541672706604 0.6062433421611786
vt 0.7875868082046509 0.5871719419956207
vt 0.7832844853401184 0.589665412902832
vt 0.7878128290176392 0.5908524394035339
vt 0.7821829915046692 0.5992060899734497
vt 0.7874458432197571 0.595034271478653
vt 0.7915778160095215 0.5950909852981567
vt 0.7840111255645752 0.5848833322525024
vt 0.7819675207138062 0.5805829465389252
vt 0.7773500084877014 0.5807910263538361
vt 0.7740370035171509 0.5770919322967529
vt 0.7864556312561035 0.5812782049179077
vt 0.7893926501274109 0.5821698307991028
vt 0.7909830212593079 0.5847092866897583
vt 0.7794129848480225 0.5784279704093933
vt 0.7914122343063354 0.5877573490142822
vt 0.7909331917762756 0.583013653755188
vt 0.791684627532959 0.5833861529827118
vt 0.7910676598548889 0.581725686788559
vt 0.7912296056747437 0.5825104713439941
vt 0.7919008135795593 0.5826724171638489
vt 0.7923215627670288 0.5847980678081512
vt 0.7924452424049377 0.5835866928100586
vt 0.7982977628707886 0.598464161157608
vt 0.8002519607543945 0.5987532436847687
vt 0.7981540560722351 0.5963154137134552
vt 0.7980576157569885 0.5946514904499054
vt 0.7522043585777283 0.2542930841445923
vt 0.7546876072883606 0.25275611877441406
vt 0.752034068107605 0.26951050758361816
vt 0.7585528492927551 0.27520644664764404
vt 0.7631180882453918 0.27782970666885376
vt 0.7628780007362366 0.28895652294158936
vt 0.742622971534729 0.2660210132598877
vt 0.7372827529907227 0.2629168629646301
vt 0.7709540128707886 0.2889426350593567
vt 0.7576889395713806 0.2853711247444153
vt 0.753061056137085 0.28127753734588623
vt 0.7442609071731567 0.2737544775009155
vt 0.761767566204071 0.29841554164886475
vt 0.7708031535148621 0.29949700832366943
vt 0.7794915437698364 0.2885807752609253
vt 0.7417000532150269 0.25870686769485474
vt 0.7826586961746216 0.2929130792617798
vt 0.7372952699661255 0.25502073764801025
vt 0.7325244545936584 0.2585749626159668
vt 0.738763153553009 0.2486109733581543
vt 0.7326289415359497 0.2510371804237366
vt 0.7292622923851013 0.2544565200805664
vt 0.05445331335067749 0.6473121345043182
vt 0.05790519714355469 0.6450521051883698
vt 0.0468001663684845 0.6377022862434387
vt 0.04651099443435669 0.6461869776248932
vt 0.9036887288093567 0.10607874393463135
vt 0.8984951376914978 0.10622096061706543
vt 0.8985944986343384 0.11002492904663086
vt 0.9032106399536133 0.10976052284240723
vt 0.8997875452041626 0.09359002113342285
vt 0.2009314000606537 0.057828426361083984
vt 0.19664543867111206 0.056969404220581055
vt 0.19548115134239197 0.06055259704589844
vt 0.19939203560352325 0.06282675266265869
vt 0.20518794655799866 0.058600664138793945
vt 0.20429113507270813 0.06272244453430176
vt 0.1925395131111145 0.05577373504638672
vt 0.19277280569076538 0.05103123188018799
vt 0.188409686088562 0.05812418460845947
vt 0.18827635049819946 0.053612709045410156
vt 0.19756944477558136 0.053113460540771484
vt 0.20145265758037567 0.05360555648803711
vt 0.19767208397388458 0.04888772964477539
vt 0.41166889667510986 0.11103355884552002
vt 0.4125868082046509 0.10419291257858276
vt 0.40357741713523865 0.10937052965164185
vt 0.4054214358329773 0.10322725772857666
vt 0.40835684537887573 0.09795361757278442
vt 0.4028887152671814 0.09686923027038574
vt 0.4039729833602905 0.09431988000869751
vt 0.4128478169441223 0.11572688817977905
vt 0.4080793857574463 0.09548479318618774
vt 0.3955669403076172 0.10959160327911377
vt 0.3963901400566101 0.09820401668548584
vt 0.39885154366493225 0.09473681449890137
vt 0.40485793352127075 0.13133597373962402
vt 0.4076332747936249 0.13744837045669556
vt 0.4003908038139343 0.09324425458908081
vt 0.4147624969482422 0.09987407922744751
vt 0.40509194135665894 0.09212177991867065
vt 0.4105902910232544 0.09555590152740479
vt 0.13043458759784698 0.8566354960203171
vt 0.1259261518716812 0.8597569316625595
vt 0.13369978964328766 0.8528248220682144
vt 0.18342824280261993 0.8373257666826248
vt 0.18195347487926483 0.8266548961400986
vt 0.2925836741924286 0.9428098425269127
vt 0.28937453031539917 0.9461072385311127
vt 0.29193440079689026 0.9512887522578239
vt 0.2976478338241577 0.9390281066298485
vt 0.29857128858566284 0.9339989945292473
vt 0.29395389556884766 0.9563899412751198
vt 0.3151552081108093 0.9488046243786812
vt 0.3087124824523926 0.9466144219040871
vt 0.3114238381385803 0.95278350263834
vt 0.30327147245407104 0.9506622478365898
vt 0.299636572599411 0.944466345012188
vt 0.30547237396240234 0.9405375942587852
vt 0.3061452805995941 0.957008607685566
vt 0.2985171973705292 0.9542293176054955
vt 0.305056631565094 0.9368068352341652
vt 0.29642871022224426 0.9487495645880699
vt 0.3142482042312622 0.9425284713506699
vt 0.31736430525779724 0.944493755698204
vt 0.3039343059062958 0.9608412086963654
vt 0.30814820528030396 0.9640822410583496
vt 0.3200654685497284 0.9494836702942848
vt 0.31190434098243713 0.9585990309715271
vt 0.3200910687446594 0.9584341868758202
vt 0.31553640961647034 0.963592141866684
vt 0.319564551115036 0.9670797064900398
vt 0.3201163709163666 0.9541297927498817
vt 0.32286232709884644 0.9444799274206161
vt 0.31701138615608215 0.9365650340914726
vt 0.320080429315567 0.9411928802728653
vt 0.32498541474342346 0.9488629847764969
vt 0.32601866126060486 0.9534309655427933
vt 0.32307881116867065 0.9382261037826538
vt 0.31226035952568054 0.9297633543610573
vt 0.31746020913124084 0.9318103641271591
vt 0.32029426097869873 0.9349743351340294
vt 0.32066431641578674 0.9281021952629089
vt 0.36238446831703186 0.8536899983882904
vt 0.36526501178741455 0.852473109960556
vt 0.36173638701438904 0.8578278124332428
vt 0.3640540838241577 0.8563444018363953
vt 0.35685139894485474 0.8529956638813019
vt 0.3524419665336609 0.8430639803409576
vt 0.2122998833656311 0.654129147529602
vt 0.20817118883132935 0.6504426002502441
vt 0.21786299347877502 0.657437264919281
vt 0.21164560317993164 0.6463059186935425
vt 0.21350082755088806 0.6620336174964905
vt 0.7268182635307312 0.6569417119026184
vt 0.9784433245658875 0.9468076452612877
vt 0.7317614555358887 0.4638293385505676
vt 0.7324647307395935 0.45265495777130127
vt 0.7074240446090698 0.4718114137649536
vt 0.709335207939148 0.46955448389053345
vt 0.7056937217712402 0.47393345832824707
vt 0.7040332555770874 0.4790618419647217
vt 0.7128932476043701 0.4681217074394226
vt 0.7111460566520691 0.46723926067352295
vt 0.7089667320251465 0.46740663051605225
vt 0.707292914390564 0.46935856342315674
vt 0.7126748561859131 0.46494704484939575
vt 0.7154765725135803 0.4671403765678406
vt 0.7037873864173889 0.4767875075340271
vt 0.7036092281341553 0.47435885667800903
vt 0.7013320922851562 0.4750780463218689
vt 0.7011418342590332 0.47281962633132935
vt 0.6994893550872803 0.47333037853240967
vt 0.7004332542419434 0.4753217101097107
vt 0.7022016644477844 0.4771732687950134
vt 0.4037770926952362 0.6378041505813599
vt 0.4059455692768097 0.6331019699573517
vt 0.40829408168792725 0.6391507685184479
vt 0.4057770371437073 0.646064817905426
vt 0.40477603673934937 0.6415998041629791
vt 0.40930306911468506 0.6309860646724701
vt 0.4243181645870209 0.6547445356845856
vt 0.4230724275112152 0.6622152626514435
vt 0.4083372950553894 0.6289923787117004
vt 0.7485086917877197 0.20314925909042358
vt 0.7451112866401672 0.20425522327423096
vt 0.5031838417053223 0.7100659310817719
vt 0.5096736550331116 0.7175114750862122
vt 0.503098726272583 0.7058623433113098
vt 0.4962085485458374 0.7061246633529663
vt 0.49795928597450256 0.7196077108383179
vt 0.5024583339691162 0.6993193924427032
vt 0.5153763890266418 0.7079819440841675
vt 0.5136662125587463 0.7006623148918152
vt 0.49120914936065674 0.7064267098903656
vt 0.49116092920303345 0.7194422781467438
vt 0.5207481384277344 0.7011008262634277
vt 0.28725728392601013 0.6872658133506775
vt 0.2966516613960266 0.67913419008255
vt 0.295736163854599 0.6865072548389435
vt 0.2942380905151367 0.6913763284683228
vt 0.2979464530944824 0.6625416278839111
vt 0.29756519198417664 0.6557236909866333
vt 0.29191309213638306 0.6631769835948944
vt 0.30364111065864563 0.6618426442146301
vt 0.2981852889060974 0.6392019093036652
vt 0.31421399116516113 0.6447763442993164
vt 0.3032439351081848 0.6270441710948944
vt 0.30303463339805603 0.6678109467029572
vt 0.29176759719848633 0.6570099592208862
vt 0.2905959188938141 0.6512312293052673
vt 0.29082807898521423 0.6451976597309113
vt 0.28676384687423706 0.657859593629837
vt 0.29734304547309875 0.6680146753787994
vt 0.2855471968650818 0.665634036064148
vt 0.30125224590301514 0.6702897548675537
vt 0.7154794931411743 0.4501873254776001
vt 0.7038766741752625 0.940730057656765
vt 0.7052815556526184 0.9458644390106201
vt 0.7111150026321411 0.9472235292196274
vt 0.7097195386886597 0.9393480196595192
vt 0.706602156162262 0.9505468979477882
vt 0.7027896642684937 0.9355373829603195
vt 0.6993371844291687 0.9472735375165939
vt 0.7588634490966797 0.2572433352470398
vt 0.7610955834388733 0.25715172290802
vt 0.7607871294021606 0.2553463578224182
vt 0.7623765468597412 0.25570762157440186
vt 0.7609697580337524 0.2538069486618042
vt 0.3418360948562622 0.6153238713741302
vt 0.34105244278907776 0.8680295199155807
vt 0.3392503559589386 0.8682452738285065
vt 0.34043601155281067 0.8701326847076416
vt 0.343365877866745 0.8621466010808945
vt 0.34092503786087036 0.8638340532779694
vt 0.34293994307518005 0.8645190745592117
vt 0.3409654498100281 0.8664541989564896
vt 0.33850574493408203 0.8660924583673477
vt 0.3450641632080078 0.8636523485183716
vt 0.3450250029563904 0.8621028959751129
vt 0.3454433083534241 0.8606112003326416
vt 0.3458593785762787 0.8622563481330872
vt 0.34213075041770935 0.8668637871742249
vt 0.3433919847011566 0.8662514388561249
vt 0.34377816319465637 0.8669342398643494
vt 0.342168927192688 0.8687015920877457
vt 0.6628851294517517 0.2129078507423401
vt 0.6686379909515381 0.21100294589996338
vt 0.6597198843955994 0.2139788269996643
vt 0.4020954370498657 0.12470966577529907
vt 0.4359950125217438 0.49901801347732544
vt 0.4300824701786041 0.4857916831970215
vt 0.6002084016799927 0.19064486026763916
vt 0.7699510455131531 0.5309422016143799
vt 0.7685621976852417 0.5369701385498047
vt 0.7692640423774719 0.5342724323272705
vt 0.6176958084106445 0.22217458486557007
vt 0.6178672909736633 0.2232709527015686
vt 0.23570901155471802 0.9599161222577095
vt 0.23367047309875488 0.9544385820627213
vt 0.2258724570274353 0.9547171741724014
vt 0.22573941946029663 0.965254470705986
vt 0.22642838954925537 0.9488209187984467
vt 0.23058557510375977 0.9716370478272438
vt 0.238608255982399 0.9645403921604156
vt 0.23405975103378296 0.9779586810618639
vt 0.23945161700248718 0.9793797675520182
vt 0.22109699249267578 0.9513895139098167
vt 0.22279423475265503 0.9422279000282288
vt 0.23263585567474365 0.9488551169633865
vt 0.2172134965658188 0.9375954195857048
vt 0.2326686978340149 0.9435731917619705
vt 0.22161275148391724 0.9301312565803528
vt 0.22969448566436768 0.9306494072079659
vt 0.2339208722114563 0.9389943853020668
vt 0.23595929145812988 0.9347825050354004
vt 0.24226786196231842 0.9677814841270447
vt 0.24492664635181427 0.9773782473057508
vt 0.24605631828308105 0.9698385931551456
vt 0.24988393485546112 0.9707760829478502
vt 0.25343361496925354 0.9707547854632139
vt 0.25188496708869934 0.979206869378686
vt 0.25872814655303955 0.9765651319175959
vt 0.25634661316871643 0.970038877800107
vt 0.2641948461532593 0.9746684487909079
vt 0.25844717025756836 0.9686379358172417
vt 0.2600170969963074 0.9666372984647751
vt 0.26768848299980164 0.9730171114206314
vt 0.2680812478065491 0.9676430523395538
vt 0.261101096868515 0.9638915285468102
vt 0.2662009000778198 0.9627306386828423
vt 0.2617429196834564 0.9606750458478928
vt 0.7688663601875305 0.5391503572463989
vt 0.769656777381897 0.5544650554656982
vt 0.7748004198074341 0.5618599057197571
vt 0.7743398547172546 0.5751057863235474
vt 0.7779815793037415 0.5667203664779663
vt 0.7786456942558289 0.5578787326812744
vt 0.7702765464782715 0.5400468707084656
vt 0.7749782204627991 0.5532952845096588
vt 0.7554236054420471 0.544116884469986
vt 0.7508862614631653 0.548140674829483
vt 0.7481334805488586 0.5428656041622162
vt 0.7456636428833008 0.5512989163398743
vt 0.7520362138748169 0.5385515093803406
vt 0.7535150051116943 0.5310394167900085
vt 0.756837010383606 0.5355714857578278
vt 0.7583655714988708 0.5278581976890564
vt 0.7600631713867188 0.540973037481308
vt 0.631427526473999 0.21732163429260254
vt 0.6381634473800659 0.21527332067489624
vt 0.6293824911117554 0.21063977479934692
vt 0.6361515522003174 0.2084265947341919
vt 0.6434314250946045 0.20572543144226074
vt 0.646317183971405 0.22249144315719604
vt 0.6328538656234741 0.200217604637146
vt 0.6410028338432312 0.19846338033676147
vt 0.6398533582687378 0.22531640529632568
vt 0.6426225304603577 0.22371017932891846
vt 0.6446600556373596 0.22273242473602295
vt 0.6147390604019165 0.22079575061798096
vt 0.6166639924049377 0.221396803855896
vt 0.6131953597068787 0.20690608024597168
vt 0.6075802445411682 0.2076401710510254
vt 0.7777631878852844 0.521751880645752
vt 0.7849913239479065 0.5157260596752167
vt 0.7738069891929626 0.5183241069316864
vt 0.7830997109413147 0.5207727551460266
vt 0.7861371040344238 0.5183899700641632
vt 0.7885229587554932 0.5163664221763611
vt 0.7881442904472351 0.5133368670940399
vt 0.7903563976287842 0.5148218274116516
vt 0.7727781534194946 0.5281625986099243
vt 0.7762966752052307 0.5255991816520691
vt 0.7798689007759094 0.5231697261333466
vt 0.789568305015564 0.5119612514972687
vt 0.7901421189308167 0.5126252174377441
vt 0.7911171317100525 0.5113072395324707
vt 0.834320068359375 0.4791741371154785
vt 0.8346347212791443 0.4747787117958069
vt 0.6377620100975037 0.22730755805969238
vt 0.6365467309951782 0.22930026054382324
vt 0.6101564764976501 0.2136945128440857
vt 0.6055751442909241 0.20052599906921387
vt 0.6032373905181885 0.20610922574996948
vt 0.6016078591346741 0.21181392669677734
vt 0.5959708094596863 0.211361825466156
vt 0.597349226474762 0.20413637161254883
vt 0.5911087989807129 0.2023962140083313
vt 0.5848871469497681 0.20840376615524292
vt 0.6072688698768616 0.21554726362228394
vt 0.6022350192070007 0.21751099824905396
vt 0.5896301865577698 0.21284812688827515
vt 0.5905627608299255 0.21998345851898193
vt 0.5835469365119934 0.22268927097320557
vt 0.5825538039207458 0.21423804759979248
vt 0.5881167650222778 0.23126834630966187
vt 0.5986179113388062 0.22508525848388672
vt 0.5749284029006958 0.2163826823234558
vt 0.6080513000488281 0.2236555814743042
vt 0.6038292050361633 0.22528457641601562
vt 0.5989717841148376 0.2272617220878601
vt 0.5936410427093506 0.22936171293258667
vt 0.6115255355834961 0.22228902578353882
vt 0.6593188047409058 0.9567675404250622
vt 0.6596617102622986 0.9503455422818661
vt 0.6527162194252014 0.9549874626100063
vt 0.6537953019142151 0.9638774916529655
vt 0.6604331731796265 0.9628316685557365
vt 0.6486606001853943 0.9544143043458462
vt 0.6476985812187195 0.960078489035368
vt 0.6448085904121399 0.9672947153449059
vt 0.6504362225532532 0.9491856843233109
vt 0.656914472579956 0.9473861940205097
vt 0.6552711725234985 0.9414509981870651
vt 0.6617218852043152 0.9436380341649055
vt 0.6603282690048218 0.9389662817120552
vt 0.6590508222579956 0.9358599931001663
vt 0.6471701860427856 0.9683537855744362
vt 0.6523160338401794 0.9759865272790194
vt 0.648047685623169 0.9764650631695986
vt 0.6641225814819336 0.9366308301687241
vt 0.6615546941757202 0.9315997809171677
vt 0.6444822549819946 0.9694509673863649
vt 0.6435568928718567 0.9779348615556955
vt 0.6551545262336731 0.9343038499355316
vt 0.6518568992614746 0.9405019506812096
vt 0.666650116443634 0.9319354146718979
vt 0.6474368572235107 0.945608351379633
vt 0.6589289903640747 0.9307833909988403
vt 0.6607545018196106 0.9284495338797569
vt 0.6403942704200745 0.9704957250505686
vt 0.6434012651443481 0.9616879746317863
vt 0.6428733468055725 0.9657639414072037
vt 0.6409885287284851 0.9645468816161156
vt 0.6391459107398987 0.9672862365841866
vt 0.6394721865653992 0.9603097774088383
vt 0.6467722058296204 0.9579168744385242
vt 0.6445563435554504 0.9476337991654873
vt 0.6622193455696106 0.9272584393620491
vt 0.6641281247138977 0.9243599772453308
vt 0.6425015330314636 0.9588658511638641
vt 0.6446191072463989 0.9587287083268166
vt 0.6452003717422485 0.9528041742742062
vt 0.6432676315307617 0.9531473442912102
vt 0.6440456509590149 0.9565566517412663
vt 0.6676909327507019 0.9277428016066551
vt 0.6716279983520508 0.9249623045325279
vt 0.6692607998847961 0.925132542848587
vt 0.6673869490623474 0.9232367798686028
vt 0.6638105511665344 0.9210402294993401
vt 0.6656442284584045 0.9198049530386925
vt 0.6701008081436157 0.9201533943414688
vt 0.6693289279937744 0.9178978949785233
vt 0.6688232421875 0.9157917201519012
vt 0.6720924973487854 0.9175039231777191
vt 0.6714285612106323 0.9152495637536049
vt 0.6683652997016907 0.9131666272878647
vt 0.6709031462669373 0.9130560532212257
vt 0.6727256178855896 0.9197877869009972
vt 0.6753674149513245 0.9155385866761208
vt 0.6731551289558411 0.912527821958065
vt 0.6763573288917542 0.9119312390685081
vt 0.6784394383430481 0.9137720316648483
vt 0.6710004210472107 0.9225731194019318
vt 0.6586126089096069 0.9671318382024765
vt 0.6563482880592346 0.9767787549644709
vt 0.6641316413879395 0.9665412232279778
vt 0.6622616648674011 0.9725453797727823
vt 0.6600424647331238 0.9788191188126802
vt 0.6640739440917969 0.9710546303540468
vt 0.66285640001297 0.9749240893870592
vt 0.6644813418388367 0.978397661820054
vt 0.6690089702606201 0.9818194452673197
vt 0.6667734384536743 0.9848008695989847
vt 0.6710343360900879 0.98559738881886
vt 0.6704895496368408 0.9887189883738756
vt 0.6744911074638367 0.9800106827169657
vt 0.6788370609283447 0.9903539065271616
vt 0.6814673542976379 0.9872291032224894
vt 0.6823875308036804 0.990657152608037
vt 0.6828454732894897 0.9926661341451108
vt 0.6808450818061829 0.993252397980541
vt 0.680586040019989 0.9951822399161756
vt 0.6634854078292847 0.9815892819315195
vt 0.6774469614028931 0.975881727412343
vt 0.6754581928253174 0.9683396071195602
vt 0.6728340983390808 0.9651988297700882
vt 0.6839482188224792 0.9879160914570093
vt 0.6779986023902893 0.9115409702062607
vt 0.6801295876502991 0.9109193906188011
vt 0.6847991347312927 0.9177001267671585
vt 0.6775097846984863 0.9093938916921616
vt 0.6826335787773132 0.9954018457792699
vt 0.6849261522293091 0.9909588564187288
vt 0.6748492121696472 0.909776359796524
vt 0.6850981116294861 0.9879077021032572
vt 0.641411304473877 0.9756683800369501
vt 0.6386368870735168 0.97411766089499
vt 0.6372024416923523 0.9794181454926729
vt 0.6399893164634705 0.9789629522711039
vt 0.6331918835639954 0.9760701525956392
vt 0.6311696171760559 0.9824583400040865
vt 0.05399033799767494 0.9677449278533459
vt 0.05956348404288292 0.9745090529322624
vt 0.0593852661550045 0.9681772291660309
vt 0.0467684306204319 0.9666158854961395
vt 0.04831601679325104 0.960816003382206
vt 0.04077859967947006 0.9632353149354458
vt 0.02950771152973175 0.9551896788179874
vt 0.0387757271528244 0.9654896147549152
vt 0.027603503316640854 0.9582600891590118
vt 0.06579618155956268 0.9781456813216209
vt 0.06319063901901245 0.972554437816143
vt 0.06243574246764183 0.9660895802080631
vt 0.06785343587398529 0.9741078987717628
vt 0.02447276934981346 0.9518952667713165
vt 0.02307065948843956 0.9554161727428436
vt 0.021235253661870956 0.9502235278487206
vt 0.07595518231391907 0.9810896590352058
vt 0.06787475943565369 0.9814833551645279
vt 0.07521937787532806 0.9837437346577644
vt 0.07410755753517151 0.9858970791101456
vt 0.01915278658270836 0.9530013874173164
vt 0.015900444239377975 0.9472180567681789
vt 0.01583186909556389 0.9507686644792557
vt 0.012846287339925766 0.9488145112991333
vt 0.01223846897482872 0.9423274025321007
vt 0.0077059464529156685 0.9456956163048744
vt 0.008569691330194473 0.937502134591341
vt 0.005470197647809982 0.9446824975311756
vt 0.006220322102308273 0.9356628358364105
vt 0.008535433560609818 0.9319978803396225
vt 0.005597185343503952 0.9310610294342041
vt 0.0038445554673671722 0.9346728622913361
vt 0.0010605864226818085 0.9391227066516876
vt 0.013566289097070694 0.9401704370975494
vt 0.011657211929559708 0.9339481890201569
vt 0.013830777257680893 0.9353586584329605
vt 0.03269271180033684 0.9616450406610966
vt 0.07630060613155365 0.9869497120380402
vt 0.0813925564289093 0.9916886389255524
vt 0.6399897336959839 0.9828536156564951
vt 0.6306885480880737 0.9856899995356798
vt 0.3681028187274933 0.30340898036956787
vt 0.6744158864021301 0.9931718050502241
vt 0.6728925704956055 0.991316856816411
vt 0.6755894422531128 0.994839163031429
vt 0.010053331032395363 0.9471832253038883
vt 0.6316518783569336 0.23275482654571533
vt 0.6293429136276245 0.23188596963882446
vt 0.6271548867225647 0.22978901863098145
vt 0.6278578639030457 0.23068517446517944
vt 0.6792342066764832 0.8437748849391937
vt 0.10592955350875854 0.4575629234313965
vt 0.11040953546762466 0.45476436614990234
vt 0.11383514851331711 0.455655038356781
vt 0.08677704632282257 0.45972228050231934
vt 0.08345452696084976 0.45935356616973877
vt 0.09597913175821304 0.4588690996170044
vt 0.10199034214019775 0.4602234363555908
vt 0.10547412931919098 0.4610356092453003
vt 0.10981272906064987 0.4583328366279602
vt 0.09001455456018448 0.4614832401275635
vt 0.1130266934633255 0.45915377140045166
vt 0.10925832390785217 0.46186530590057373
vt 0.11783596873283386 0.4572766423225403
vt 0.11673444509506226 0.46180087327957153
vt 0.12025206536054611 0.4616173505783081
vt 0.11541547626256943 0.4671284556388855
vt 0.11877589672803879 0.46787506341934204
vt 0.12351949512958527 0.46577608585357666
vt 0.11298216134309769 0.4631460905075073
vt 0.11216968297958374 0.46629899740219116
vt 0.11008129268884659 0.47270989418029785
vt 0.1133946105837822 0.47372257709503174
vt 0.12101408839225769 0.4576103091239929
vt 0.10065067559480667 0.4642448425292969
vt 0.1048465371131897 0.46438777446746826
vt 0.10824942588806152 0.465656042098999
vt 0.10733052343130112 0.4692288637161255
vt 0.10441320389509201 0.4674707055091858
vt 0.125454843044281 0.4587564468383789
vt 0.12638887763023376 0.45517969131469727
vt 0.1026507094502449 0.46749162673950195
vt 0.09748101979494095 0.4628564119338989
vt 0.09396146237850189 0.46258509159088135
vt 0.1194780170917511 0.4494434595108032
vt 0.12254847586154938 0.45386654138565063
vt 0.7323683500289917 0.9727797992527485
vt 0.7331523895263672 0.9645041264593601
vt 0.7311230897903442 0.9656877107918262
vt 0.7295690774917603 0.9661565497517586
vt 0.7292104959487915 0.9762217551469803
vt 0.7286020517349243 0.9657165557146072
vt 0.7366644144058228 0.9693031385540962
vt 0.7353684902191162 0.9626831337809563
vt 0.7409639358520508 0.9650597758591175
vt 0.7377735376358032 0.9605447873473167
vt 0.7430330514907837 0.956126406788826
vt 0.7442996501922607 0.9615193419158459
vt 0.7456977367401123 0.9535798467695713
vt 0.7491130828857422 0.9572820849716663
vt 0.748471736907959 0.9509622752666473
vt 0.7530349493026733 0.9531723856925964
vt 0.7510381937026978 0.9480549283325672
vt 0.7570250034332275 0.9491702429950237
vt 0.7535620927810669 0.9450003914535046
vt 0.7560842037200928 0.9419551752507687
vt 0.7610443830490112 0.9441079311072826
vt 0.7583217620849609 0.9388220645487309
vt 0.7640496492385864 0.9386425912380219
vt 0.7601876258850098 0.935808040201664
vt 0.7617045640945435 0.9332423135638237
vt 0.7689396142959595 0.9335154667496681
vt 0.7624952793121338 0.9311561957001686
vt 0.7708010673522949 0.9302647337317467
vt 0.763113260269165 0.9300331324338913
vt 0.740319013595581 0.9582131020724773
vt 0.7282607555389404 0.9641055017709732
vt 0.7096774578094482 0.9677024893462658
vt 0.715377926826477 0.9761338047683239
vt 0.7054085731506348 0.9711019434034824
vt 0.7290934324264526 0.9614878259599209
vt 0.7060530185699463 0.9651496745646
vt 0.9981729984283447 0.9689204879105091
vt 0.992385745048523 0.9631011411547661
vt 0.9967190623283386 0.9639017842710018
vt 0.7624361515045166 0.9295862764120102
vt 0.994525671005249 0.9734644796699286
vt 0.6385406851768494 0.1899561882019043
vt 0.6397358775138855 0.19314169883728027
vt 0.6408299803733826 0.19624751806259155
vt 0.3531050384044647 0.2905612587928772
vt 0.35473448038101196 0.28780996799468994
vt 0.3548196852207184 0.2853802442550659
vt 0.35015857219696045 0.29466772079467773
vt 0.35347747802734375 0.29609858989715576
vt 0.3661263883113861 0.25115954875946045
vt 0.36699849367141724 0.24876433610916138
vt 0.3656443655490875 0.25193578004837036
vt 0.3650240898132324 0.2532230019569397
vt 0.3594602346420288 0.2704348564147949
vt 0.3604286313056946 0.2664135694503784
vt 0.35807564854621887 0.2728062868118286
vt 0.3565137982368469 0.2802330255508423
vt 0.3580765724182129 0.27781814336776733
vt 0.3589708209037781 0.276367723941803
vt 0.35648950934410095 0.282246470451355
vt 0.42792007327079773 0.09634912014007568
vt 0.42496421933174133 0.09816533327102661
vt 0.4308556318283081 0.09450030326843262
vt 0.420693963766098 0.10120779275894165
vt 0.36317455768585205 0.2567213773727417
vt 0.3695373237133026 0.24299925565719604
vt 0.3630533814430237 0.25746798515319824
vt 0.37146294116973877 0.24018830060958862
vt 0.36201512813568115 0.25872236490249634
vt 0.3733671009540558 0.2354864478111267
vt 0.3605516254901886 0.26346468925476074
vt 0.37513846158981323 0.23329269886016846
vt 0.37759557366371155 0.22914814949035645
vt 0.37954699993133545 0.22659766674041748
vt 0.38072869181632996 0.22475194931030273
vt 0.38217830657958984 0.2223294973373413
vt 0.38533949851989746 0.2154129147529602
vt 0.38712626695632935 0.21205687522888184
vt 0.3885878920555115 0.20758485794067383
vt 0.45964208245277405 0.07073909044265747
vt 0.45451802015304565 0.07800257205963135
vt 0.4543018639087677 0.07826244831085205
vt 0.44638943672180176 0.08317899703979492
vt 0.4434666633605957 0.0848265290260315
vt 0.440385639667511 0.08896404504776001
vt 0.438030868768692 0.0913897156715393
vt 0.39372509717941284 0.18351870775222778
vt 0.39121392369270325 0.19805550575256348
vt 0.39525729417800903 0.173967182636261
vt 0.39810606837272644 0.16194862127304077
vt 0.4036770462989807 0.13711482286453247
vt 0.4094516634941101 0.39630573987960815
vt 0.41137176752090454 0.3974379301071167
vt 0.43019428849220276 0.4080812335014343
vt 0.42373743653297424 0.40459537506103516
vt 0.41716140508651733 0.4008098840713501
vt 0.412162721157074 0.3980177044868469
vt 0.40656718611717224 0.39455437660217285
vt 0.43263107538223267 0.4093363285064697
vt 0.43428847193717957 0.4102904200553894
vt 0.4407322406768799 0.4137675166130066
vt 0.43319445848464966 0.40968841314315796
vt 0.44410863518714905 0.4143233895301819
vt 0.449302613735199 0.4159824252128601
vt 0.4533320963382721 0.4167053699493408
vt 0.45482704043388367 0.4170113205909729
vt 0.46497833728790283 0.41813045740127563
vt 0.4655008912086487 0.41817742586135864
vt 0.4659520089626312 0.4182218909263611
vt 0.4729066491127014 0.4187278151512146
vt 0.47752946615219116 0.419930100440979
vt 0.7017122507095337 0.8264826089143753
vt 0.705934464931488 0.8199355602264404
vt 0.7082803845405579 0.818022683262825
vt 0.7209667563438416 0.8027616739273071
vt 0.7268362641334534 0.7959360629320145
vt 0.7336034774780273 0.7892478853464127
vt 0.7377434968948364 0.7843602150678635
vt 0.7421791553497314 0.7773691266775131
vt 0.6171153783798218 0.9830112177878618
vt 0.6103903651237488 0.9763059634715319
vt 0.8527335524559021 0.15102767944335938
vt 0.8552162647247314 0.15065157413482666
vt 0.8520442247390747 0.15112417936325073
vt 0.8602886199951172 0.14962738752365112
vt 0.8657603859901428 0.1479775309562683
vt 0.8455259799957275 0.15196532011032104
vt 0.835349440574646 0.1534671187400818
vt 0.8331140875816345 0.15360307693481445
vt 0.832768976688385 0.1537073254585266
vt 0.8267971873283386 0.15453076362609863
vt 0.8224969506263733 0.155045747756958
vt 0.821692705154419 0.15528208017349243
vt 0.8289964199066162 0.1542668342590332
vt 0.8312843441963196 0.15390336513519287
vt 0.6763433218002319 0.9945369465276599
vt 0.676488995552063 0.9945294056087732
vt 0.6768556833267212 0.9946360145695508
vt 0.6771655678749084 0.9947391981258988
vt 0.6777725219726562 0.9949888824485242
vt 0.6222585439682007 0.9844980696216226
vt 0.05203896015882492 0.9737349636852741
vt 0.045449644327163696 0.9697439335286617
vt 0.05231105536222458 0.9739102423191071
vt 0.058202628046274185 0.9774510357528925
vt 0.04446248710155487 0.9691339489072561
vt 0.05878298729658127 0.9778211899101734
vt 0.05977581441402435 0.9784373007714748
vt 0.06455131620168686 0.981401177123189
vt 0.06751380115747452 0.9831633884459734
vt 0.06904947757720947 0.9842108022421598
vt 0.07042508572340012 0.9850631412118673
vt 0.07249364256858826 0.9863198827952147
vt 0.003656645305454731 0.9437967091798782
vt 0.005032707005739212 0.9445143528282642
vt 0.0036007266025990248 0.9437643364071846
vt 0.0033751109149307013 0.9436154328286648
vt 0.07316121459007263 0.9869029764086008
vt 0.07537002861499786 0.9884699592366815
vt 0.08176623284816742 0.9935494465753436
vt 0.08039184659719467 0.9924564380198717
vt 0.6227543354034424 0.9856818113476038
vt 0.623715341091156 0.9864450395107269
vt 0.678703784942627 0.9962479779496789
vt 0.6799715161323547 0.9967160783708096
vt 0.6801236271858215 0.9969140549656004
vt 0.680708110332489 0.9977557738311589
vt 0.3691858947277069 0.3011881113052368
vt 0.3713054955005646 0.3013983964920044
vt 0.676279604434967 0.9945798921398818
vt 0.6761831045150757 0.9948797984980047
vt 0.6777369976043701 0.9960055057890713
vt 0.6873074769973755 0.8387372046709061
vt 0.6855252981185913 0.8395905494689941
vt 0.6912163496017456 0.8353221416473389
vt 0.6834158897399902 0.841787114739418
vt 0.6919940114021301 0.8348712176084518
vt 0.6990494728088379 0.8284612745046616
vt 0.6822682023048401 0.8424555659294128
vt 0.6796198487281799 0.8440230637788773
vt 0.6788402795791626 0.8447732180356979
vt 0.6776827573776245 0.8459035307168961
vt 0.4797067642211914 0.420021653175354
vt 0.4807893931865692 0.4201524257659912
vt 0.48587003350257874 0.4195844531059265
vt 0.48843082785606384 0.4197339415550232
vt 0.49489641189575195 0.42048972845077515
vt 0.49758073687553406 0.42085808515548706
vt 0.5010055899620056 0.42112499475479126
vt 0.5050068497657776 0.42128652334213257
vt 0.5098869204521179 0.42155909538269043
vt 0.5184313058853149 0.4226418733596802
vt 0.5366207957267761 0.424030065536499
vt 0.5369967222213745 0.42403823137283325
vt 0.5374486446380615 0.42404621839523315
vt 0.541847288608551 0.42439448833465576
vt 0.5444068312644958 0.4252470135688782
vt 0.5491210222244263 0.4254039525985718
vt 0.10708105564117432 0.4520862102508545
vt 0.10278265178203583 0.45315665006637573
vt 0.107951819896698 0.45189952850341797
vt 0.0958964079618454 0.45511263608932495
vt 0.10944879800081253 0.4514791965484619
vt 0.11053567379713058 0.45123207569122314
vt 0.09173479676246643 0.4561381936073303
vt 0.08669544756412506 0.4573541283607483
vt 0.0837537869811058 0.45811188220977783
vt 0.09431133419275284 0.4555405378341675
vt 0.0829024612903595 0.4582822918891907
vt 0.111927330493927 0.45081406831741333
vt 0.11893894523382187 0.44916272163391113
vt 0.11904644221067429 0.44913816452026367
f 1/1 2/2 3/3
f 2/2 1/1 4/4
f 2/2 5/5 3/3
f 1/1 3/3 6/6
f 4/4 7/7 2/2
f 4/4 1/1 8/8
f 9/9 5/5 2/2
f 10/10 3/3 5/5
f 3/3 10/10 6/6
f 6/6 11/11 1/1
f 2/2 7/7 12/12
f 13/13 7/7 4/4
f 1/1 11/11 8/8
f 14/14 4/4 8/8
f 5/5 9/9 10/10
f 2/2 12/12 9/9
f 15/15 6/6 10/10
f 11/11 6/6 16/16
f 17/17 7/7 13/13
f 14/14 13/13 4/4
f 8/8 11/11 18/18
f 8/8 18/18 14/14
f 9/9 19/19 10/10
f 9/9 12/12 19/19
f 20/20 6/6 15/15
f 19/19 15/15 10/10
f 16/16 6/6 21/21
f 22/22 11/11 16/16
f 13/13 14/14 17/17
f 7/7 17/17 23/23
f 18/18 11/11 22/22
f 14/14 18/18 24/24
f 12/12 25/25 19/19
f 26/26 20/20 15/15
f 6/6 20/20 27/27
f 19/19 25/25 15/15
f 27/27 21/21 6/6
f 22/22 16/16 21/21
f 28/28 17/17 14/14
f 17/17 28/28 23/23
f 29/29 18/18 22/22
f 30/30 14/14 24/24
f 31/31 24/24 18/18
f 25/25 12/12 32/32
f 26/26 32/32 20/20
f 26/26 15/15 25/25
f 21/21 33/33 22/22
f 28/28 14/14 30/30
f 18/18 29/29 31/31
f 22/22 33/33 29/29
f 34/34 30/30 24/24
f 35/35 24/24 31/31
f 25/25 32/32 26/26
f 36/36 28/28 30/30
f 31/31 29/29 37/37
f 29/29 33/33 38/38
f 39/39 30/30 34/34
f 34/34 24/24 35/35
f 35/35 31/31 40/40
f 30/30 39/39 36/36
f 40/40 31/31 37/37
f 41/41 37/37 29/29
f 29/29 38/38 42/42
f 43/43 39/39 34/34
f 35/35 44/44 34/34
f 45/45 35/35 40/40
f 43/43 36/36 39/39
f 40/40 37/37 46/46
f 37/37 41/41 46/46
f 42/42 41/41 29/29
f 42/42 38/38 47/47
f 34/34 48/48 43/43
f 48/48 34/34 44/44
f 44/44 35/35 49/49
f 49/49 35/35 45/45
f 45/45 40/40 46/46
f 46/46 41/41 50/50
f 41/41 42/42 51/51
f 51/51 42/42 47/47
f 38/38 52/52 47/47
f 43/43 48/48 53/53
f 44/44 49/49 48/48
f 54/54 49/49 45/45
f 55/55 45/45 46/46
f 56/56 46/46 50/50
f 41/41 51/51 50/50
f 47/47 57/57 51/51
f 57/57 47/47 52/52
f 53/53 48/48 49/49
f 58/58 49/49 54/54
f 54/54 45/45 55/55
f 59/59 55/55 46/46
f 46/46 56/56 59/59
f 56/56 50/50 60/60
f 51/51 57/57 50/50
f 61/61 53/53 49/49
f 62/62 49/49 58/58
f 54/54 63/63 58/58
f 64/64 54/54 55/55
f 59/59 64/64 55/55
f 59/59 56/56 60/60
f 50/50 65/65 60/60
f 50/50 57/57 65/65
f 61/61 49/49 62/62
f 63/63 54/54 66/66
f 58/58 63/63 67/67
f 66/66 54/54 64/64
f 68/68 59/59 60/60
f 68/68 60/60 65/65
f 66/66 67/67 63/63
f 67/67 66/66 64/64
f 5876/5876 6102/6102 6099/6099
f 5874/5874 5876/5876 6099/6099
f 5955/5955 6168/6168 6167/6167
f 5934/5934 6167/6167 6166/6166
f 72/72 73/73 74/74
f 72/72 75/75 73/73
f 74/74 73/73 76/76
f 77/77 78/78 79/79
f 78/78 77/77 80/80
f 79/79 78/78 81/81
f 79/79 82/82 77/77
f 81/81 78/78 83/83
f 81/81 84/84 79/79
f 84/84 82/82 79/79
f 81/81 83/83 85/85
f 81/81 86/86 84/84
f 86/86 81/81 85/85
f 85/85 83/83 87/87
f 86/86 88/88 84/84
f 85/85 89/89 86/86
f 90/90 85/85 87/87
f 91/91 84/84 88/88
f 88/88 86/86 92/92
f 93/93 86/86 89/89
f 89/89 85/85 94/94
f 94/94 85/85 90/90
f 90/90 87/87 95/95
f 88/88 96/96 91/91
f 92/92 86/86 93/93
f 97/97 88/88 92/92
f 89/89 98/98 93/93
f 98/98 89/89 94/94
f 99/99 94/94 90/90
f 95/95 87/87 100/100
f 95/95 101/101 90/90
f 88/88 97/97 96/96
f 102/102 92/92 93/93
f 97/97 92/92 102/102
f 98/98 102/102 93/93
f 103/103 98/98 94/94
f 103/103 94/94 99/99
f 90/90 101/101 99/99
f 95/95 100/100 104/104
f 101/101 95/95 105/105
f 106/106 96/96 97/97
f 107/107 97/97 102/102
f 102/102 98/98 108/108
f 109/109 98/98 103/103
f 103/103 99/99 110/110
f 110/110 99/99 101/101
f 104/104 100/100 111/111
f 95/95 104/104 105/105
f 105/105 112/112 101/101
f 97/97 107/107 106/106
f 109/109 108/108 98/98
f 113/113 102/102 108/108
f 114/114 109/109 103/103
f 103/103 110/110 114/114
f 110/110 101/101 112/112
f 111/111 115/115 104/104
f 105/105 104/104 116/116
f 112/112 105/105 117/117
f 118/118 108/108 109/109
f 108/108 118/118 113/113
f 119/119 109/109 114/114
f 114/114 110/110 120/120
f 112/112 120/120 110/110
f 115/115 111/111 121/121
f 116/116 104/104 115/115
f 117/117 105/105 116/116
f 117/117 122/122 112/112
f 118/118 109/109 119/119
f 113/113 118/118 123/123
f 119/119 114/114 124/124
f 124/124 114/114 120/120
f 112/112 125/125 120/120
f 115/115 121/121 126/126
f 115/115 126/126 116/116
f 117/117 116/116 127/127
f 125/125 112/112 122/122
f 128/128 122/122 117/117
f 123/123 118/118 119/119
f 124/124 129/129 119/119
f 129/129 124/124 120/120
f 120/120 125/125 130/130
f 126/126 121/121 131/131
f 126/126 132/132 116/116
f 132/132 127/127 116/116
f 127/127 133/133 117/117
f 125/125 122/122 128/128
f 117/117 134/134 128/128
f 129/129 135/135 119/119
f 129/129 120/120 135/135
f 130/130 125/125 136/136
f 135/135 120/120 130/130
f 131/131 121/121 137/137
f 131/131 138/138 126/126
f 139/139 132/132 126/126
f 140/140 117/117 133/133
f 136/136 125/125 128/128
f 141/141 128/128 134/134
f 140/140 134/134 117/117
f 142/142 119/119 135/135
f 143/143 130/130 136/136
f 135/135 130/130 144/144
f 145/145 131/131 137/137
f 146/146 138/138 131/131
f 139/139 126/126 138/138
f 136/136 128/128 141/141
f 147/147 142/142 135/135
f 130/130 143/143 148/148
f 143/143 136/136 141/141
f 147/147 135/135 144/144
f 148/148 144/144 130/130
f 145/145 137/137 149/149
f 131/131 145/145 146/146
f 138/138 146/146 150/150
f 139/139 138/138 151/151
f 148/148 143/143 152/152
f 141/141 153/153 143/143
f 147/147 144/144 148/148
f 154/154 145/145 149/149
f 155/155 146/146 145/145
f 146/146 155/155 150/150
f 150/150 151/151 138/138
f 156/156 139/139 151/151
f 157/157 148/148 152/152
f 152/152 143/143 153/153
f 158/158 147/147 148/148
f 145/145 154/154 155/155
f 151/151 150/150 156/156
f 157/157 158/158 148/148
f 152/152 159/159 157/157
f 160/160 161/161 162/162
f 163/163 164/164 165/165
f 164/164 163/163 166/166
f 165/165 164/164 167/167
f 163/163 165/165 168/168
f 169/169 166/166 163/163
f 166/166 170/170 164/164
f 164/164 170/170 167/167
f 168/168 171/171 163/163
f 163/163 171/171 169/169
f 170/170 172/172 167/167
f 168/168 173/173 171/171
f 174/174 169/169 171/171
f 168/168 175/175 173/173
f 171/171 173/173 174/174
f 174/174 173/173 175/175
f 176/176 177/177 178/178
f 178/178 177/177 179/179
f 178/178 180/180 176/176
f 178/178 179/179 181/181
f 180/180 178/178 182/182
f 176/176 180/180 183/183
f 179/179 184/184 181/181
f 181/181 182/182 178/178
f 182/182 185/185 180/180
f 180/180 186/186 183/183
f 184/184 187/187 181/181
f 185/185 182/182 181/181
f 185/185 188/188 180/180
f 183/183 186/186 189/189
f 188/188 186/186 180/180
f 181/181 187/187 190/190
f 185/185 181/181 190/190
f 188/188 185/185 190/190
f 186/186 191/191 189/189
f 186/186 188/188 192/192
f 190/190 187/187 141/141
f 190/190 193/193 188/188
f 191/191 186/186 194/194
f 195/195 189/189 191/191
f 193/193 192/192 188/188
f 192/192 196/196 186/186
f 141/141 197/197 190/190
f 198/198 141/141 187/187
f 190/190 199/199 193/193
f 194/194 186/186 200/200
f 194/194 201/201 191/191
f 202/202 189/189 195/195
f 191/191 201/201 195/195
f 192/192 193/193 199/199
f 196/196 192/192 203/203
f 186/186 196/196 200/200
f 134/134 197/197 141/141
f 190/190 197/197 199/199
f 198/198 153/153 141/141
f 201/201 194/194 200/200
f 195/195 204/204 202/202
f 195/195 201/201 205/205
f 192/192 199/199 203/203
f 203/203 206/206 196/196
f 200/200 196/196 207/207
f 197/197 134/134 199/199
f 201/201 200/200 208/208
f 204/204 195/195 205/205
f 209/209 202/202 204/204
f 210/210 205/205 201/201
f 199/199 134/134 203/203
f 203/203 211/211 206/206
f 196/196 206/206 207/207
f 200/200 207/207 212/212
f 200/200 212/212 208/208
f 201/201 208/208 210/210
f 213/213 204/204 205/205
f 204/204 213/213 209/209
f 214/214 202/202 209/209
f 210/210 215/215 205/205
f 203/203 134/134 211/211
f 211/211 216/216 206/206
f 206/206 216/216 207/207
f 207/207 216/216 212/212
f 217/217 208/208 212/212
f 208/208 217/217 210/210
f 205/205 215/215 213/213
f 213/213 218/218 209/209
f 214/214 219/219 202/202
f 214/214 209/209 220/220
f 210/210 221/221 215/215
f 134/134 222/222 211/211
f 216/216 211/211 222/222
f 212/212 216/216 223/223
f 217/217 212/212 224/224
f 217/217 225/225 210/210
f 218/218 213/213 215/215
f 209/209 218/218 220/220
f 219/219 214/214 226/226
f 220/220 227/227 214/214
f 225/225 221/221 210/210
f 228/228 215/215 221/221
f 134/134 140/140 222/222
f 222/222 223/223 216/216
f 212/212 223/223 224/224
f 229/229 217/217 224/224
f 225/225 217/217 229/229
f 218/218 215/215 228/228
f 218/218 230/230 220/220
f 214/214 231/231 226/226
f 230/230 227/227 220/220
f 214/214 227/227 231/231
f 225/225 232/232 221/221
f 228/228 221/221 233/233
f 234/234 222/222 140/140
f 222/222 234/234 223/223
f 234/234 224/224 223/223
f 224/224 235/235 229/229
f 229/229 236/236 225/225
f 230/230 218/218 228/228
f 237/237 226/226 231/231
f 227/227 230/230 233/233
f 227/227 238/238 231/231
f 232/232 225/225 236/236
f 239/239 221/221 232/232
f 240/240 233/233 221/221
f 230/230 228/228 233/233
f 140/140 133/133 234/234
f 234/234 235/235 224/224
f 235/235 132/132 229/229
f 236/236 229/229 241/241
f 231/231 242/242 237/237
f 233/233 243/243 227/227
f 227/227 244/244 238/238
f 231/231 238/238 242/242
f 236/236 245/245 232/232
f 221/221 239/239 246/246
f 239/239 232/232 247/247
f 233/233 240/240 243/243
f 240/240 221/221 248/248
f 234/234 133/133 249/249
f 249/249 235/235 234/234
f 229/229 132/132 241/241
f 249/249 132/132 235/235
f 241/241 250/250 236/236
f 251/251 237/237 242/242
f 243/243 244/244 227/227
f 244/244 252/252 238/238
f 253/253 242/242 238/238
f 250/250 245/245 236/236
f 245/245 247/247 232/232
f 247/247 246/246 239/239
f 246/246 248/248 221/221
f 244/244 243/243 240/240
f 240/240 248/248 254/254
f 127/127 249/249 133/133
f 241/241 132/132 139/139
f 127/127 132/132 249/249
f 241/241 156/156 250/250
f 253/253 251/251 242/242
f 255/255 252/252 244/244
f 252/252 256/256 238/238
f 238/238 257/257 253/253
f 250/250 258/258 245/245
f 258/258 247/247 245/245
f 259/259 246/246 247/247
f 246/246 259/259 248/248
f 240/240 255/255 244/244
f 240/240 254/254 255/255
f 254/254 248/248 260/260
f 241/241 139/139 156/156
f 156/156 258/258 250/250
f 252/252 255/255 261/261
f 262/262 256/256 252/252
f 263/263 238/238 256/256
f 257/257 238/238 263/263
f 257/257 264/264 253/253
f 265/265 247/247 258/258
f 247/247 266/266 259/259
f 259/259 267/267 248/248
f 255/255 254/254 261/261
f 248/248 268/268 260/260
f 254/254 260/260 262/262
f 258/258 156/156 269/269
f 261/261 262/262 252/252
f 256/256 262/262 270/270
f 256/256 271/271 263/263
f 263/263 272/272 257/257
f 257/257 273/273 264/264
f 269/269 265/265 258/258
f 265/265 266/266 247/247
f 267/267 259/259 266/266
f 268/268 248/248 267/267
f 262/262 261/261 254/254
f 260/260 268/268 274/274
f 262/262 260/260 270/270
f 269/269 156/156 150/150
f 270/270 275/275 256/256
f 275/275 271/271 256/256
f 271/271 276/276 263/263
f 257/257 272/272 277/277
f 272/272 263/263 278/278
f 257/257 277/277 273/273
f 269/269 279/279 265/265
f 280/280 266/266 265/265
f 266/266 281/281 267/267
f 267/267 282/282 268/268
f 283/283 274/274 268/268
f 260/260 274/274 275/275
f 275/275 270/270 260/260
f 150/150 284/284 269/269
f 271/271 275/275 285/285
f 276/276 271/271 286/286
f 263/263 276/276 278/278
f 272/272 287/287 277/277
f 278/278 288/288 272/272
f 269/269 289/289 279/279
f 280/280 265/265 279/279
f 266/266 280/280 290/290
f 266/266 290/290 281/281
f 281/281 291/291 267/267
f 268/268 282/282 283/283
f 267/267 292/292 282/282
f 274/274 283/283 286/286
f 275/275 274/274 285/285
f 150/150 155/155 284/284
f 284/284 293/293 269/269
f 271/271 285/285 286/286
f 276/276 286/286 294/294
f 276/276 295/295 278/278
f 272/272 288/288 287/287
f 287/287 288/288 277/277
f 278/278 295/295 288/288
f 269/269 293/293 289/289
f 289/289 280/280 279/279
f 290/290 280/280 296/296
f 290/290 297/297 281/281
f 291/291 281/281 297/297
f 291/291 292/292 267/267
f 283/283 282/282 298/298
f 292/292 299/299 282/282
f 286/286 283/283 294/294
f 286/286 285/285 274/274
f 293/293 284/284 155/155
f 276/276 294/294 300/300
f 295/295 276/276 301/301
f 277/277 288/288 302/302
f 288/288 295/295 303/303
f 304/304 289/289 293/293
f 289/289 296/296 280/280
f 296/296 297/297 290/290
f 282/282 305/305 298/298
f 283/283 298/298 294/294
f 299/299 306/306 282/282
f 300/300 294/294 298/298
f 276/276 300/300 301/301
f 301/301 307/307 295/295
f 308/308 277/277 302/302
f 288/288 309/309 302/302
f 309/309 288/288 303/303
f 295/295 307/307 303/303
f 296/296 289/289 304/304
f 304/304 297/297 296/296
f 306/306 305/305 282/282
f 298/298 305/305 300/300
f 301/301 300/300 310/310
f 307/307 301/301 311/311
f 303/303 312/312 309/309
f 303/303 307/307 313/313
f 314/314 305/305 306/306
f 300/300 305/305 310/310
f 310/310 311/311 301/301
f 307/307 311/311 315/315
f 303/303 316/316 312/312
f 313/313 307/307 317/317
f 303/303 313/313 316/316
f 305/305 314/314 318/318
f 311/311 310/310 305/305
f 311/311 318/318 315/315
f 307/307 315/315 317/317
f 305/305 318/318 311/311
f 317/317 315/315 318/318
f 319/319 320/320 321/321
f 320/320 319/319 322/322
f 323/323 319/319 321/321
f 322/322 319/319 324/324
f 325/325 320/320 322/322
f 319/319 323/323 324/324
f 322/322 326/326 325/325
f 327/327 328/328 329/329
f 327/327 329/329 330/330
f 331/331 330/330 329/329
f 327/327 330/330 332/332
f 330/330 331/331 333/333
f 334/334 327/327 332/332
f 330/330 333/333 321/321
f 335/335 336/336 337/337
f 338/338 336/336 335/335
f 335/335 337/337 339/339
f 338/338 340/340 336/336
f 341/341 338/338 335/335
f 342/342 335/335 339/339
f 338/338 343/343 340/340
f 338/338 341/341 343/343
f 335/335 160/160 341/341
f 160/160 335/335 342/342
f 344/344 345/345 346/346
f 345/345 344/344 347/347
f 345/345 348/348 346/346
f 347/347 349/349 345/345
f 348/348 345/345 349/349
f 348/348 350/350 346/346
f 351/351 349/349 347/347
f 349/349 352/352 348/348
f 351/351 352/352 349/349
f 351/351 348/348 352/352
f 353/353 83/83 78/78
f 353/353 354/354 83/83
f 355/355 353/353 78/78
f 353/353 356/356 354/354
f 83/83 354/354 357/357
f 358/358 355/355 78/78
f 353/353 355/355 356/356
f 356/356 359/359 354/354
f 83/83 357/357 360/360
f 361/361 357/357 354/354
f 78/78 80/80 358/358
f 358/358 362/362 355/355
f 355/355 362/362 356/356
f 354/354 359/359 361/361
f 356/356 363/363 359/359
f 360/360 357/357 364/364
f 87/87 83/83 360/360
f 365/365 357/357 361/361
f 358/358 80/80 366/366
f 358/358 366/366 362/362
f 367/367 356/356 362/362
f 361/361 359/359 368/368
f 356/356 367/367 363/363
f 363/363 368/368 359/359
f 365/365 364/364 357/357
f 360/360 364/364 369/369
f 87/87 360/360 100/100
f 370/370 365/365 361/361
f 80/80 371/371 366/366
f 372/372 362/362 366/366
f 372/372 367/367 362/362
f 368/368 373/373 361/361
f 374/374 363/363 367/367
f 363/363 375/375 368/368
f 376/376 364/364 365/365
f 376/376 369/369 364/364
f 369/369 100/100 360/360
f 370/370 361/361 377/377
f 371/371 80/80 378/378
f 379/379 366/366 371/371
f 372/372 366/366 380/380
f 381/381 367/367 372/372
f 368/368 382/382 373/373
f 361/361 373/373 383/383
f 381/381 374/374 367/367
f 384/384 363/363 374/374
f 363/363 384/384 375/375
f 368/368 375/375 382/382
f 385/385 376/376 365/365
f 369/369 376/376 111/111
f 111/111 100/100 369/369
f 361/361 383/383 377/377
f 386/386 378/378 80/80
f 378/378 387/387 371/371
f 379/379 380/380 366/366
f 379/379 371/371 388/388
f 380/380 389/389 372/372
f 389/389 381/381 372/372
f 390/390 373/373 382/382
f 373/373 390/390 383/383
f 374/374 381/381 391/391
f 374/374 392/392 384/384
f 392/392 375/375 384/384
f 392/392 382/382 375/375
f 376/376 385/385 393/393
f 111/111 376/376 393/393
f 377/377 383/383 394/394
f 395/395 378/378 386/386
f 387/387 378/378 396/396
f 388/388 371/371 387/387
f 380/380 379/379 388/388
f 389/389 380/380 388/388
f 389/389 391/391 381/381
f 390/390 382/382 397/397
f 390/390 398/398 383/383
f 374/374 399/399 392/392
f 392/392 397/397 382/382
f 393/393 385/385 400/400
f 401/401 111/111 393/393
f 398/398 394/394 383/383
f 396/396 378/378 395/395
f 388/388 387/387 396/396
f 388/388 402/402 389/389
f 391/391 389/389 402/402
f 390/390 397/397 403/403
f 390/390 404/404 398/398
f 405/405 392/392 399/399
f 392/392 405/405 397/397
f 393/393 400/400 406/406
f 401/401 393/393 406/406
f 121/121 111/111 401/401
f 396/396 395/395 407/407
f 388/388 396/396 408/408
f 402/402 388/388 409/409
f 402/402 410/410 391/391
f 405/405 403/403 397/397
f 403/403 404/404 390/390
f 399/399 411/411 405/405
f 412/412 406/406 400/400
f 401/401 406/406 413/413
f 401/401 137/137 121/121
f 407/407 395/395 414/414
f 407/407 415/415 396/396
f 408/408 396/396 415/415
f 408/408 409/409 388/388
f 410/410 402/402 409/409
f 416/416 391/391 410/410
f 405/405 411/411 403/403
f 412/412 413/413 406/406
f 413/413 137/137 401/401
f 414/414 417/417 407/407
f 417/417 415/415 407/407
f 418/418 408/408 415/415
f 408/408 419/419 409/409
f 409/409 420/420 410/410
f 421/421 416/416 410/410
f 413/413 412/412 149/149
f 137/137 413/413 149/149
f 422/422 417/417 414/414
f 418/418 415/415 417/417
f 423/423 408/408 418/418
f 419/419 408/408 423/423
f 174/174 409/409 419/419
f 420/420 409/409 174/174
f 421/421 410/410 420/420
f 422/422 424/424 417/417
f 424/424 418/418 417/417
f 424/424 423/423 418/418
f 425/425 419/419 423/423
f 419/419 169/169 174/174
f 175/175 420/420 174/174
f 420/420 175/175 421/421
f 422/422 426/426 424/424
f 427/427 423/423 424/424
f 419/419 425/425 169/169
f 427/427 425/425 423/423
f 427/427 424/424 426/426
f 5924/5924 6166/6166 6160/6160
f 429/429 428/428 430/430
f 5926/5926 6163/6163 6165/6165
f 430/430 428/428 432/432
f 429/429 430/430 433/433
f 5927/5927 6158/6158 6164/6164
f 433/433 431/431 429/429
f 432/432 435/435 430/430
f 436/436 433/433 430/430
f 431/431 437/437 434/434
f 433/433 437/437 431/431
f 435/435 436/436 430/430
f 432/432 438/438 435/435
f 439/439 433/433 436/436
f 440/440 434/434 437/437
f 441/441 437/437 433/433
f 442/442 436/436 435/435
f 443/443 435/435 438/438
f 438/438 432/432 444/444
f 439/439 436/436 442/442
f 433/433 439/439 441/441
f 440/440 437/437 445/445
f 441/441 446/446 437/437
f 443/443 442/442 435/435
f 447/447 443/443 438/438
f 444/444 447/447 438/438
f 448/448 439/439 442/442
f 449/449 441/441 439/439
f 437/437 446/446 445/445
f 440/440 445/445 450/450
f 441/441 451/451 446/446
f 443/443 452/452 442/442
f 453/453 443/443 447/447
f 444/444 454/454 447/447
f 448/448 449/449 439/439
f 442/442 455/455 448/448
f 441/441 449/449 451/451
f 445/445 446/446 456/456
f 450/450 445/445 456/456
f 450/450 457/457 440/440
f 451/451 458/458 446/446
f 459/459 452/452 443/443
f 442/442 452/452 455/455
f 454/454 453/453 447/447
f 453/453 459/459 443/443
f 455/455 460/460 448/448
f 446/446 458/458 456/456
f 456/456 461/461 450/450
f 457/457 450/450 462/462
f 5927/5927 5922/5922 6158/6158
f 452/452 459/459 463/463
f 455/455 452/452 464/464
f 454/454 465/465 453/453
f 459/459 453/453 466/466
f 467/467 448/448 460/460
f 468/468 460/460 455/455
f 461/461 456/456 458/458
f 450/450 461/461 469/469
f 462/462 450/450 470/470
f 5925/5925 6164/6164 6161/6161
f 459/459 471/471 463/463
f 463/463 464/464 452/452
f 464/464 468/468 455/455
f 466/466 453/453 465/465
f 472/472 459/459 466/466
f 460/460 468/468 473/473
f 470/470 450/450 469/469
f 5925/5925 6162/6162 6163/6163
f 5924/5924 6160/6160 6159/6159
f 471/471 459/459 472/472
f 471/471 474/474 463/463
f 464/464 463/463 475/475
f 468/468 464/464 475/475
f 476/476 473/473 468/468
f 469/469 69/69 470/470
f 5923/5923 6159/6159 6157/6157
f 5922/5922 6156/6156 6158/6158
f 5923/5923 6157/6157 6155/6155
f 477/477 471/471 472/472
f 471/471 478/478 474/474
f 463/463 474/474 475/475
f 468/468 475/475 476/476
f 473/473 476/476 479/479
f 69/69 469/469 70/70
f 1151/1151 6153/6153 6154/6154
f 1151/1151 6152/6152 6153/6153
f 478/478 471/471 477/477
f 478/478 480/480 474/474
f 475/475 474/474 481/481
f 482/482 476/476 475/475
f 479/479 476/476 483/483
f 479/479 484/484 473/473
f 477/477 61/61 478/478
f 478/478 485/485 480/480
f 474/474 480/480 481/481
f 475/475 481/481 482/482
f 476/476 482/482 483/483
f 483/483 486/486 479/479
f 484/484 479/479 487/487
f 478/478 61/61 62/62
f 478/478 62/62 485/485
f 488/488 480/480 485/485
f 480/480 488/488 481/481
f 482/482 481/481 488/488
f 482/482 67/67 483/483
f 483/483 67/67 486/486
f 479/479 486/486 489/489
f 487/487 479/479 489/489
f 487/487 490/490 484/484
f 485/485 62/62 58/58
f 485/485 58/58 488/488
f 482/482 488/488 67/67
f 64/64 486/486 67/67
f 489/489 486/486 491/491
f 492/492 487/487 489/489
f 490/490 487/487 493/493
f 494/494 484/484 490/490
f 67/67 488/488 58/58
f 64/64 495/495 486/486
f 491/491 486/486 495/495
f 496/496 489/489 491/491
f 492/492 489/489 496/496
f 493/493 487/487 492/492
f 494/494 490/490 493/493
f 494/494 460/460 484/484
f 59/59 495/495 64/64
f 495/495 497/497 491/491
f 491/491 498/498 496/496
f 496/496 499/499 492/492
f 499/499 493/493 492/492
f 460/460 494/494 500/500
f 495/495 59/59 68/68
f 497/497 495/495 68/68
f 491/491 497/497 501/501
f 498/498 491/491 501/501
f 496/496 498/498 502/502
f 503/503 499/499 496/496
f 499/499 504/504 493/493
f 501/501 505/505 498/498
f 502/502 506/506 496/496
f 498/498 507/507 502/502
f 503/503 504/504 499/499
f 496/496 506/506 503/503
f 493/493 504/504 508/508
f 505/505 509/509 498/498
f 506/506 502/502 507/507
f 509/509 507/507 498/498
f 503/503 510/510 504/504
f 503/503 506/506 510/510
f 510/510 508/508 504/504
f 493/493 508/508 511/511
f 507/507 512/512 506/506
f 509/509 513/513 507/507
f 506/506 512/512 510/510
f 510/510 512/512 508/508
f 514/514 511/511 508/508
f 512/512 507/507 513/513
f 512/512 514/514 508/508
f 511/511 514/514 515/515
f 513/513 516/516 512/512
f 512/512 515/515 514/514
f 516/516 515/515 512/512
f 515/515 516/516 517/517
f 517/517 518/518 515/515
f 519/519 518/518 517/517
f 518/518 519/519 520/520
f 517/517 521/521 519/519
f 521/521 520/520 519/519
f 522/522 523/523 524/524
f 1151/1151 1147/1147 6152/6152
f 1145/1145 6151/6151 6152/6152
f 1145/1145 6150/6150 6151/6151
f 1145/1145 6149/6149 6150/6150
f 1140/1140 6148/6148 6149/6149
f 1140/1140 6147/6147 6148/6148
f 1140/1140 1029/1029 6147/6147
f 1029/1029 6146/6146 6147/6147
f 1029/1029 6145/6145 6146/6146
f 1029/1029 1031/1031 6145/6145
f 1031/1031 6144/6144 6145/6145
f 1031/1031 6143/6143 6144/6144
f 525/525 526/526 527/527
f 525/525 528/528 526/526
f 529/529 527/527 526/526
f 91/91 525/525 527/527
f 530/530 528/528 525/525
f 531/531 526/526 528/528
f 526/526 531/531 529/529
f 527/527 529/529 532/532
f 533/533 525/525 91/91
f 91/91 527/527 84/84
f 534/534 528/528 530/530
f 535/535 530/530 525/525
f 528/528 534/534 531/531
f 529/529 531/531 536/536
f 537/537 532/532 529/529
f 527/527 532/532 82/82
f 538/538 533/533 91/91
f 535/535 525/525 533/533
f 82/82 84/84 527/527
f 539/539 534/534 530/530
f 540/540 530/530 535/535
f 534/534 541/541 531/531
f 536/536 531/531 541/541
f 536/536 386/386 529/529
f 386/386 537/537 529/529
f 537/537 77/77 532/532
f 82/82 532/532 77/77
f 542/542 533/533 538/538
f 96/96 538/538 91/91
f 533/533 543/543 535/535
f 544/544 534/534 539/539
f 540/540 539/539 530/530
f 545/545 540/540 535/535
f 534/534 546/546 541/541
f 547/547 536/536 541/541
f 395/395 386/386 536/536
f 537/537 386/386 80/80
f 537/537 80/80 77/77
f 96/96 542/542 538/538
f 548/548 533/533 542/542
f 545/545 535/535 543/543
f 543/543 533/533 549/549
f 544/544 550/550 534/534
f 539/539 551/551 544/544
f 539/539 540/540 551/551
f 545/545 552/552 540/540
f 546/546 534/534 550/550
f 541/541 546/546 553/553
f 553/553 547/547 541/541
f 547/547 395/395 536/536
f 106/106 542/542 96/96
f 548/548 542/542 73/73
f 533/533 548/548 554/554
f 555/555 545/545 543/543
f 555/555 543/543 549/549
f 554/554 549/549 533/533
f 544/544 556/556 550/550
f 551/551 557/557 544/544
f 558/558 551/551 540/540
f 552/552 545/545 559/559
f 558/558 540/540 552/552
f 550/550 560/560 546/546
f 546/546 560/560 553/553
f 561/561 547/547 553/553
f 395/395 547/547 414/414
f 73/73 542/542 76/76
f 73/73 562/562 548/548
f 548/548 563/563 554/554
f 555/555 559/559 545/545
f 564/564 555/555 549/549
f 554/554 565/565 549/549
f 556/556 566/566 550/550
f 557/557 556/556 544/544
f 558/558 557/557 551/551
f 566/566 560/560 550/550
f 567/567 553/553 560/560
f 568/568 547/547 561/561
f 553/553 569/569 561/561
f 414/414 547/547 568/568
f 75/75 562/562 73/73
f 570/570 548/548 562/562
f 570/570 563/563 548/548
f 571/571 554/554 563/563
f 559/559 555/555 572/572
f 565/565 564/564 549/549
f 572/572 555/555 564/564
f 565/565 554/554 571/571
f 573/573 566/566 556/556
f 557/557 574/574 556/556
f 558/558 574/574 557/557
f 553/553 567/567 575/575
f 568/568 561/561 576/576
f 561/561 569/569 577/577
f 569/569 553/553 575/575
f 414/414 568/568 422/422
f 570/570 562/562 75/75
f 578/578 563/563 570/570
f 578/578 571/571 563/563
f 564/564 565/565 579/579
f 580/580 572/572 564/564
f 571/571 579/579 565/565
f 574/574 573/573 556/556
f 576/576 561/561 581/581
f 576/576 422/422 568/568
f 582/582 577/577 569/569
f 583/583 561/561 577/577
f 569/569 575/575 582/582
f 75/75 584/584 570/570
f 585/585 578/578 570/570
f 571/571 578/578 586/586
f 579/579 580/580 564/564
f 587/587 572/572 580/580
f 588/588 579/579 571/571
f 589/589 581/581 561/561
f 581/581 590/590 576/576
f 577/577 582/582 591/591
f 583/583 577/577 591/591
f 561/561 583/583 589/589
f 582/582 575/575 592/592
f 593/593 570/570 584/584
f 586/586 578/578 585/585
f 593/593 585/585 570/570
f 586/586 588/588 571/571
f 580/580 579/579 588/588
f 589/589 590/590 581/581
f 594/594 591/591 582/582
f 583/583 591/591 595/595
f 589/589 583/583 596/596
f 594/594 582/582 592/592
f 597/597 593/593 584/584
f 598/598 586/586 585/585
f 585/585 593/593 598/598
f 588/588 586/586 599/599
f 600/600 590/590 589/589
f 595/595 591/591 594/594
f 595/595 596/596 583/583
f 596/596 601/601 589/589
f 593/593 597/597 602/602
f 586/586 598/598 603/603
f 598/598 593/593 602/602
f 599/599 586/586 603/603
f 588/588 599/599 604/604
f 600/600 589/589 601/601
f 601/601 596/596 605/605
f 1031/1031 6142/6142 6143/6143
f 603/603 598/598 606/606
f 606/606 598/598 602/602
f 607/607 599/599 603/603
f 604/604 599/599 608/608
f 605/605 600/600 601/601
f 1031/1031 1030/1030 6142/6142
f 1030/1030 6141/6141 6142/6142
f 610/610 603/603 606/606
f 606/606 602/602 609/609
f 610/610 607/607 603/603
f 607/607 608/608 599/599
f 604/604 608/608 611/611
f 610/610 606/606 612/612
f 612/612 606/606 609/609
f 610/610 611/611 607/607
f 608/608 607/607 611/611
f 610/610 612/612 613/613
f 614/614 612/612 609/609
f 612/612 614/614 613/613
f 1030/1030 1028/1028 6141/6141
f 1027/1027 6140/6140 6141/6141
f 1027/1027 6067/6067 6139/6139
f 5921/5921 6138/6138 6137/6137
f 5921/5921 6137/6137 6136/6136
f 1213/1213 6136/6136 6135/6135
f 1213/1213 6135/6135 6132/6132
f 1247/1247 6134/6134 6068/6068
f 1247/1247 6133/6133 6134/6134
f 1247/1247 1230/1230 6133/6133
f 1230/1230 6131/6131 6133/6133
f 1220/1220 6132/6132 6130/6130
f 1230/1230 6129/6129 6131/6131
f 1230/1230 1220/1220 6129/6129
f 5914/5914 6092/6092 5844/5844
f 5915/5915 6128/6128 6127/6127
f 5913/5913 6127/6127 6126/6126
f 5913/5913 6126/6126 6092/6092
f 5913/5913 6092/6092 5914/5914
f 5861/5861 6122/6122 6123/6123
f 5851/5851 6121/6121 6122/6122
f 5851/5851 6096/6096 6120/6120
f 5870/5870 6097/6097 6118/6118
f 5908/5908 6114/6114 6115/6115
f 5908/5908 6109/6109 6114/6114
f 5908/5908 5890/5890 6109/6109
f 5899/5899 6113/6113 6112/6112
f 5897/5897 6112/6112 6110/6110
f 5890/5890 6108/6108 6109/6109
f 5890/5890 6107/6107 6108/6108
f 5890/5890 5889/5889 6107/6107
f 444/444 432/432 615/615
f 5888/5888 6105/6105 6106/6106
f 5888/5888 6104/6104 6105/6105
f 5888/5888 6103/6103 6104/6104
f 5888/5888 5880/5880 6103/6103
f 5880/5880 6101/6101 6103/6103
f 5880/5880 5872/5872 6101/6101
f 5872/5872 6100/6100 6101/6101
f 5871/5871 5874/5874 6099/6099
f 5872/5872 6098/6098 6100/6100
f 5872/5872 5871/5871 6098/6098
f 5870/5870 6076/6076 6097/6097
f 5870/5870 3486/3486 6076/6076
f 5851/5851 6095/6095 6096/6096
f 5851/5851 5850/5850 6095/6095
f 5850/5850 6094/6094 6095/6095
f 5850/5850 5846/5846 6094/6094
f 5846/5846 6093/6093 6094/6094
f 5846/5846 5843/5843 6093/6093
f 3600/3600 6091/6091 6090/6090
f 3600/3600 3597/3597 6091/6091
f 3597/3597 6086/6086 6091/6091
f 3600/3600 6090/6090 6087/6087
f 3604/3604 6088/6088 6089/6089
f 3595/3595 6085/6085 6086/6086
f 3595/3595 6084/6084 6085/6085
f 3595/3595 3592/3592 6084/6084
f 3592/3592 6083/6083 6084/6084
f 3592/3592 3589/3589 6083/6083
f 617/617 618/618 619/619
f 618/618 617/617 620/620
f 617/617 619/619 621/621
f 617/617 622/622 620/620
f 621/621 619/619 623/623
f 621/621 624/624 617/617
f 621/621 623/623 625/625
f 621/621 626/626 624/624
f 625/625 627/627 621/621
f 626/626 621/621 627/627
f 627/627 625/625 628/628
f 627/627 629/629 626/626
f 630/630 627/627 628/628
f 629/629 631/631 626/626
f 629/629 627/627 630/630
f 632/632 630/630 628/628
f 630/630 631/631 629/629
f 633/633 626/626 631/631
f 634/634 630/630 632/632
f 631/631 630/630 635/635
f 633/633 631/631 636/636
f 634/634 635/635 630/630
f 634/634 632/632 637/637
f 631/631 635/635 638/638
f 636/636 631/631 639/639
f 640/640 633/633 636/636
f 635/635 634/634 641/641
f 634/634 637/637 641/641
f 638/638 635/635 642/642
f 639/639 631/631 638/638
f 643/643 636/636 639/639
f 636/636 643/643 640/640
f 641/641 642/642 635/635
f 641/641 637/637 644/644
f 645/645 638/638 642/642
f 642/642 641/641 645/645
f 646/646 641/641 644/644
f 637/637 647/647 644/644
f 645/645 641/641 648/648
f 646/646 648/648 641/641
f 649/649 646/646 644/644
f 647/647 650/650 644/644
f 644/644 651/651 649/649
f 652/652 650/650 647/647
f 644/644 650/650 651/651
f 649/649 651/651 653/653
f 652/652 647/647 654/654
f 650/650 652/652 655/655
f 655/655 651/651 650/650
f 651/651 655/655 653/653
f 652/652 654/654 656/656
f 652/652 657/657 655/655
f 654/654 658/658 656/656
f 657/657 652/652 656/656
f 654/654 659/659 658/658
f 660/660 656/656 658/658
f 656/656 660/660 657/657
f 658/658 659/659 661/661
f 660/660 658/658 662/662
f 660/660 663/663 657/657
f 658/658 661/661 662/662
f 663/663 660/660 662/662
f 663/663 662/662 661/661
f 664/664 665/665 666/666
f 667/667 665/665 664/664
f 668/668 664/664 666/666
f 665/665 667/667 669/669
f 664/664 668/668 667/667
f 670/670 669/669 667/667
f 669/669 671/671 665/665
f 672/672 667/667 668/668
f 673/673 669/669 670/670
f 672/672 670/670 667/667
f 665/665 671/671 674/674
f 671/671 669/669 675/675
f 675/675 669/669 673/673
f 676/676 673/673 670/670
f 672/672 677/677 670/670
f 671/671 675/675 674/674
f 675/675 673/673 678/678
f 673/673 676/676 679/679
f 677/677 680/680 670/670
f 681/681 675/675 678/678
f 678/678 673/673 682/682
f 673/673 679/679 682/682
f 670/670 680/680 683/683
f 684/684 680/680 677/677
f 685/685 681/681 678/678
f 678/678 682/682 686/686
f 682/682 679/679 686/686
f 687/687 683/683 680/680
f 680/680 684/684 687/687
f 688/688 684/684 677/677
f 678/678 689/689 685/685
f 689/689 678/678 686/686
f 690/690 686/686 679/679
f 684/684 691/691 687/687
f 684/684 688/688 691/691
f 677/677 692/692 688/688
f 686/686 690/690 689/689
f 687/687 691/691 693/693
f 688/688 694/694 691/691
f 692/692 677/677 695/695
f 689/689 690/690 696/696
f 691/691 697/697 693/693
f 688/688 698/698 694/694
f 694/694 697/697 691/691
f 695/695 677/677 699/699
f 700/700 696/696 690/690
f 693/693 697/697 701/701
f 696/696 700/700 702/702
f 702/702 703/703 696/696
f 670/670 683/683 704/704
f 683/683 687/687 704/704
f 670/670 704/704 676/676
f 704/704 687/687 676/676
f 3589/3589 6080/6080 6083/6083
f 3590/3590 6082/6082 6081/6081
f 3589/3589 6081/6081 6079/6079
f 3589/3589 6078/6078 6080/6080
f 1316/1316 6074/6074 6075/6075
f 1316/1316 1300/1300 6074/6074
f 1284/1284 6073/6073 6074/6074
f 1284/1284 6072/6072 6073/6073
f 705/705 706/706 707/707
f 1284/1284 6071/6071 6072/6072
f 1284/1284 1254/1254 6071/6071
f 1254/1254 6070/6070 6071/6071
f 710/710 708/708 709/709
f 454/454 616/616 708/708
f 1254/1254 6069/6069 6070/6070
f 1022/1022 6066/6066 6067/6067
f 708/708 710/710 465/465
f 710/710 709/709 711/711
f 454/454 444/444 616/616
f 465/465 454/454 708/708
f 1022/1022 6065/6065 6066/6066
f 1018/1018 6064/6064 6065/6065
f 710/710 713/713 465/465
f 711/711 709/709 712/712
f 710/710 711/711 714/714
f 715/715 713/713 710/710
f 713/713 466/466 465/465
f 712/712 716/716 711/711
f 710/710 714/714 715/715
f 717/717 714/714 711/711
f 715/715 466/466 713/713
f 718/718 711/711 716/716
f 719/719 715/715 714/714
f 714/714 717/717 720/720
f 718/718 717/717 711/711
f 472/472 466/466 715/715
f 721/721 718/718 716/716
f 722/722 715/715 719/719
f 720/720 719/719 714/714
f 720/720 717/717 723/723
f 718/718 724/724 717/717
f 725/725 472/472 715/715
f 721/721 23/23 718/718
f 715/715 722/722 725/725
f 726/726 722/722 719/719
f 719/719 720/720 726/726
f 724/724 723/723 717/717
f 720/720 723/723 726/726
f 23/23 724/724 718/718
f 477/477 472/472 725/725
f 725/725 722/722 726/726
f 723/723 724/724 36/36
f 723/723 43/43 726/726
f 724/724 23/23 28/28
f 725/725 727/727 477/477
f 727/727 725/725 726/726
f 36/36 43/43 723/723
f 28/28 36/36 724/724
f 726/726 43/43 53/53
f 477/477 727/727 61/61
f 726/726 53/53 727/727
f 727/727 53/53 61/61
f 728/728 729/729 730/730
f 729/729 728/728 731/731
f 732/732 730/730 729/729
f 730/730 733/733 728/728
f 728/728 734/734 731/731
f 731/731 735/735 729/729
f 736/736 732/732 729/729
f 730/730 732/732 733/733
f 733/733 737/737 728/728
f 734/734 728/728 737/737
f 738/738 729/729 735/735
f 735/735 731/731 739/739
f 729/729 738/738 736/736
f 736/736 740/740 732/732
f 733/733 732/732 741/741
f 733/733 742/742 737/737
f 737/737 743/743 734/734
f 744/744 738/738 735/735
f 739/739 744/744 735/735
f 740/740 736/736 738/738
f 740/740 741/741 732/732
f 741/741 745/745 733/733
f 745/745 742/742 733/733
f 743/743 737/737 742/742
f 746/746 734/734 743/743
f 744/744 740/740 738/738
f 747/747 744/744 739/739
f 748/748 741/741 740/740
f 749/749 745/745 741/741
f 750/750 742/742 745/745
f 743/743 742/742 750/750
f 734/734 746/746 751/751
f 752/752 746/746 743/743
f 744/744 748/748 740/740
f 747/747 753/753 744/744
f 741/741 748/748 754/754
f 745/745 749/749 755/755
f 754/754 749/749 741/741
f 750/750 745/745 756/756
f 757/757 743/743 750/750
f 746/746 752/752 751/751
f 757/757 752/752 743/743
f 748/748 744/744 758/758
f 758/758 744/744 753/753
f 759/759 753/753 747/747
f 760/760 754/754 748/748
f 756/756 745/745 755/755
f 761/761 755/755 749/749
f 749/749 754/754 761/761
f 762/762 750/750 756/756
f 750/750 762/762 757/757
f 763/763 751/751 752/752
f 752/752 757/757 763/763
f 764/764 748/748 758/758
f 765/765 758/758 753/753
f 766/766 753/753 759/759
f 747/747 767/767 759/759
f 754/754 760/760 768/768
f 764/764 760/760 748/748
f 755/755 769/769 756/756
f 761/761 770/770 755/755
f 761/761 754/754 771/771
f 772/772 762/762 756/756
f 773/773 757/757 762/762
f 751/751 763/763 774/774
f 775/775 763/763 757/757
f 764/764 758/758 765/765
f 766/766 765/765 753/753
f 759/759 27/27 766/766
f 27/27 759/759 767/767
f 776/776 768/768 760/760
f 754/754 768/768 771/771
f 760/760 764/764 765/765
f 769/769 755/755 770/770
f 769/769 777/777 756/756
f 770/770 761/761 778/778
f 761/761 771/771 779/779
f 780/780 762/762 772/772
f 772/772 756/756 781/781
f 773/773 775/775 757/757
f 782/782 773/773 762/762
f 763/763 775/775 774/774
f 766/766 760/760 765/765
f 27/27 20/20 766/766
f 768/768 776/776 32/32
f 766/766 776/776 760/760
f 32/32 771/771 768/768
f 769/769 770/770 783/783
f 777/777 769/769 784/784
f 781/781 756/756 777/777
f 778/778 761/761 779/779
f 783/783 770/770 778/778
f 771/771 785/785 779/779
f 782/782 762/762 780/780
f 786/786 780/780 772/772
f 781/781 786/786 772/772
f 787/787 773/773 782/782
f 20/20 788/788 766/766
f 32/32 776/776 788/788
f 788/788 776/776 766/766
f 771/771 32/32 785/785
f 783/783 784/784 769/769
f 789/789 777/777 784/784
f 786/786 781/781 777/777
f 778/778 779/779 790/790
f 778/778 791/791 783/783
f 779/779 785/785 792/792
f 780/780 793/793 782/782
f 793/793 780/780 786/786
f 794/794 787/787 782/782
f 32/32 788/788 20/20
f 32/32 12/12 785/785
f 784/784 783/783 789/789
f 790/790 795/795 778/778
f 792/792 790/790 779/779
f 795/795 791/791 778/778
f 796/796 783/783 791/791
f 792/792 785/785 797/797
f 798/798 782/782 793/793
f 794/794 782/782 798/798
f 799/799 785/785 12/12
f 789/789 783/783 796/796
f 795/795 790/790 800/800
f 801/801 790/790 792/792
f 791/791 795/795 802/802
f 796/796 791/791 803/803
f 785/785 799/799 797/797
f 797/797 801/801 792/792
f 804/804 794/794 798/798
f 7/7 799/799 12/12
f 789/789 796/796 805/805
f 800/800 790/790 801/801
f 795/795 800/800 806/806
f 807/807 802/802 795/795
f 802/802 803/803 791/791
f 803/803 808/808 796/796
f 809/809 797/797 799/799
f 810/810 801/801 797/797
f 804/804 798/798 811/811
f 812/812 794/794 804/804
f 799/799 7/7 23/23
f 806/806 800/800 801/801
f 807/807 795/795 806/806
f 810/810 797/797 809/809
f 813/813 809/809 799/799
f 801/801 810/810 814/814
f 804/804 811/811 812/812
f 23/23 721/721 799/799
f 815/815 806/806 801/801
f 807/807 806/806 815/815
f 810/810 809/809 816/816
f 809/809 813/813 817/817
f 799/799 721/721 813/813
f 814/814 818/818 801/801
f 814/814 810/810 819/819
f 818/818 815/815 801/801
f 816/816 819/819 810/810
f 816/816 809/809 817/817
f 817/817 813/813 820/820
f 813/813 721/721 820/820
f 821/821 818/818 814/814
f 822/822 814/814 819/819
f 815/815 818/818 821/821
f 819/819 816/816 823/823
f 816/816 817/817 824/824
f 817/817 820/820 824/824
f 820/820 721/721 825/825
f 822/822 821/821 814/814
f 826/826 822/822 819/819
f 821/821 827/827 815/815
f 828/828 819/819 823/823
f 823/823 816/816 829/829
f 824/824 829/829 816/816
f 824/824 820/820 830/830
f 820/820 825/825 831/831
f 825/825 721/721 832/832
f 821/821 822/822 826/826
f 828/828 826/826 819/819
f 833/833 827/827 821/821
f 828/828 823/823 834/834
f 823/823 829/829 835/835
f 829/829 824/824 836/836
f 830/830 820/820 837/837
f 830/830 838/838 824/824
f 820/820 831/831 837/837
f 831/831 825/825 839/839
f 825/825 832/832 839/839
f 826/826 833/833 821/821
f 826/826 828/828 834/834
f 834/834 823/823 835/835
f 840/840 835/835 829/829
f 836/836 824/824 838/838
f 836/836 840/840 829/829
f 837/837 841/841 830/830
f 842/842 838/838 830/830
f 837/837 831/831 843/843
f 844/844 831/831 839/839
f 833/833 826/826 834/834
f 834/834 835/835 840/840
f 836/836 838/838 842/842
f 845/845 840/840 836/836
f 841/841 837/837 843/843
f 841/841 842/842 830/830
f 843/843 831/831 844/844
f 846/846 844/844 839/839
f 834/834 840/840 833/833
f 845/845 836/836 842/842
f 833/833 840/840 845/845
f 843/843 844/844 847/847
f 844/844 846/846 848/848
f 849/849 846/846 839/839
f 848/848 847/847 844/844
f 850/850 851/851 852/852
f 853/853 851/851 850/850
f 851/851 854/854 852/852
f 850/850 852/852 855/855
f 856/856 851/851 853/853
f 853/853 850/850 855/855
f 852/852 854/854 857/857
f 851/851 858/858 854/854
f 855/855 852/852 859/859
f 851/851 856/856 860/860
f 856/856 853/853 861/861
f 855/855 862/862 853/853
f 852/852 857/857 863/863
f 860/860 858/858 851/851
f 852/852 863/863 859/859
f 864/864 855/855 859/859
f 856/856 861/861 865/865
f 861/861 853/853 866/866
f 866/866 853/853 862/862
f 867/867 863/863 857/857
f 859/859 863/863 867/867
f 864/864 859/859 868/868
f 865/865 861/861 869/869
f 861/861 866/866 869/869
f 862/862 870/870 866/866
f 867/867 857/857 871/871
f 872/872 859/859 867/867
f 868/868 859/859 872/872
f 869/869 873/873 865/865
f 870/870 869/869 866/866
f 872/872 867/867 871/871
f 869/869 870/870 873/873
f 805/805 796/796 874/874
f 874/874 796/796 808/808
f 875/875 876/876 877/877
f 876/876 875/875 878/878
f 879/879 877/877 876/876
f 875/875 877/877 880/880
f 876/876 878/878 881/881
f 882/882 877/877 879/879
f 879/879 876/876 883/883
f 882/882 880/880 877/877
f 881/881 884/884 876/876
f 885/885 882/882 879/879
f 883/883 876/876 884/884
f 883/883 886/886 879/879
f 887/887 880/880 882/882
f 884/884 881/881 888/888
f 889/889 882/882 885/885
f 886/886 885/885 879/879
f 883/883 884/884 888/888
f 890/890 886/886 883/883
f 880/880 887/887 891/891
f 882/882 889/889 887/887
f 888/888 881/881 892/892
f 893/893 889/889 885/885
f 894/894 885/885 886/886
f 895/895 883/883 888/888
f 890/890 883/883 895/895
f 896/896 886/886 890/890
f 887/887 858/858 891/891
f 854/854 887/887 889/889
f 897/897 892/892 881/881
f 898/898 888/888 892/892
f 889/889 893/893 854/854
f 885/885 894/894 893/893
f 894/894 886/886 896/896
f 899/899 895/895 888/888
f 895/895 900/900 890/890
f 900/900 896/896 890/890
f 887/887 854/854 858/858
f 892/892 897/897 898/898
f 901/901 888/888 898/898
f 854/854 893/893 902/902
f 893/893 894/894 903/903
f 896/896 904/904 894/894
f 899/899 900/900 895/895
f 901/901 899/899 888/888
f 905/905 896/896 900/900
f 898/898 897/897 906/906
f 907/907 901/901 898/898
f 902/902 893/893 908/908
f 902/902 857/857 854/854
f 904/904 903/903 894/894
f 903/903 908/908 893/893
f 905/905 904/904 896/896
f 899/899 909/909 900/900
f 899/899 901/901 907/907
f 910/910 905/905 900/900
f 898/898 906/906 911/911
f 906/906 897/897 912/912
f 913/913 907/907 898/898
f 914/914 902/902 908/908
f 871/871 857/857 902/902
f 903/903 904/904 915/915
f 908/908 903/903 916/916
f 905/905 917/917 904/904
f 918/918 909/909 899/899
f 909/909 910/910 900/900
f 899/899 907/907 919/919
f 905/905 910/910 920/920
f 906/906 912/912 911/911
f 921/921 898/898 911/911
f 913/913 898/898 921/921
f 907/907 913/913 919/919
f 871/871 902/902 914/914
f 914/914 908/908 916/916
f 915/915 904/904 917/917
f 903/903 915/915 916/916
f 917/917 905/905 920/920
f 919/919 918/918 899/899
f 920/920 909/909 918/918
f 920/920 910/910 909/909
f 921/921 911/911 922/922
f 913/913 921/921 923/923
f 923/923 919/919 913/913
f 914/914 924/924 871/871
f 916/916 925/925 914/914
f 917/917 926/926 915/915
f 925/925 916/916 915/915
f 920/920 927/927 917/917
f 919/919 928/928 918/918
f 929/929 920/920 918/918
f 930/930 921/921 922/922
f 930/930 923/923 921/921
f 919/919 923/923 931/931
f 914/914 932/932 924/924
f 933/933 871/871 924/924
f 932/932 914/914 925/925
f 917/917 934/934 926/926
f 925/925 915/915 926/926
f 927/927 920/920 935/935
f 934/934 917/917 927/927
f 928/928 919/919 936/936
f 937/937 918/918 928/928
f 920/920 929/929 935/935
f 929/929 918/918 937/937
f 923/923 930/930 931/931
f 919/919 931/931 936/936
f 924/924 932/932 938/938
f 939/939 871/871 933/933
f 940/940 933/933 924/924
f 932/932 925/925 938/938
f 926/926 934/934 941/941
f 938/938 925/925 926/926
f 927/927 935/935 942/942
f 934/934 927/927 943/943
f 928/928 936/936 944/944
f 945/945 937/937 928/928
f 935/935 929/929 946/946
f 937/937 946/946 929/929
f 931/931 930/930 947/947
f 936/936 931/931 948/948
f 924/924 938/938 940/940
f 871/871 939/939 872/872
f 933/933 949/949 939/939
f 940/940 950/950 933/933
f 951/951 941/941 934/934
f 941/941 952/952 926/926
f 952/952 938/938 926/926
f 942/942 935/935 953/953
f 954/954 927/927 942/942
f 943/943 927/927 954/954
f 943/943 951/951 934/934
f 928/928 944/944 955/955
f 956/956 944/944 936/936
f 928/928 957/957 945/945
f 937/937 945/945 946/946
f 958/958 935/935 946/946
f 959/959 931/931 947/947
f 936/936 948/948 956/956
f 959/959 948/948 931/931
f 940/940 938/938 952/952
f 949/949 933/933 950/950
f 960/960 939/939 949/949
f 950/950 940/940 961/961
f 951/951 962/962 941/941
f 941/941 963/963 952/952
f 942/942 953/953 964/964
f 935/935 958/958 953/953
f 954/954 942/942 965/965
f 951/951 943/943 954/954
f 955/955 944/944 966/966
f 967/967 928/928 955/955
f 944/944 956/956 966/966
f 957/957 928/928 967/967
f 957/957 968/968 945/945
f 945/945 958/958 946/946
f 956/956 948/948 969/969
f 948/948 959/959 969/969
f 952/952 970/970 940/940
f 960/960 949/949 950/950
f 970/970 961/961 940/940
f 960/960 950/950 961/961
f 951/951 965/965 962/962
f 963/963 941/941 962/962
f 970/970 952/952 963/963
f 964/964 953/953 971/971
f 965/965 942/942 964/964
f 953/953 958/958 972/972
f 951/951 954/954 965/965
f 955/955 966/966 973/973
f 967/967 955/955 974/974
f 966/966 956/956 975/975
f 976/976 957/957 967/967
f 977/977 968/968 957/957
f 945/945 968/968 972/972
f 945/945 972/972 958/958
f 978/978 956/956 969/969
f 969/969 959/959 979/979
f 961/961 970/970 963/963
f 962/962 965/965 980/980
f 981/981 963/963 962/962
f 964/964 971/971 982/982
f 971/971 953/953 968/968
f 965/965 964/964 983/983
f 968/968 953/953 972/972
f 984/984 973/973 966/966
f 955/955 973/973 985/985
f 974/974 955/955 986/986
f 987/987 967/967 974/974
f 984/984 966/966 975/975
f 956/956 978/978 975/975
f 987/987 976/976 967/967
f 977/977 957/957 976/976
f 977/977 988/988 968/968
f 989/989 978/978 969/969
f 989/989 969/969 979/979
f 980/980 965/965 990/990
f 962/962 980/980 981/981
f 982/982 971/971 968/968
f 982/982 991/991 964/964
f 992/992 965/965 983/983
f 983/983 964/964 993/993
f 973/973 984/984 994/994
f 994/994 985/985 973/973
f 986/986 955/955 985/985
f 987/987 974/974 986/986
f 984/984 975/975 995/995
f 975/975 978/978 995/995
f 996/996 976/976 987/987
f 996/996 977/977 976/976
f 988/988 977/977 996/996
f 982/982 968/968 988/988
f 1018/1018 6063/6063 6064/6064
f 990/990 965/965 997/997
f 980/980 990/990 998/998
f 981/981 980/980 999/999
f 982/982 988/988 991/991
f 993/993 964/964 991/991
f 993/993 992/992 983/983
f 992/992 1000/1000 965/965
f 1018/1018 1014/1014 6063/6063
f 1001/1001 985/985 994/994
f 1002/1002 986/986 985/985
f 1003/1003 987/987 986/986
f 1014/1014 6062/6062 6063/6063
f 1014/1014 6061/6061 6062/6062
f 1003/1003 996/996 987/987
f 988/988 996/996 1004/1004
f 1014/1014 1002/1002 6061/6061
f 997/997 965/965 1005/1005
f 1006/1006 990/990 997/997
f 998/998 990/990 1006/1006
f 980/980 998/998 999/999
f 991/991 988/988 1004/1004
f 991/991 1004/1004 993/993
f 1007/1007 992/992 993/993
f 1008/1008 1000/1000 992/992
f 1005/1005 965/965 1000/1000
f 1002/1002 6060/6060 6061/6061
f 1002/1002 6059/6059 6060/6060
f 1002/1002 985/985 1001/1001
f 1003/1003 986/986 1002/1002
f 1002/1002 1001/1001 6059/6059
f 996/996 1003/1003 1009/1009
f 1009/1009 1004/1004 996/996
f 994/994 6058/6058 6056/6056
f 1010/1010 997/997 1005/1005
f 1011/1011 1006/1006 997/997
f 1012/1012 998/998 1006/1006
f 998/998 1013/1013 999/999
f 1004/1004 1007/1007 993/993
f 1007/1007 1008/1008 992/992
f 1000/1000 1008/1008 1010/1010
f 1010/1010 1005/1005 1000/1000
f 1001/1001 6057/6057 6059/6059
f 994/994 6055/6055 6058/6058
f 995/995 6053/6053 6052/6052
f 994/994 6050/6050 6055/6055
f 1014/1014 1003/1003 1002/1002
f 1009/1009 1003/1003 1015/1015
f 1004/1004 1009/1009 1007/1007
f 989/989 6054/6054 6048/6048
f 997/997 1010/1010 1011/1011
f 1006/1006 1011/1011 1012/1012
f 1012/1012 1016/1016 998/998
f 1016/1016 1013/1013 998/998
f 1017/1017 1008/1008 1007/1007
f 1008/1008 1017/1017 1010/1010
f 995/995 6049/6049 6053/6053
f 995/995 978/978 6049/6049
f 984/984 6052/6052 6051/6051
f 712/712 6046/6046 6047/6047
f 1003/1003 1014/1014 1018/1018
f 1015/1015 1017/1017 1009/1009
f 1003/1003 1018/1018 1015/1015
f 1009/1009 1017/1017 1007/1007
f 712/712 709/709 6046/6046
f 1011/1011 1010/1010 1019/1019
f 1011/1011 1020/1020 1012/1012
f 1012/1012 1020/1020 1016/1016
f 1021/1021 1010/1010 1017/1017
f 709/709 6045/6045 6046/6046
f 709/709 6043/6043 6045/6045
f 1017/1017 1015/1015 1021/1021
f 1022/1022 1015/1015 1018/1018
f 1010/1010 1021/1021 1019/1019
f 1011/1011 1019/1019 1020/1020
f 708/708 6035/6035 6044/6044
f 1021/1021 1015/1015 1023/1023
f 1015/1015 1022/1022 1023/1023
f 1024/1024 1019/1019 1021/1021
f 1019/1019 1025/1025 1020/1020
f 708/708 616/616 6035/6035
f 1021/1021 1023/1023 1026/1026
f 1022/1022 1027/1027 1023/1023
f 1021/1021 1026/1026 1024/1024
f 1019/1019 1024/1024 1025/1025
f 597/597 6041/6041 6042/6042
f 1023/1023 1028/1028 1026/1026
f 1027/1027 1028/1028 1023/1023
f 1024/1024 1026/1026 1029/1029
f 1024/1024 1029/1029 1025/1025
f 1028/1028 1030/1030 1026/1026
f 1026/1026 1031/1031 1029/1029
f 1026/1026 1030/1030 1031/1031
f 1032/1032 1033/1033 1034/1034
f 1034/1034 1035/1035 1032/1032
f 1036/1036 1032/1032 1035/1035
f 1032/1032 1036/1036 1037/1037
f 1035/1035 1038/1038 1036/1036
f 1039/1039 1037/1037 1036/1036
f 1040/1040 1036/1036 1038/1038
f 1035/1035 1041/1041 1038/1038
f 1039/1039 1036/1036 1040/1040
f 1037/1037 1039/1039 1042/1042
f 1040/1040 1038/1038 1041/1041
f 1039/1039 1040/1040 1043/1043
f 1044/1044 1042/1042 1039/1039
f 1041/1041 1045/1045 1040/1040
f 1039/1039 1043/1043 1046/1046
f 1043/1043 1040/1040 1045/1045
f 1044/1044 1047/1047 1042/1042
f 1039/1039 1046/1046 1044/1044
f 1043/1043 1048/1048 1046/1046
f 1043/1043 1045/1045 1049/1049
f 1044/1044 1050/1050 1047/1047
f 1046/1046 1051/1051 1044/1044
f 1052/1052 1046/1046 1048/1048
f 1049/1049 1048/1048 1043/1043
f 1044/1044 1051/1051 1050/1050
f 1047/1047 1050/1050 1053/1053
f 1052/1052 1051/1051 1046/1046
f 1048/1048 1054/1054 1052/1052
f 1050/1050 1051/1051 1055/1055
f 1056/1056 1053/1053 1050/1050
f 1047/1047 1053/1053 1057/1057
f 1052/1052 1058/1058 1051/1051
f 1059/1059 1052/1052 1054/1054
f 1050/1050 1055/1055 1056/1056
f 1051/1051 1058/1058 1055/1055
f 1056/1056 1060/1060 1053/1053
f 1057/1057 1053/1053 1061/1061
f 1047/1047 1057/1057 1062/1062
f 1063/1063 1058/1058 1052/1052
f 1052/1052 1059/1059 1063/1063
f 1064/1064 1056/1056 1055/1055
f 1055/1055 1058/1058 1064/1064
f 1053/1053 1060/1060 1061/1061
f 1060/1060 1056/1056 1064/1064
f 1065/1065 1057/1057 1061/1061
f 1062/1062 1057/1057 1065/1065
f 1058/1058 1063/1063 1066/1066
f 1059/1059 1067/1067 1063/1063
f 1064/1064 1058/1058 1068/1068
f 1061/1061 1060/1060 1069/1069
f 1064/1064 1070/1070 1060/1060
f 1071/1071 1065/1065 1061/1061
f 1066/1066 1063/1063 1072/1072
f 1058/1058 1066/1066 1068/1068
f 1063/1063 1067/1067 1073/1073
f 1068/1068 1070/1070 1064/1064
f 1074/1074 1069/1069 1060/1060
f 1061/1061 1069/1069 1075/1075
f 1076/1076 1060/1060 1070/1070
f 1075/1075 1071/1071 1061/1061
f 1063/1063 1073/1073 1072/1072
f 1066/1066 1072/1072 1077/1077
f 1068/1068 1066/1066 1077/1077
f 1073/1073 1067/1067 1078/1078
f 1068/1068 1077/1077 1070/1070
f 1079/1079 1074/1074 1060/1060
f 1074/1074 1075/1075 1069/1069
f 1070/1070 1080/1080 1076/1076
f 1060/1060 1076/1076 1079/1079
f 1071/1071 1075/1075 1081/1081
f 1072/1072 1073/1073 1080/1080
f 1077/1077 1072/1072 1082/1082
f 1067/1067 868/868 1078/1078
f 1078/1078 939/939 1073/1073
f 1082/1082 1070/1070 1077/1077
f 1074/1074 1079/1079 1083/1083
f 1074/1074 1084/1084 1075/1075
f 1070/1070 1082/1082 1080/1080
f 1085/1085 1076/1076 1080/1080
f 1079/1079 1076/1076 1083/1083
f 1081/1081 1075/1075 1084/1084
f 1086/1086 1071/1071 1081/1081
f 1073/1073 960/960 1080/1080
f 1072/1072 1080/1080 1082/1082
f 872/872 1078/1078 868/868
f 1073/1073 939/939 960/960
f 872/872 939/939 1078/1078
f 1074/1074 1083/1083 1087/1087
f 1084/1084 1074/1074 1087/1087
f 1083/1083 1076/1076 1085/1085
f 1085/1085 1080/1080 960/960
f 1084/1084 1088/1088 1081/1081
f 1089/1089 1086/1086 1081/1081
f 1083/1083 1090/1090 1087/1087
f 1087/1087 1091/1091 1084/1084
f 961/961 1083/1083 1085/1085
f 961/961 1085/1085 960/960
f 1084/1084 1092/1092 1088/1088
f 1081/1081 1088/1088 1093/1093
f 1086/1086 1089/1089 1094/1094
f 1093/1093 1089/1089 1081/1081
f 1090/1090 1083/1083 961/961
f 1087/1087 1090/1090 981/981
f 1091/1091 1092/1092 1084/1084
f 1091/1091 1087/1087 981/981
f 1088/1088 1092/1092 1095/1095
f 1093/1093 1088/1088 1096/1096
f 1097/1097 1094/1094 1089/1089
f 1098/1098 1086/1086 1094/1094
f 1089/1089 1093/1093 1097/1097
f 963/963 1090/1090 961/961
f 1090/1090 963/963 981/981
f 1092/1092 1091/1091 999/999
f 981/981 999/999 1091/1091
f 1096/1096 1088/1088 1095/1095
f 1095/1095 1092/1092 1099/1099
f 1100/1100 1093/1093 1096/1096
f 1097/1097 1101/1101 1094/1094
f 1098/1098 1094/1094 1102/1102
f 1097/1097 1093/1093 1100/1100
f 999/999 1013/1013 1092/1092
f 1095/1095 1103/1103 1096/1096
f 1092/1092 1013/1013 1099/1099
f 1099/1099 1104/1104 1095/1095
f 1105/1105 1100/1100 1096/1096
f 1097/1097 1106/1106 1101/1101
f 1094/1094 1101/1101 1102/1102
f 1102/1102 1107/1107 1098/1098
f 1100/1100 1106/1106 1097/1097
f 1095/1095 1104/1104 1103/1103
f 1096/1096 1103/1103 1105/1105
f 1016/1016 1099/1099 1013/1013
f 1099/1099 1016/1016 1104/1104
f 1100/1100 1105/1105 1106/1106
f 1108/1108 1101/1101 1106/1106
f 1109/1109 1102/1102 1101/1101
f 1110/1110 1098/1098 1107/1107
f 1102/1102 1109/1109 1107/1107
f 1103/1103 1104/1104 1111/1111
f 1103/1103 1112/1112 1105/1105
f 1113/1113 1104/1104 1016/1016
f 1106/1106 1105/1105 1114/1114
f 1115/1115 1101/1101 1108/1108
f 1106/1106 1114/1114 1108/1108
f 1109/1109 1101/1101 1115/1115
f 1116/1116 1110/1110 1107/1107
f 1107/1107 1109/1109 1116/1116
f 1113/1113 1111/1111 1104/1104
f 1103/1103 1111/1111 1112/1112
f 1105/1105 1112/1112 1114/1114
f 1016/1016 1020/1020 1113/1113
f 1117/1117 1115/1115 1108/1108
f 1114/1114 1118/1118 1108/1108
f 1119/1119 1109/1109 1115/1115
f 1120/1120 1110/1110 1116/1116
f 1116/1116 1109/1109 1119/1119
f 1121/1121 1111/1111 1113/1113
f 1112/1112 1111/1111 1122/1122
f 1114/1114 1112/1112 1123/1123
f 1020/1020 1025/1025 1113/1113
f 1108/1108 1118/1118 1117/1117
f 1117/1117 1119/1119 1115/1115
f 1114/1114 1123/1123 1118/1118
f 1116/1116 1124/1124 1120/1120
f 1116/1116 1119/1119 1125/1125
f 1113/1113 1025/1025 1121/1121
f 1121/1121 1122/1122 1111/1111
f 1122/1122 1123/1123 1112/1112
f 1126/1126 1117/1117 1118/1118
f 1119/1119 1117/1117 1125/1125
f 1127/1127 1118/1118 1123/1123
f 1116/1116 1128/1128 1124/1124
f 1120/1120 1124/1124 1129/1129
f 1128/1128 1116/1116 1125/1125
f 1121/1121 1025/1025 1130/1130
f 1122/1122 1121/1121 1131/1131
f 1132/1132 1123/1123 1122/1122
f 1117/1117 1126/1126 1133/1133
f 1134/1134 1126/1126 1118/1118
f 1125/1125 1117/1117 1135/1135
f 1127/1127 1123/1123 1136/1136
f 1127/1127 1137/1137 1118/1118
f 1138/1138 1124/1124 1128/1128
f 1129/1129 1124/1124 1139/1139
f 1125/1125 1135/1135 1128/1128
f 1140/1140 1130/1130 1025/1025
f 1121/1121 1130/1130 1131/1131
f 1132/1132 1122/1122 1131/1131
f 1123/1123 1132/1132 1136/1136
f 1133/1133 1126/1126 1141/1141
f 1133/1133 1135/1135 1117/1117
f 1134/1134 1141/1141 1126/1126
f 1134/1134 1118/1118 1137/1137
f 1142/1142 1127/1127 1136/1136
f 1127/1127 1142/1142 1137/1137
f 1128/1128 1133/1133 1138/1138
f 1124/1124 1138/1138 1143/1143
f 1143/1143 1139/1139 1124/1124
f 1139/1139 1144/1144 1129/1129
f 1135/1135 1133/1133 1128/1128
f 1140/1140 1025/1025 1029/1029
f 1130/1130 1140/1140 1145/1145
f 1136/1136 1131/1131 1130/1130
f 1132/1132 1131/1131 1136/1136
f 1141/1141 1146/1146 1133/1133
f 1142/1142 1136/1136 1147/1147
f 1148/1148 1138/1138 1133/1133
f 1148/1148 1143/1143 1138/1138
f 1139/1139 1143/1143 1149/1149
f 1144/1144 1139/1139 1150/1150
f 1130/1130 1145/1145 1147/1147
f 1147/1147 1136/1136 1130/1130
f 1133/1133 1146/1146 1148/1148
f 1151/1151 1142/1142 1147/1147
f 1143/1143 1148/1148 1152/1152
f 1152/1152 1149/1149 1143/1143
f 1139/1139 1149/1149 1153/1153
f 1139/1139 1153/1153 1150/1150
f 1150/1150 1154/1154 1144/1144
f 1149/1149 1152/1152 1153/1153
f 1153/1153 1155/1155 1150/1150
f 1156/1156 1154/1154 1150/1150
f 1153/1153 1152/1152 1155/1155
f 1150/1150 1155/1155 1157/1157
f 1156/1156 1150/1150 1158/1158
f 1159/1159 1154/1154 1156/1156
f 1157/1157 1158/1158 1150/1150
f 1158/1158 1159/1159 1156/1156
f 1158/1158 1157/1157 1160/1160
f 1159/1159 1158/1158 1160/1160
f 1161/1161 1162/1162 1163/1163
f 1161/1161 1164/1164 1162/1162
f 1162/1162 1165/1165 1163/1163
f 1166/1166 1161/1161 1163/1163
f 1164/1164 1161/1161 1167/1167
f 1168/1168 1162/1162 1164/1164
f 1165/1165 1169/1169 1163/1163
f 1162/1162 1170/1170 1165/1165
f 1163/1163 1171/1171 1166/1166
f 1161/1161 1166/1166 1167/1167
f 1167/1167 1172/1172 1164/1164
f 1170/1170 1162/1162 1168/1168
f 1168/1168 1164/1164 1172/1172
f 1163/1163 1169/1169 1171/1171
f 1171/1171 1173/1173 1166/1166
f 1167/1167 1166/1166 1174/1174
f 1175/1175 1172/1172 1167/1167
f 1168/1168 1176/1176 1170/1170
f 1172/1172 1175/1175 1168/1168
f 1173/1173 1171/1171 1169/1169
f 1173/1173 1177/1177 1166/1166
f 1178/1178 1167/1167 1174/1174
f 1166/1166 1177/1177 1174/1174
f 1179/1179 1175/1175 1167/1167
f 1175/1175 1176/1176 1168/1168
f 1176/1176 1180/1180 1170/1170
f 1173/1173 1169/1169 1181/1181
f 1177/1177 1173/1173 1181/1181
f 1174/1174 1182/1182 1178/1178
f 1174/1174 1177/1177 1182/1182
f 1175/1175 1179/1179 1183/1183
f 1175/1175 1183/1183 1176/1176
f 1180/1180 1176/1176 1184/1184
f 1184/1184 1183/1183 1179/1179
f 1184/1184 1176/1176 1183/1183
f 1185/1185 1186/1186 1187/1187
f 1188/1188 1189/1189 1190/1190
f 1191/1191 1189/1189 1188/1188
f 1189/1189 1192/1192 1190/1190
f 1188/1188 1190/1190 1193/1193
f 1188/1188 1194/1194 1191/1191
f 1191/1191 1195/1195 1189/1189
f 1196/1196 1190/1190 1192/1192
f 1192/1192 1189/1189 1195/1195
f 1193/1193 1197/1197 1188/1188
f 1193/1193 1190/1190 1198/1198
f 1194/1194 1188/1188 1197/1197
f 1199/1199 1191/1191 1194/1194
f 1200/1200 1195/1195 1191/1191
f 1190/1190 1196/1196 1198/1198
f 1192/1192 1201/1201 1196/1196
f 1192/1192 1195/1195 1202/1202
f 1197/1197 1193/1193 1203/1203
f 1203/1203 1193/1193 1198/1198
f 1197/1197 1204/1204 1194/1194
f 1199/1199 1200/1200 1191/1191
f 1199/1199 1194/1194 1205/1205
f 1195/1195 1200/1200 1206/1206
f 1196/1196 1207/1207 1198/1198
f 1192/1192 1202/1202 1201/1201
f 1207/1207 1196/1196 1201/1201
f 1195/1195 1208/1208 1202/1202
f 1197/1197 1203/1203 1209/1209
f 1198/1198 1210/1210 1203/1203
f 1209/1209 1204/1204 1197/1197
f 1211/1211 1194/1194 1204/1204
f 1200/1200 1199/1199 1212/1212
f 1205/1205 1194/1194 1211/1211
f 1213/1213 1199/1199 1205/1205
f 1212/1212 1206/1206 1200/1200
f 1206/1206 1214/1214 1195/1195
f 1198/1198 1207/1207 1215/1215
f 1202/1202 1216/1216 1201/1201
f 1201/1201 1217/1217 1207/1207
f 1216/1216 1202/1202 1208/1208
f 1214/1214 1208/1208 1195/1195
f 1209/1209 1203/1203 1210/1210
f 1215/1215 1210/1210 1198/1198
f 1209/1209 1211/1211 1204/1204
f 1199/1199 1218/1218 1212/1212
f 1205/1205 1211/1211 1219/1219
f 1220/1220 1199/1199 1213/1213
f 1212/1212 1221/1221 1206/1206
f 1214/1214 1206/1206 1221/1221
f 1207/1207 1222/1222 1215/1215
f 1201/1201 1216/1216 1217/1217
f 1217/1217 1223/1223 1207/1207
f 1216/1216 1208/1208 1224/1224
f 1214/1214 1225/1225 1208/1208
f 1210/1210 1226/1226 1209/1209
f 1226/1226 1210/1210 1215/1215
f 1209/1209 1227/1227 1211/1211
f 1218/1218 1228/1228 1212/1212
f 1199/1199 1229/1229 1218/1218
f 1219/1219 1211/1211 1227/1227
f 1199/1199 1220/1220 1230/1230
f 1231/1231 1221/1221 1212/1212
f 1214/1214 1221/1221 1225/1225
f 1222/1222 1207/1207 1232/1232
f 1215/1215 1222/1222 1233/1233
f 1216/1216 1234/1234 1217/1217
f 1217/1217 1234/1234 1223/1223
f 1207/1207 1223/1223 1232/1232
f 1234/1234 1216/1216 1224/1224
f 1208/1208 1225/1225 1224/1224
f 1235/1235 1209/1209 1226/1226
f 1215/1215 1236/1236 1226/1226
f 1227/1227 1209/1209 1235/1235
f 1237/1237 1228/1228 1218/1218
f 1228/1228 1231/1231 1212/1212
f 1199/1199 1230/1230 1229/1229
f 1237/1237 1218/1218 1229/1229
f 1238/1238 1219/1219 1227/1227
f 1221/1221 1231/1231 1239/1239
f 1221/1221 1240/1240 1225/1225
f 1232/1232 1233/1233 1222/1222
f 1236/1236 1215/1215 1233/1233
f 1234/1234 1241/1241 1223/1223
f 1223/1223 1242/1242 1232/1232
f 1224/1224 1243/1243 1234/1234
f 1224/1224 1225/1225 1244/1244
f 1226/1226 1245/1245 1235/1235
f 1226/1226 1236/1236 1245/1245
f 1227/1227 1235/1235 1238/1238
f 1237/1237 1246/1246 1228/1228
f 1228/1228 1239/1239 1231/1231
f 1229/1229 1230/1230 1247/1247
f 1247/1247 1237/1237 1229/1229
f 1221/1221 1239/1239 1240/1240
f 1225/1225 1240/1240 1244/1244
f 1232/1232 1248/1248 1233/1233
f 1233/1233 1249/1249 1236/1236
f 1242/1242 1223/1223 1241/1241
f 1241/1241 1234/1234 1243/1243
f 1232/1232 1242/1242 1250/1250
f 1243/1243 1224/1224 1251/1251
f 1224/1224 1244/1244 1251/1251
f 1235/1235 1245/1245 1238/1238
f 1246/1246 1237/1237 1252/1252
f 1246/1246 1253/1253 1228/1228
f 1228/1228 1253/1253 1239/1239
f 1254/1254 1237/1237 1247/1247
f 1239/1239 1255/1255 1240/1240
f 1240/1240 1256/1256 1244/1244
f 1250/1250 1248/1248 1232/1232
f 1257/1257 1233/1233 1248/1248
f 1249/1249 1233/1233 1257/1257
f 1258/1258 1236/1236 1249/1249
f 1241/1241 1259/1259 1242/1242
f 1243/1243 1260/1260 1241/1241
f 1250/1250 1242/1242 1261/1261
f 1251/1251 1262/1262 1243/1243
f 1244/1244 1256/1256 1251/1251
f 1252/1252 1263/1263 1246/1246
f 1237/1237 1264/1264 1252/1252
f 1253/1253 1246/1246 1265/1265
f 1239/1239 1253/1253 1255/1255
f 1237/1237 1254/1254 1264/1264
f 597/597 584/584 6041/6041
f 1240/1240 1255/1255 1266/1266
f 1256/1256 1240/1240 1267/1267
f 1250/1250 1261/1261 1248/1248
f 1248/1248 1268/1268 1257/1257
f 1249/1249 1257/1257 1269/1269
f 1242/1242 1259/1259 1270/1270
f 1271/1271 1259/1259 1241/1241
f 1243/1243 1272/1272 1260/1260
f 1271/1271 1241/1241 1260/1260
f 1242/1242 1270/1270 1261/1261
f 1262/1262 1272/1272 1243/1243
f 1251/1251 1273/1273 1262/1262
f 1251/1251 1256/1256 1267/1267
f 1265/1265 1246/1246 1263/1263
f 1263/1263 1252/1252 1274/1274
f 1254/1254 1252/1252 1264/1264
f 1265/1265 1275/1275 1253/1253
f 1255/1255 1253/1253 1276/1276
f 584/584 6040/6040 6041/6041
f 1255/1255 1277/1277 1266/1266
f 1240/1240 1266/1266 1267/1267
f 1248/1248 1261/1261 1268/1268
f 1269/1269 1257/1257 1268/1268
f 1270/1270 1259/1259 1278/1278
f 1271/1271 1260/1260 1259/1259
f 1279/1279 1260/1260 1272/1272
f 1261/1261 1270/1270 1280/1280
f 1272/1272 1262/1262 1281/1281
f 1273/1273 1281/1281 1262/1262
f 1251/1251 1267/1267 1273/1273
f 1265/1265 1263/1263 1282/1282
f 1274/1274 1283/1283 1263/1263
f 1284/1284 1274/1274 1252/1252
f 1252/1252 1254/1254 1284/1284
f 1265/1265 1282/1282 1275/1275
f 1253/1253 1275/1275 1285/1285
f 1276/1276 1277/1277 1255/1255
f 1253/1253 1285/1285 1276/1276
f 584/584 6039/6039 6040/6040
f 584/584 75/75 6039/6039
f 1266/1266 1277/1277 1286/1286
f 1267/1267 1266/1266 1286/1286
f 1268/1268 1261/1261 1280/1280
f 1268/1268 1287/1287 1269/1269
f 1259/1259 1288/1288 1278/1278
f 1289/1289 1270/1270 1278/1278
f 1290/1290 1259/1259 1260/1260
f 1260/1260 1279/1279 1291/1291
f 1272/1272 1292/1292 1279/1279
f 1289/1289 1280/1280 1270/1270
f 1281/1281 1292/1292 1272/1272
f 1273/1273 1293/1293 1281/1281
f 1267/1267 1294/1294 1273/1273
f 1295/1295 1282/1282 1263/1263
f 1274/1274 1284/1284 1283/1283
f 1283/1283 1295/1295 1263/1263
f 75/75 6038/6038 6039/6039
f 1282/1282 1296/1296 1275/1275
f 1275/1275 1297/1297 1285/1285
f 1277/1277 1276/1276 1285/1285
f 75/75 6037/6037 6038/6038
f 75/75 72/72 6037/6037
f 616/616 6034/6034 6035/6035
f 1286/1286 1277/1277 1298/1298
f 1267/1267 1286/1286 1294/1294
f 1268/1268 1280/1280 1287/1287
f 1290/1290 1288/1288 1259/1259
f 1288/1288 1299/1299 1278/1278
f 1289/1289 1278/1278 1299/1299
f 1260/1260 1291/1291 1290/1290
f 1291/1291 1279/1279 1292/1292
f 1287/1287 1280/1280 1289/1289
f 1281/1281 1293/1293 1292/1292
f 1294/1294 1293/1293 1273/1273
f 1283/1283 1284/1284 1300/1300
f 1301/1301 1295/1295 1283/1283
f 616/616 6033/6033 6034/6034
f 1275/1275 1296/1296 1297/1297
f 1302/1302 1285/1285 1297/1297
f 1277/1277 1285/1285 1302/1302
f 444/444 6032/6032 6033/6033
f 444/444 6031/6031 6032/6032
f 1303/1303 1286/1286 1298/1298
f 1277/1277 1304/1304 1298/1298
f 1286/1286 1293/1293 1294/1294
f 1290/1290 1305/1305 1288/1288
f 1299/1299 1288/1288 1306/1306
f 1307/1307 1289/1289 1299/1299
f 1290/1290 1291/1291 1308/1308
f 1292/1292 1309/1309 1291/1291
f 1293/1293 1310/1310 1292/1292
f 1300/1300 1301/1301 1283/1283
f 444/444 615/615 6031/6031
f 1304/1304 1302/1302 1297/1297
f 1277/1277 1302/1302 1304/1304
f 615/615 6030/6030 6031/6031
f 1286/1286 1303/1303 1293/1293
f 1311/1311 1303/1303 1298/1298
f 1298/1298 1304/1304 1312/1312
f 1290/1290 1313/1313 1305/1305
f 1306/1306 1288/1288 1305/1305
f 1306/1306 1307/1307 1299/1299
f 1291/1291 1314/1314 1308/1308
f 1290/1290 1308/1308 1313/1313
f 1292/1292 1310/1310 1309/1309
f 1314/1314 1291/1291 1309/1309
f 1310/1310 1293/1293 1303/1303
f 1301/1301 1300/1300 1315/1315
f 615/615 6029/6029 6030/6030
f 1304/1304 1297/1297 1312/1312
f 1303/1303 1311/1311 1317/1317
f 1298/1298 1318/1318 1311/1311
f 1318/1318 1298/1298 1312/1312
f 1313/1313 1319/1319 1305/1305
f 1320/1320 1306/1306 1305/1305
f 1307/1307 1306/1306 1321/1321
f 1308/1308 1314/1314 1322/1322
f 1308/1308 1322/1322 1313/1313
f 1310/1310 1323/1323 1309/1309
f 1309/1309 1323/1323 1314/1314
f 1317/1317 1310/1310 1303/1303
f 1300/1300 1324/1324 1315/1315
f 1301/1301 1315/1315 1324/1324
f 1300/1300 1316/1316 1325/1325
f 1317/1317 1311/1311 1326/1326
f 1319/1319 1313/1313 1327/1327
f 1305/1305 1319/1319 1328/1328
f 1305/1305 1329/1329 1320/1320
f 1306/1306 1320/1320 1321/1321
f 1307/1307 1321/1321 1330/1330
f 1314/1314 1331/1331 1322/1322
f 1313/1313 1322/1322 1327/1327
f 1332/1332 1323/1323 1310/1310
f 1323/1323 1331/1331 1314/1314
f 1333/1333 1310/1310 1317/1317
f 1324/1324 1300/1300 1334/1334
f 1324/1324 1335/1335 1301/1301
f 1300/1300 1325/1325 1334/1334
f 1326/1326 1333/1333 1317/1317
f 1327/1327 1336/1336 1319/1319
f 1319/1319 1336/1336 1328/1328
f 1329/1329 1305/1305 1328/1328
f 1337/1337 1320/1320 1329/1329
f 1320/1320 1337/1337 1321/1321
f 1337/1337 1330/1330 1321/1321
f 1331/1331 1338/1338 1322/1322
f 1322/1322 1338/1338 1327/1327
f 1331/1331 1323/1323 1332/1332
f 1334/1334 1339/1339 1324/1324
f 1335/1335 1324/1324 1340/1340
f 1341/1341 1333/1333 1326/1326
f 1336/1336 1327/1327 1338/1338
f 1328/1328 1336/1336 1342/1342
f 1329/1329 1328/1328 1342/1342
f 1329/1329 1343/1343 1337/1337
f 1344/1344 1330/1330 1337/1337
f 1338/1338 1331/1331 1332/1332
f 1339/1339 1334/1334 1345/1345
f 1324/1324 1339/1339 1340/1340
f 1340/1340 1346/1346 1335/1335
f 1347/1347 1341/1341 1326/1326
f 1338/1338 1348/1348 1336/1336
f 1336/1336 1349/1349 1342/1342
f 1329/1329 1342/1342 1343/1343
f 1337/1337 1343/1343 1350/1350
f 1330/1330 1344/1344 1351/1351
f 1350/1350 1344/1344 1337/1337
f 1352/1352 1341/1341 1347/1347
f 1349/1349 1336/1336 1348/1348
f 1342/1342 1349/1349 1353/1353
f 1343/1343 1342/1342 1353/1353
f 1343/1343 1354/1354 1350/1350
f 1351/1351 1355/1355 1330/1330
f 1356/1356 1351/1351 1344/1344
f 1356/1356 1344/1344 1350/1350
f 1348/1348 1357/1357 1349/1349
f 1349/1349 1358/1358 1353/1353
f 1343/1343 1353/1353 1359/1359
f 1350/1350 1354/1354 1360/1360
f 1354/1354 1343/1343 1359/1359
f 1351/1351 1361/1361 1355/1355
f 1330/1330 1355/1355 1362/1362
f 1356/1356 1363/1363 1351/1351
f 1360/1360 1356/1356 1350/1350
f 1349/1349 1357/1357 1358/1358
f 1348/1348 1364/1364 1357/1357
f 1358/1358 1365/1365 1353/1353
f 1353/1353 1366/1366 1359/1359
f 1360/1360 1354/1354 1359/1359
f 1363/1363 1361/1361 1351/1351
f 1361/1361 1367/1367 1355/1355
f 1362/1362 1355/1355 1368/1368
f 1360/1360 1363/1363 1356/1356
f 1358/1358 1357/1357 1369/1369
f 1357/1357 1364/1364 1369/1369
f 1365/1365 1358/1358 1369/1369
f 1353/1353 1365/1365 1366/1366
f 1370/1370 1359/1359 1366/1366
f 1359/1359 1370/1370 1360/1360
f 1361/1361 1363/1363 1371/1371
f 1361/1361 1372/1372 1367/1367
f 1355/1355 1367/1367 1368/1368
f 1368/1368 1373/1373 1362/1362
f 1363/1363 1360/1360 1371/1371
f 1369/1369 1364/1364 1374/1374
f 1365/1365 1369/1369 1374/1374
f 1365/1365 1375/1375 1366/1366
f 1366/1366 1376/1376 1370/1370
f 1360/1360 1370/1370 1371/1371
f 1371/1371 1377/1377 1361/1361
f 1367/1367 1372/1372 1378/1378
f 1377/1377 1372/1372 1361/1361
f 1373/1373 1368/1368 1367/1367
f 1365/1365 1374/1374 1375/1375
f 1366/1366 1375/1375 1376/1376
f 1370/1370 1376/1376 1379/1379
f 1371/1371 1370/1370 1379/1379
f 1377/1377 1371/1371 1380/1380
f 1378/1378 1381/1381 1367/1367
f 1372/1372 1382/1382 1378/1378
f 1377/1377 1380/1380 1372/1372
f 1367/1367 1381/1381 1373/1373
f 1383/1383 1375/1375 1374/1374
f 1375/1375 1384/1384 1376/1376
f 1379/1379 1385/1385 1371/1371
f 1371/1371 1385/1385 1380/1380
f 1378/1378 1386/1386 1381/1381
f 1380/1380 1382/1382 1372/1372
f 1378/1378 1382/1382 1386/1386
f 1381/1381 1386/1386 1373/1373
f 1379/1379 1387/1387 1385/1385
f 1380/1380 1385/1385 1388/1388
f 1389/1389 1382/1382 1380/1380
f 1387/1387 1388/1388 1385/1385
f 1380/1380 1388/1388 1390/1390
f 1390/1390 1389/1389 1380/1380
f 1388/1388 1387/1387 1391/1391
f 1390/1390 1388/1388 1391/1391
f 1390/1390 1391/1391 1392/1392
f 1390/1390 1392/1392 1393/1393
f 1394/1394 1392/1392 1391/1391
f 1393/1393 1392/1392 1395/1395
f 1396/1396 1393/1393 1395/1395
f 1397/1397 1393/1393 1396/1396
f 1395/1395 1398/1398 1396/1396
f 1397/1397 1396/1396 1399/1399
f 1393/1393 1397/1397 1400/1400
f 1398/1398 1401/1401 1396/1396
f 1400/1400 1397/1397 1399/1399
f 1396/1396 1402/1402 1399/1399
f 1396/1396 1401/1401 1402/1402
f 1398/1398 1403/1403 1401/1401
f 1402/1402 1404/1404 1399/1399
f 1401/1401 1404/1404 1402/1402
f 1403/1403 1405/1405 1401/1401
f 1406/1406 1404/1404 1401/1401
f 1405/1405 1406/1406 1401/1401
f 1407/1407 1405/1405 1403/1403
f 1406/1406 1408/1408 1404/1404
f 1405/1405 1409/1409 1406/1406
f 1406/1406 1409/1409 1408/1408
f 1410/1410 1411/1411 1412/1412
f 1413/1413 1411/1411 1410/1410
f 1410/1410 1412/1412 1414/1414
f 1414/1414 1415/1415 1410/1410
f 1415/1415 1414/1414 1416/1416
f 1414/1414 1417/1417 1416/1416
f 1417/1417 1418/1418 1416/1416
f 1418/1418 1419/1419 1416/1416
f 1418/1418 1420/1420 1419/1419
f 1421/1421 1420/1420 1418/1418
f 1422/1422 1423/1423 1424/1424
f 1425/1425 1426/1426 1427/1427
f 1428/1428 1427/1427 1426/1426
f 1427/1427 1428/1428 1346/1346
f 1346/1346 1428/1428 1429/1429
f 1430/1430 1429/1429 1428/1428
f 1346/1346 1429/1429 1431/1431
f 1430/1430 1428/1428 1432/1432
f 1429/1429 1430/1430 1433/1433
f 1431/1431 1429/1429 1434/1434
f 1431/1431 1335/1335 1346/1346
f 1432/1432 1435/1435 1430/1430
f 1429/1429 1433/1433 1436/1436
f 1437/1437 1433/1433 1430/1430
f 1429/1429 1436/1436 1434/1434
f 1301/1301 1431/1431 1434/1434
f 1335/1335 1431/1431 1301/1301
f 1436/1436 1433/1433 1438/1438
f 1433/1433 1437/1437 1439/1439
f 1434/1434 1436/1436 1440/1440
f 1301/1301 1434/1434 1295/1295
f 1439/1439 1438/1438 1433/1433
f 1436/1436 1438/1438 1440/1440
f 1434/1434 1440/1440 1441/1441
f 1441/1441 1295/1295 1434/1434
f 1438/1438 1439/1439 1442/1442
f 1440/1440 1438/1438 1296/1296
f 1441/1441 1440/1440 1295/1295
f 1442/1442 1296/1296 1438/1438
f 1440/1440 1296/1296 1282/1282
f 1295/1295 1440/1440 1282/1282
f 1443/1443 1444/1444 1445/1445
f 1443/1443 1446/1446 1444/1444
f 1443/1443 1445/1445 1447/1447
f 1446/1446 1443/1443 1448/1448
f 1447/1447 1445/1445 1449/1449
f 1447/1447 1450/1450 1443/1443
f 1448/1448 1443/1443 1450/1450
f 1451/1451 1447/1447 1449/1449
f 1450/1450 1447/1447 1452/1452
f 1448/1448 1450/1450 1453/1453
f 1447/1447 1451/1451 1452/1452
f 1454/1454 1451/1451 1449/1449
f 1450/1450 1452/1452 1455/1455
f 1455/1455 1453/1453 1450/1450
f 1452/1452 1451/1451 1456/1456
f 1451/1451 1454/1454 1456/1456
f 1457/1457 1455/1455 1452/1452
f 1452/1452 1456/1456 1457/1457
f 1458/1458 1456/1456 1454/1454
f 1459/1459 1457/1457 1456/1456
f 1456/1456 1458/1458 1459/1459
f 1454/1454 1460/1460 1458/1458
f 1460/1460 1461/1461 1458/1458
f 1461/1461 1460/1460 1462/1462
f 1461/1461 1462/1462 1463/1463
f 1464/1464 1463/1463 1462/1462
f 1465/1465 1466/1466 1410/1410
f 1410/1410 1415/1415 1465/1465
f 1467/1467 1468/1468 1423/1423
f 1469/1469 1470/1470 1471/1471
f 1470/1470 1472/1472 1473/1473
f 1474/1474 1475/1475 1476/1476
f 1475/1475 1477/1477 1476/1476
f 1478/1478 1474/1474 1476/1476
f 1479/1479 1476/1476 1477/1477
f 1480/1480 1478/1478 1476/1476
f 1481/1481 1474/1474 1478/1478
f 1482/1482 1476/1476 1479/1479
f 1479/1479 1477/1477 1483/1483
f 1484/1484 1478/1478 1480/1480
f 1485/1485 1480/1480 1476/1476
f 1481/1481 1478/1478 1484/1484
f 1482/1482 1485/1485 1476/1476
f 1479/1479 1486/1486 1482/1482
f 1486/1486 1479/1479 1483/1483
f 1477/1477 1487/1487 1483/1483
f 1480/1480 1485/1485 1484/1484
f 1484/1484 1488/1488 1481/1481
f 1489/1489 1485/1485 1482/1482
f 1482/1482 1486/1486 1490/1490
f 1486/1486 1483/1483 1491/1491
f 1491/1491 1483/1483 1487/1487
f 1484/1484 1485/1485 1489/1489
f 1488/1488 1484/1484 1492/1492
f 1493/1493 1489/1489 1482/1482
f 1494/1494 1490/1490 1486/1486
f 1482/1482 1490/1490 1493/1493
f 1495/1495 1486/1486 1491/1491
f 1487/1487 1496/1496 1491/1491
f 1484/1484 1489/1489 1497/1497
f 1492/1492 1484/1484 1497/1497
f 1489/1489 1493/1493 1498/1498
f 1494/1494 1486/1486 1495/1495
f 1490/1490 1494/1494 1499/1499
f 1499/1499 1493/1493 1490/1490
f 1500/1500 1495/1495 1491/1491
f 1487/1487 1501/1501 1496/1496
f 1491/1491 1496/1496 1502/1502
f 1498/1498 1497/1497 1489/1489
f 1492/1492 1497/1497 1503/1503
f 1504/1504 1498/1498 1493/1493
f 1494/1494 1505/1505 1499/1499
f 1504/1504 1493/1493 1499/1499
f 1500/1500 1491/1491 1506/1506
f 1495/1495 1500/1500 1507/1507
f 1491/1491 1502/1502 1506/1506
f 1497/1497 1498/1498 1508/1508
f 1503/1503 1497/1497 1508/1508
f 1498/1498 1504/1504 1509/1509
f 1499/1499 1505/1505 1510/1510
f 1504/1504 1499/1499 1511/1511
f 1500/1500 1506/1506 1512/1512
f 1513/1513 1507/1507 1500/1500
f 1508/1508 1498/1498 1509/1509
f 1503/1503 1508/1508 1514/1514
f 1509/1509 1504/1504 1515/1515
f 1505/1505 1513/1513 1510/1510
f 1499/1499 1510/1510 1516/1516
f 1504/1504 1511/1511 1515/1515
f 1511/1511 1499/1499 1516/1516
f 1513/1513 1500/1500 1512/1512
f 1507/1507 1513/1513 1505/1505
f 1514/1514 1508/1508 1509/1509
f 1517/1517 1509/1509 1515/1515
f 1514/1514 1509/1509 1518/1518
f 1518/1518 1509/1509 1517/1517
f 1169/1169 1519/1519 1520/1520
f 1520/1520 1519/1519 1521/1521
f 1169/1169 1520/1520 1181/1181
f 1521/1521 1522/1522 1520/1520
f 1181/1181 1520/1520 1523/1523
f 1520/1520 1522/1522 1523/1523
f 1524/1524 1181/1181 1523/1523
f 1524/1524 1523/1523 1525/1525
f 1181/1181 1524/1524 1177/1177
f 1525/1525 1526/1526 1524/1524
f 1527/1527 1177/1177 1524/1524
f 1528/1528 1524/1524 1526/1526
f 1177/1177 1527/1527 1182/1182
f 1524/1524 1528/1528 1527/1527
f 1182/1182 1527/1527 1529/1529
f 1527/1527 1528/1528 1530/1530
f 1531/1531 1182/1182 1529/1529
f 1529/1529 1527/1527 1532/1532
f 1527/1527 1530/1530 1532/1532
f 1178/1178 1182/1182 1531/1531
f 1533/1533 1531/1531 1529/1529
f 1529/1529 1532/1532 1533/1533
f 1534/1534 1532/1532 1530/1530
f 1535/1535 1178/1178 1531/1531
f 1531/1531 1533/1533 1535/1535
f 1533/1533 1532/1532 1534/1534
f 1534/1534 1530/1530 1536/1536
f 1535/1535 1533/1533 1537/1537
f 1533/1533 1534/1534 1537/1537
f 1538/1538 1539/1539 1540/1540
f 1539/1539 1538/1538 1541/1541
f 1539/1539 1542/1542 1540/1540
f 1540/1540 1543/1543 1538/1538
f 1541/1541 1538/1538 1544/1544
f 1541/1541 1437/1437 1539/1539
f 1545/1545 1542/1542 1539/1539
f 1542/1542 1543/1543 1540/1540
f 1538/1538 1543/1543 1546/1546
f 1541/1541 1544/1544 1547/1547
f 1448/1448 1544/1544 1538/1538
f 1437/1437 1541/1541 1548/1548
f 1437/1437 1430/1430 1539/1539
f 1430/1430 1545/1545 1539/1539
f 1545/1545 1549/1549 1542/1542
f 1542/1542 1550/1550 1543/1543
f 1546/1546 1543/1543 1550/1550
f 1446/1446 1538/1538 1546/1546
f 1448/1448 1547/1547 1544/1544
f 1541/1541 1547/1547 1548/1548
f 1446/1446 1448/1448 1538/1538
f 1437/1437 1548/1548 1439/1439
f 1551/1551 1545/1545 1430/1430
f 1549/1549 1545/1545 1552/1552
f 1549/1549 1553/1553 1542/1542
f 1542/1542 1554/1554 1550/1550
f 1547/1547 1448/1448 1555/1555
f 1545/1545 1551/1551 1556/1556
f 1435/1435 1551/1551 1430/1430
f 1552/1552 1553/1553 1549/1549
f 1557/1557 1552/1552 1545/1545
f 1553/1553 1554/1554 1542/1542
f 1554/1554 1558/1558 1550/1550
f 1453/1453 1555/1555 1448/1448
f 1551/1551 1435/1435 1556/1556
f 1556/1556 1557/1557 1545/1545
f 1553/1553 1552/1552 1559/1559
f 1553/1553 1560/1560 1554/1554
f 1558/1558 1554/1554 1560/1560
f 1553/1553 1559/1559 1561/1561
f 1552/1552 1562/1562 1559/1559
f 1553/1553 1563/1563 1560/1560
f 1560/1560 1564/1564 1558/1558
f 1559/1559 1565/1565 1561/1561
f 1561/1561 1563/1563 1553/1553
f 1559/1559 1562/1562 1566/1566
f 1564/1564 1560/1560 1563/1563
f 1566/1566 1565/1565 1559/1559
f 1565/1565 1567/1567 1561/1561
f 1561/1561 1568/1568 1563/1563
f 1563/1563 1569/1569 1564/1564
f 1565/1565 1566/1566 1570/1570
f 1571/1571 1567/1567 1565/1565
f 1568/1568 1561/1561 1567/1567
f 1569/1569 1563/1563 1568/1568
f 1570/1570 1571/1571 1565/1565
f 1567/1567 1571/1571 1572/1572
f 1568/1568 1567/1567 1573/1573
f 1568/1568 1574/1574 1569/1569
f 1571/1571 1570/1570 1572/1572
f 1572/1572 1575/1575 1567/1567
f 1573/1573 1567/1567 1576/1576
f 1573/1573 1577/1577 1568/1568
f 1568/1568 1578/1578 1574/1574
f 1567/1567 1575/1575 1576/1576
f 1576/1576 1579/1579 1573/1573
f 1573/1573 1579/1579 1577/1577
f 1568/1568 1577/1577 1578/1578
f 1580/1580 1574/1574 1578/1578
f 1575/1575 1581/1581 1576/1576
f 1576/1576 1581/1581 1579/1579
f 1582/1582 1577/1577 1579/1579
f 1577/1577 1582/1582 1578/1578
f 1578/1578 1583/1583 1580/1580
f 1584/1584 1581/1581 1575/1575
f 1581/1581 1585/1585 1579/1579
f 1579/1579 1586/1586 1582/1582
f 1582/1582 1587/1587 1578/1578
f 1578/1578 1588/1588 1583/1583
f 1584/1584 1589/1589 1581/1581
f 1585/1585 1586/1586 1579/1579
f 1585/1585 1581/1581 1590/1590
f 1582/1582 1586/1586 1587/1587
f 1587/1587 1588/1588 1578/1578
f 1581/1581 1589/1589 1590/1590
f 1591/1591 1585/1585 1590/1590
f 1587/1587 1586/1586 1588/1588
f 1592/1592 1591/1591 1590/1590
f 1593/1593 1594/1594 1595/1595
f 1594/1594 1593/1593 1596/1596
f 1594/1594 1597/1597 1595/1595
f 1593/1593 1595/1595 1598/1598
f 1599/1599 1596/1596 1593/1593
f 1596/1596 1600/1600 1594/1594
f 1594/1594 1600/1600 1597/1597
f 1597/1597 1601/1601 1595/1595
f 1595/1595 1602/1602 1598/1598
f 1593/1593 1598/1598 1603/1603
f 1596/1596 1599/1599 1604/1604
f 1599/1599 1593/1593 1605/1605
f 1600/1600 1596/1596 1606/1606
f 1601/1601 1597/1597 1600/1600
f 1601/1601 1607/1607 1595/1595
f 1595/1595 1608/1608 1602/1602
f 1598/1598 1602/1602 1609/1609
f 1598/1598 1609/1609 1603/1603
f 1610/1610 1593/1593 1603/1603
f 1605/1605 1604/1604 1599/1599
f 1606/1606 1596/1596 1604/1604
f 1605/1605 1593/1593 1610/1610
f 1611/1611 1600/1600 1606/1606
f 1601/1601 1600/1600 1611/1611
f 1612/1612 1607/1607 1601/1601
f 1613/1613 1595/1595 1607/1607
f 1608/1608 1595/1595 1613/1613
f 1602/1602 1608/1608 1614/1614
f 1609/1609 1602/1602 1615/1615
f 1603/1603 1609/1609 1616/1616
f 1603/1603 1617/1617 1610/1610
f 1618/1618 1604/1604 1605/1605
f 1606/1606 1604/1604 1619/1619
f 1605/1605 1610/1610 1618/1618
f 1611/1611 1606/1606 1620/1620
f 1621/1621 1601/1601 1611/1611
f 1607/1607 1612/1612 1613/1613
f 1601/1601 1622/1622 1612/1612
f 1608/1608 1613/1613 1623/1623
f 1608/1608 1624/1624 1614/1614
f 1615/1615 1602/1602 1614/1614
f 1625/1625 1609/1609 1615/1615
f 1625/1625 1616/1616 1609/1609
f 1617/1617 1603/1603 1616/1616
f 1626/1626 1610/1610 1617/1617
f 1627/1627 1604/1604 1618/1618
f 1619/1619 1628/1628 1606/1606
f 1627/1627 1619/1619 1604/1604
f 1618/1618 1610/1610 1626/1626
f 1620/1620 1606/1606 1628/1628
f 1621/1621 1611/1611 1620/1620
f 1622/1622 1601/1601 1621/1621
f 1623/1623 1613/1613 1612/1612
f 1629/1629 1612/1612 1622/1622
f 1623/1623 1624/1624 1608/1608
f 1614/1614 1624/1624 1630/1630
f 1631/1631 1615/1615 1614/1614
f 1625/1625 1615/1615 1632/1632
f 1616/1616 1625/1625 1633/1633
f 1617/1617 1616/1616 1634/1634
f 1635/1635 1626/1626 1617/1617
f 1618/1618 1636/1636 1627/1627
f 1628/1628 1619/1619 794/794
f 1619/1619 1627/1627 1637/1637
f 1636/1636 1618/1618 1626/1626
f 1620/1620 1628/1628 812/812
f 1638/1638 1622/1622 1621/1621
f 1612/1612 1629/1629 1623/1623
f 1639/1639 1629/1629 1622/1622
f 1624/1624 1623/1623 1640/1640
f 1624/1624 1641/1641 1630/1630
f 1630/1630 1631/1631 1614/1614
f 1631/1631 1632/1632 1615/1615
f 1632/1632 1642/1642 1625/1625
f 1616/1616 1633/1633 1643/1643
f 1633/1633 1625/1625 1642/1642
f 1643/1643 1634/1634 1616/1616
f 1635/1635 1617/1617 1634/1634
f 1636/1636 1626/1626 1635/1635
f 1644/1644 1627/1627 1636/1636
f 1619/1619 787/787 794/794
f 1628/1628 794/794 812/812
f 1627/1627 1645/1645 1637/1637
f 1619/1619 1637/1637 787/787
f 1622/1622 1638/1638 1639/1639
f 1646/1646 1638/1638 1621/1621
f 1629/1629 1647/1647 1623/1623
f 1629/1629 1639/1639 1647/1647
f 1640/1640 1623/1623 1647/1647
f 1648/1648 1624/1624 1640/1640
f 1624/1624 1648/1648 1641/1641
f 1641/1641 1649/1649 1630/1630
f 1631/1631 1630/1630 1649/1649
f 1632/1632 1631/1631 1650/1650
f 1642/1642 1632/1632 1651/1651
f 1652/1652 1643/1643 1633/1633
f 1642/1642 1653/1653 1633/1633
f 1643/1643 1654/1654 1634/1634
f 1655/1655 1635/1635 1634/1634
f 1656/1656 1636/1636 1635/1635
f 1627/1627 1644/1644 1645/1645
f 1644/1644 1636/1636 1645/1645
f 1637/1637 1645/1645 773/773
f 773/773 787/787 1637/1637
f 1657/1657 1639/1639 1638/1638
f 1658/1658 1638/1638 1646/1646
f 1659/1659 1646/1646 1621/1621
f 1660/1660 1647/1647 1639/1639
f 1660/1660 1640/1640 1647/1647
f 1640/1640 1661/1661 1648/1648
f 1641/1641 1648/1648 1662/1662
f 1641/1641 1662/1662 1649/1649
f 1631/1631 1649/1649 1650/1650
f 1632/1632 1650/1650 1651/1651
f 1652/1652 1633/1633 1653/1653
f 1663/1663 1643/1643 1652/1652
f 1655/1655 1634/1634 1654/1654
f 1643/1643 1664/1664 1654/1654
f 1665/1665 1635/1635 1655/1655
f 1645/1645 1636/1636 1656/1656
f 1656/1656 1635/1635 1665/1665
f 1645/1645 775/775 773/773
f 1666/1666 1657/1657 1638/1638
f 1639/1639 1657/1657 1667/1667
f 1638/1638 1658/1658 1666/1666
f 1646/1646 1668/1668 1658/1658
f 1668/1668 1646/1646 1659/1659
f 1639/1639 1667/1667 1660/1660
f 1661/1661 1640/1640 1660/1660
f 1669/1669 1648/1648 1661/1661
f 1662/1662 1648/1648 1670/1670
f 1649/1649 1662/1662 1671/1671
f 1672/1672 1650/1650 1649/1649
f 1650/1650 1673/1673 1651/1651
f 1674/1674 1652/1652 1653/1653
f 1663/1663 1652/1652 1674/1674
f 1664/1664 1643/1643 1663/1663
f 1655/1655 1654/1654 1664/1664
f 1675/1675 1665/1665 1655/1655
f 1676/1676 1645/1645 1656/1656
f 774/774 1656/1656 1665/1665
f 1645/1645 1676/1676 775/775
f 1657/1657 1666/1666 1667/1667
f 1677/1677 1666/1666 1658/1658
f 1677/1677 1658/1658 1668/1668
f 1678/1678 1668/1668 1659/1659
f 1667/1667 1661/1661 1660/1660
f 1667/1667 1669/1669 1661/1661
f 1648/1648 1669/1669 1670/1670
f 1679/1679 1662/1662 1670/1670
f 1671/1671 1662/1662 1679/1679
f 1649/1649 1671/1671 1672/1672
f 1650/1650 1672/1672 1680/1680
f 1673/1673 1650/1650 1681/1681
f 1653/1653 1682/1682 1674/1674
f 1683/1683 1664/1664 1663/1663
f 1684/1684 1655/1655 1664/1664
f 1685/1685 1675/1675 1655/1655
f 1675/1675 751/751 1665/1665
f 1676/1676 1656/1656 774/774
f 751/751 774/774 1665/1665
f 775/775 1676/1676 774/774
f 1686/1686 1667/1667 1666/1666
f 1677/1677 1687/1687 1666/1666
f 1668/1668 1688/1688 1677/1677
f 1668/1668 1678/1678 1688/1688
f 1689/1689 1669/1669 1667/1667
f 1670/1670 1669/1669 1690/1690
f 1679/1679 1670/1670 1691/1691
f 1692/1692 1671/1671 1679/1679
f 1672/1672 1671/1671 1693/1693
f 1672/1672 1693/1693 1680/1680
f 1650/1650 1680/1680 1681/1681
f 1681/1681 1694/1694 1673/1673
f 1683/1683 1695/1695 1664/1664
f 1685/1685 1655/1655 1684/1684
f 1684/1684 1664/1664 1695/1695
f 1685/1685 731/731 1675/1675
f 734/734 751/751 1675/1675
f 1667/1667 1686/1686 1689/1689
f 1687/1687 1686/1686 1666/1666
f 1696/1696 1687/1687 1677/1677
f 1697/1697 1677/1677 1688/1688
f 1678/1678 1698/1698 1688/1688
f 1690/1690 1669/1669 1689/1689
f 1690/1690 1691/1691 1670/1670
f 1693/1693 1671/1671 1692/1692
f 1680/1680 1693/1693 1699/1699
f 1681/1681 1680/1680 1699/1699
f 1699/1699 1694/1694 1681/1681
f 1683/1683 1700/1700 1695/1695
f 1701/1701 1685/1685 1684/1684
f 1701/1701 1684/1684 1695/1695
f 1675/1675 731/731 734/734
f 739/739 731/731 1685/1685
f 1687/1687 1689/1689 1686/1686
f 1702/1702 1696/1696 1677/1677
f 1696/1696 1703/1703 1687/1687
f 1697/1697 1702/1702 1677/1677
f 1697/1697 1688/1688 1698/1698
f 1690/1690 1689/1689 1704/1704
f 1691/1691 1690/1690 1704/1704
f 1705/1705 1693/1693 1692/1692
f 1699/1699 1693/1693 1706/1706
f 1694/1694 1699/1699 1707/1707
f 1701/1701 1695/1695 1700/1700
f 1700/1700 1683/1683 1708/1708
f 1709/1709 1685/1685 1701/1701
f 739/739 1685/1685 1709/1709
f 1704/1704 1689/1689 1687/1687
f 1710/1710 1696/1696 1702/1702
f 1710/1710 1703/1703 1696/1696
f 1703/1703 1704/1704 1687/1687
f 1697/1697 1711/1711 1702/1702
f 1698/1698 1711/1711 1697/1697
f 1705/1705 1706/1706 1693/1693
f 1706/1706 1712/1712 1699/1699
f 1699/1699 1712/1712 1707/1707
f 1709/1709 1701/1701 1700/1700
f 747/747 739/739 1709/1709
f 1710/1710 1702/1702 1711/1711
f 1710/1710 1713/1713 1703/1703
f 1706/1706 1705/1705 1714/1714
f 1715/1715 1712/1712 1706/1706
f 1707/1707 1712/1712 1715/1715
f 1716/1716 1709/1709 1700/1700
f 1709/1709 1717/1717 747/747
f 1711/1711 1713/1713 1710/1710
f 1714/1714 1718/1718 1706/1706
f 1706/1706 1718/1718 1715/1715
f 1716/1716 1700/1700 1719/1719
f 1717/1717 1709/1709 1716/1716
f 1717/1717 1720/1720 747/747
f 767/767 1716/1716 1719/1719
f 1721/1721 1717/1717 1716/1716
f 1721/1721 1720/1720 1717/1717
f 747/747 1720/1720 1721/1721
f 767/767 1721/1721 1716/1716
f 767/767 747/747 1721/1721
f 1722/1722 1723/1723 1724/1724
f 1723/1723 1722/1722 1725/1725
f 1726/1726 1724/1724 1723/1723
f 1727/1727 1723/1723 1725/1725
f 1725/1725 1722/1722 1728/1728
f 1726/1726 1729/1729 1724/1724
f 1730/1730 1727/1727 1725/1725
f 1728/1728 1731/1731 1725/1725
f 1732/1732 1729/1729 1726/1726
f 1729/1729 1733/1733 1724/1724
f 1730/1730 1725/1725 1731/1731
f 1731/1731 1728/1728 1734/1734
f 1732/1732 1735/1735 1729/1729
f 1736/1736 1732/1732 1726/1726
f 1737/1737 1724/1724 1733/1733
f 1728/1728 1738/1738 1734/1734
f 1739/1739 1735/1735 1732/1732
f 1740/1740 1732/1732 1736/1736
f 1726/1726 1741/1741 1736/1736
f 1724/1724 1737/1737 1742/1742
f 1738/1738 1728/1728 1742/1742
f 1743/1743 1734/1734 1738/1738
f 1744/1744 1739/1739 1732/1732
f 1740/1740 1744/1744 1732/1732
f 1736/1736 1745/1745 1740/1740
f 1741/1741 1745/1745 1736/1736
f 1746/1746 1734/1734 1743/1743
f 1743/1743 1738/1738 1747/1747
f 1739/1739 1744/1744 1748/1748
f 1749/1749 1744/1744 1740/1740
f 1749/1749 1740/1740 1745/1745
f 1746/1746 1743/1743 1750/1750
f 1751/1751 1734/1734 1746/1746
f 1752/1752 1743/1743 1747/1747
f 1748/1748 1744/1744 1749/1749
f 1745/1745 1753/1753 1749/1749
f 1750/1750 1743/1743 1752/1752
f 1754/1754 1746/1746 1750/1750
f 1734/1734 1751/1751 1730/1730
f 1748/1748 1749/1749 1755/1755
f 1753/1753 1745/1745 1756/1756
f 1749/1749 1753/1753 1757/1757
f 1752/1752 1758/1758 1750/1750
f 1746/1746 1754/1754 1759/1759
f 1760/1760 1754/1754 1750/1750
f 1759/1759 1730/1730 1751/1751
f 1757/1757 1755/1755 1749/1749
f 1755/1755 1761/1761 1748/1748
f 1756/1756 1762/1762 1753/1753
f 1756/1756 1745/1745 1763/1763
f 1757/1757 1753/1753 1764/1764
f 1765/1765 1750/1750 1758/1758
f 1754/1754 1766/1766 1759/1759
f 1754/1754 1760/1760 1766/1766
f 1750/1750 1767/1767 1760/1760
f 1768/1768 1730/1730 1759/1759
f 1769/1769 1755/1755 1757/1757
f 1769/1769 1761/1761 1755/1755
f 1770/1770 1762/1762 1756/1756
f 1771/1771 1753/1753 1762/1762
f 1756/1756 1763/1763 1772/1772
f 1764/1764 1753/1753 1773/1773
f 1764/1764 1769/1769 1757/1757
f 1765/1765 1767/1767 1750/1750
f 1774/1774 1766/1766 1760/1760
f 1767/1767 1774/1774 1760/1760
f 1759/1759 1775/1775 1768/1768
f 1776/1776 1761/1761 1769/1769
f 1762/1762 1770/1770 1777/1777
f 1778/1778 1771/1771 1762/1762
f 1773/1773 1753/1753 1771/1771
f 1779/1779 1764/1764 1773/1773
f 1780/1780 1769/1769 1764/1764
f 1765/1765 1781/1781 1767/1767
f 1774/1774 1782/1782 1766/1766
f 1783/1783 1774/1774 1767/1767
f 1768/1768 1775/1775 1784/1784
f 1785/1785 1776/1776 1769/1769
f 1770/1770 1772/1772 1777/1777
f 1777/1777 1786/1786 1762/1762
f 1778/1778 1762/1762 1786/1786
f 1778/1778 1787/1787 1771/1771
f 1787/1787 1773/1773 1771/1771
f 1779/1779 1780/1780 1764/1764
f 1769/1769 1780/1780 1788/1788
f 1783/1783 1767/1767 1781/1781
f 1782/1782 1775/1775 1766/1766
f 1784/1784 1775/1775 1782/1782
f 1789/1789 1776/1776 1785/1785
f 1790/1790 1785/1785 1769/1769
f 1786/1786 1777/1777 1791/1791
f 1786/1786 1787/1787 1778/1778
f 1773/1773 1787/1787 1792/1792
f 1793/1793 1780/1780 1779/1779
f 1769/1769 1788/1788 1790/1790
f 1794/1794 1788/1788 1780/1780
f 1791/1791 1784/1784 1782/1782
f 1795/1795 1789/1789 1785/1785
f 1776/1776 1789/1789 1796/1796
f 1787/1787 1786/1786 1791/1791
f 1784/1784 1791/1791 1777/1777
f 1797/1797 1792/1792 1787/1787
f 1798/1798 1780/1780 1793/1793
f 1779/1779 1799/1799 1793/1793
f 1800/1800 1790/1790 1788/1788
f 1801/1801 1794/1794 1780/1780
f 1802/1802 1788/1788 1794/1794
f 1789/1789 1795/1795 1803/1803
f 1789/1789 1803/1803 1796/1796
f 1796/1796 1804/1804 1776/1776
f 1791/1791 1797/1797 1787/1787
f 1792/1792 1797/1797 1805/1805
f 1798/1798 1806/1806 1780/1780
f 1807/1807 1798/1798 1793/1793
f 1808/1808 1799/1799 1779/1779
f 1809/1809 1793/1793 1799/1799
f 1800/1800 1795/1795 1790/1790
f 1788/1788 1802/1802 1800/1800
f 1794/1794 1801/1801 1810/1810
f 1780/1780 1806/1806 1801/1801
f 1810/1810 1802/1802 1794/1794
f 1796/1796 1803/1803 1811/1811
f 1812/1812 1804/1804 1796/1796
f 1797/1797 1791/1791 1813/1813
f 1814/1814 1792/1792 1805/1805
f 1813/1813 1805/1805 1797/1797
f 1815/1815 1806/1806 1798/1798
f 1798/1798 1807/1807 1816/1816
f 1817/1817 1807/1807 1793/1793
f 1818/1818 1799/1799 1808/1808
f 1793/1793 1809/1809 1817/1817
f 1819/1819 1809/1809 1799/1799
f 1800/1800 1820/1820 1795/1795
f 1802/1802 1821/1821 1800/1800
f 1801/1801 1822/1822 1810/1810
f 1823/1823 1801/1801 1806/1806
f 1802/1802 1810/1810 1821/1821
f 1811/1811 1812/1812 1796/1796
f 1803/1803 1824/1824 1811/1811
f 1812/1812 1825/1825 1804/1804
f 1806/1806 1815/1815 1823/1823
f 1816/1816 1815/1815 1798/1798
f 1807/1807 1817/1817 1816/1816
f 1799/1799 1818/1818 1819/1819
f 1826/1826 1818/1818 1808/1808
f 1809/1809 1819/1819 1817/1817
f 1801/1801 1823/1823 1822/1822
f 1812/1812 1811/1811 1827/1827
f 1824/1824 1828/1828 1811/1811
f 1827/1827 1825/1825 1812/1812
f 1815/1815 1829/1829 1823/1823
f 1815/1815 1816/1816 1829/1829
f 1817/1817 1830/1830 1816/1816
f 1831/1831 1819/1819 1818/1818
f 1808/1808 1832/1832 1826/1826
f 1818/1818 1826/1826 1831/1831
f 1819/1819 1833/1833 1817/1817
f 1829/1829 1822/1822 1823/1823
f 1811/1811 1834/1834 1827/1827
f 1828/1828 1835/1835 1811/1811
f 1836/1836 1829/1829 1816/1816
f 1830/1830 1836/1836 1816/1816
f 1833/1833 1830/1830 1817/1817
f 1829/1829 1837/1837 1822/1822
f 1838/1838 1834/1834 1811/1811
f 1835/1835 1838/1838 1811/1811
f 1839/1839 1835/1835 1828/1828
f 1830/1830 1840/1840 1836/1836
f 1833/1833 1841/1841 1830/1830
f 1842/1842 1838/1838 1835/1835
f 1842/1842 1835/1835 1839/1839
f 1843/1843 1839/1839 1828/1828
f 1844/1844 1841/1841 1833/1833
f 1845/1845 1842/1842 1839/1839
f 1843/1843 1846/1846 1839/1839
f 1844/1844 1840/1840 1841/1841
f 1846/1846 1845/1845 1839/1839
f 1843/1843 1847/1847 1846/1846
f 1844/1844 1848/1848 1840/1840
f 1849/1849 1845/1845 1846/1846
f 1847/1847 1843/1843 1850/1850
f 1847/1847 1851/1851 1846/1846
f 1844/1844 313/313 1848/1848
f 1852/1852 1849/1849 1846/1846
f 1845/1845 1849/1849 1853/1853
f 1850/1850 1854/1854 1847/1847
f 1846/1846 1851/1851 1855/1855
f 1856/1856 1851/1851 1847/1847
f 1857/1857 1848/1848 313/313
f 1855/1855 1852/1852 1846/1846
f 1849/1849 1852/1852 1858/1858
f 1849/1849 1858/1858 1853/1853
f 1859/1859 1847/1847 1854/1854
f 1854/1854 1850/1850 1837/1837
f 1851/1851 1860/1860 1855/1855
f 1851/1851 1856/1856 1860/1860
f 1847/1847 1859/1859 1856/1856
f 1848/1848 1857/1857 1859/1859
f 317/317 1857/1857 313/313
f 1855/1855 1858/1858 1852/1852
f 1858/1858 1861/1861 1853/1853
f 1859/1859 1854/1854 1848/1848
f 1848/1848 1854/1854 1837/1837
f 1860/1860 1861/1861 1855/1855
f 1862/1862 1860/1860 1856/1856
f 1859/1859 1862/1862 1856/1856
f 1859/1859 1857/1857 1863/1863
f 1857/1857 317/317 1864/1864
f 1855/1855 1861/1861 1858/1858
f 1860/1860 1865/1865 1861/1861
f 1866/1866 1860/1860 1862/1862
f 1867/1867 1862/1862 1859/1859
f 1864/1864 1863/1863 1857/1857
f 1859/1859 1863/1863 1867/1867
f 317/317 1868/1868 1864/1864
f 1866/1866 1865/1865 1860/1860
f 1862/1862 1867/1867 1866/1866
f 1863/1863 1864/1864 1868/1868
f 1863/1863 1866/1866 1867/1867
f 318/318 1868/1868 317/317
f 1866/1866 314/314 1865/1865
f 1868/1868 1866/1866 1863/1863
f 1868/1868 318/318 314/314
f 1868/1868 314/314 1866/1866
f 314/314 1869/1869 1865/1865
f 306/306 1869/1869 314/314
f 1869/1869 1870/1870 1865/1865
f 1871/1871 1869/1869 306/306
f 1869/1869 1871/1871 1870/1870
f 299/299 1871/1871 306/306
f 1870/1870 1871/1871 1872/1872
f 1871/1871 299/299 1873/1873
f 1874/1874 1872/1872 1871/1871
f 292/292 1873/1873 299/299
f 1871/1871 1873/1873 1874/1874
f 1874/1874 1875/1875 1872/1872
f 1876/1876 1873/1873 292/292
f 1876/1876 1874/1874 1873/1873
f 1874/1874 1877/1877 1875/1875
f 1875/1875 1878/1878 1872/1872
f 291/291 1876/1876 292/292
f 1876/1876 1877/1877 1874/1874
f 1877/1877 1879/1879 1875/1875
f 1879/1879 1878/1878 1875/1875
f 297/297 1876/1876 291/291
f 1877/1877 1876/1876 1880/1880
f 1879/1879 1877/1877 1881/1881
f 1879/1879 1882/1882 1878/1878
f 1876/1876 297/297 1880/1880
f 1881/1881 1877/1877 1880/1880
f 1881/1881 1883/1883 1879/1879
f 1879/1879 1884/1884 1882/1882
f 1885/1885 1880/1880 297/297
f 1886/1886 1881/1881 1880/1880
f 1879/1879 1883/1883 1884/1884
f 1887/1887 1883/1883 1881/1881
f 1880/1880 1885/1885 1886/1886
f 304/304 1885/1885 297/297
f 1881/1881 1886/1886 1888/1888
f 1881/1881 1889/1889 1887/1887
f 1890/1890 1883/1883 1887/1887
f 1885/1885 1891/1891 1886/1886
f 1885/1885 304/304 1892/1892
f 1881/1881 1888/1888 1889/1889
f 1893/1893 1888/1888 1886/1886
f 1889/1889 1894/1894 1887/1887
f 1895/1895 1890/1890 1887/1887
f 1891/1891 1893/1893 1886/1886
f 1892/1892 1891/1891 1885/1885
f 1896/1896 1892/1892 304/304
f 1888/1888 1897/1897 1889/1889
f 1898/1898 1888/1888 1893/1893
f 1899/1899 1894/1894 1889/1889
f 1887/1887 1894/1894 1895/1895
f 1900/1900 1893/1893 1891/1891
f 1891/1891 1892/1892 1896/1896
f 293/293 1896/1896 304/304
f 1901/1901 1897/1897 1888/1888
f 1889/1889 1897/1897 1899/1899
f 1898/1898 1901/1901 1888/1888
f 1902/1902 1898/1898 1893/1893
f 1899/1899 1895/1895 1894/1894
f 1903/1903 1900/1900 1891/1891
f 1904/1904 1891/1891 1896/1896
f 1905/1905 1896/1896 293/293
f 1897/1897 1901/1901 1899/1899
f 1902/1902 1901/1901 1898/1898
f 1906/1906 1900/1900 1903/1903
f 1904/1904 1903/1903 1891/1891
f 1896/1896 1905/1905 1904/1904
f 155/155 1905/1905 293/293
f 1907/1907 1906/1906 1903/1903
f 1903/1903 1904/1904 1908/1908
f 154/154 1904/1904 1905/1905
f 1905/1905 155/155 154/154
f 1907/1907 1909/1909 1906/1906
f 1908/1908 1907/1907 1903/1903
f 1904/1904 154/154 1908/1908
f 1910/1910 1907/1907 1908/1908
f 149/149 1908/1908 154/154
f 412/412 1907/1907 1910/1910
f 149/149 1910/1910 1908/1908
f 400/400 1907/1907 412/412
f 412/412 1910/1910 149/149
f 1907/1907 400/400 1911/1911
f 1741/1741 1912/1912 1763/1763
f 1768/1768 1913/1913 1727/1727
f 1914/1914 1915/1915 1916/1916
f 1915/1915 1914/1914 1917/1917
f 1915/1915 1918/1918 1916/1916
f 1916/1916 1919/1919 1914/1914
f 1917/1917 1914/1914 1920/1920
f 1921/1921 1915/1915 1917/1917
f 1919/1919 1916/1916 1918/1918
f 1915/1915 1922/1922 1918/1918
f 1919/1919 1923/1923 1914/1914
f 1917/1917 1920/1920 1924/1924
f 1925/1925 1920/1920 1914/1914
f 1921/1921 1922/1922 1915/1915
f 1914/1914 1923/1923 1925/1925
f 1924/1924 1920/1920 1926/1926
f 1924/1924 1927/1927 1917/1917
f 1920/1920 1925/1925 1926/1926
f 1923/1923 1928/1928 1925/1925
f 1929/1929 1924/1924 1926/1926
f 1927/1927 1924/1924 1930/1930
f 1931/1931 1917/1917 1927/1927
f 1929/1929 1926/1926 1925/1925
f 1925/1925 1928/1928 1932/1932
f 1924/1924 1929/1929 1933/1933
f 1933/1933 1930/1930 1924/1924
f 1930/1930 1934/1934 1927/1927
f 1931/1931 1927/1927 1934/1934
f 1935/1935 1917/1917 1931/1931
f 1925/1925 1932/1932 1929/1929
f 1936/1936 1932/1932 1928/1928
f 1933/1933 1929/1929 1937/1937
f 1930/1930 1933/1933 1938/1938
f 1939/1939 1934/1934 1930/1930
f 1931/1931 1934/1934 1939/1939
f 1935/1935 1931/1931 1940/1940
f 1941/1941 1929/1929 1932/1932
f 1941/1941 1932/1932 1936/1936
f 1942/1942 1936/1936 1928/1928
f 1933/1933 1937/1937 1943/1943
f 1937/1937 1929/1929 1941/1941
f 1938/1938 1939/1939 1930/1930
f 1938/1938 1933/1933 1943/1943
f 1940/1940 1931/1931 1939/1939
f 1940/1940 1944/1944 1935/1935
f 1945/1945 1941/1941 1936/1936
f 1928/1928 1946/1946 1942/1942
f 1943/1943 1937/1937 1947/1947
f 1948/1948 1937/1937 1941/1941
f 1949/1949 1939/1939 1938/1938
f 1950/1950 1938/1938 1943/1943
f 1949/1949 1940/1940 1939/1939
f 1944/1944 1940/1940 1949/1949
f 1942/1942 1946/1946 1951/1951
f 1948/1948 1947/1947 1937/1937
f 1943/1943 1947/1947 1952/1952
f 1949/1949 1938/1938 1950/1950
f 1950/1950 1943/1943 1952/1952
f 1953/1953 1942/1942 1951/1951
f 1947/1947 1948/1948 1954/1954
f 1952/1952 1947/1947 1954/1954
f 1953/1953 1951/1951 1955/1955
f 1954/1954 1948/1948 1956/1956
f 1957/1957 1952/1952 1954/1954
f 1954/1954 1956/1956 1958/1958
f 1959/1959 1957/1957 1954/1954
f 1959/1959 1954/1954 1958/1958
f 1960/1960 1961/1961 1962/1962
f 1960/1960 1963/1963 1961/1961
f 1964/1964 1965/1965 1966/1966
f 1966/1966 1965/1965 1967/1967
f 1964/1964 1966/1966 1968/1968
f 1967/1967 1965/1965 1969/1969
f 1970/1970 1966/1966 1967/1967
f 1968/1968 1966/1966 1970/1970
f 1967/1967 1969/1969 1971/1971
f 1972/1972 1970/1970 1967/1967
f 1968/1968 1970/1970 1973/1973
f 1974/1974 1971/1971 1969/1969
f 1975/1975 1967/1967 1971/1971
f 1972/1972 1967/1967 1975/1975
f 1972/1972 1976/1976 1970/1970
f 1973/1973 1970/1970 1976/1976
f 1977/1977 1968/1968 1973/1973
f 1971/1971 1974/1974 1978/1978
f 1979/1979 1975/1975 1971/1971
f 1972/1972 1975/1975 1980/1980
f 1976/1976 1972/1972 1980/1980
f 1976/1976 1981/1981 1973/1973
f 1982/1982 1977/1977 1973/1973
f 1983/1983 1971/1971 1978/1978
f 1984/1984 1978/1978 1974/1974
f 1985/1985 1975/1975 1979/1979
f 1985/1985 1979/1979 1971/1971
f 1980/1980 1975/1975 1986/1986
f 1976/1976 1980/1980 1987/1987
f 1988/1988 1973/1973 1981/1981
f 1981/1981 1976/1976 1989/1989
f 1982/1982 1990/1990 1977/1977
f 1982/1982 1973/1973 1988/1988
f 1978/1978 1991/1991 1983/1983
f 1985/1985 1971/1971 1983/1983
f 1992/1992 1978/1978 1984/1984
f 1986/1986 1975/1975 1985/1985
f 1980/1980 1986/1986 1993/1993
f 1989/1989 1976/1976 1987/1987
f 1987/1987 1980/1980 1994/1994
f 1995/1995 1988/1988 1981/1981
f 1989/1989 1995/1995 1981/1981
f 1996/1996 1990/1990 1982/1982
f 1988/1988 1995/1995 1982/1982
f 1991/1991 1978/1978 1992/1992
f 1997/1997 1983/1983 1991/1991
f 1983/1983 1998/1998 1985/1985
f 1999/1999 1986/1986 1985/1985
f 1993/1993 2000/2000 1980/1980
f 1986/1986 1999/1999 1993/1993
f 1987/1987 2001/2001 1989/1989
f 2001/2001 1987/1987 1994/1994
f 1994/1994 1980/1980 2000/2000
f 1996/1996 1995/1995 1989/1989
f 2002/2002 1990/1990 1996/1996
f 1982/1982 1995/1995 1996/1996
f 2003/2003 1991/1991 1992/1992
f 1998/1998 1983/1983 1997/1997
f 1991/1991 2003/2003 1997/1997
f 1998/1998 1999/1999 1985/1985
f 2000/2000 1993/1993 2004/2004
f 1993/1993 1999/1999 2005/2005
f 2001/2001 1996/1996 1989/1989
f 2006/2006 2001/2001 1994/1994
f 1994/1994 2000/2000 2006/2006
f 2002/2002 1719/1719 1990/1990
f 2007/2007 2002/2002 1996/1996
f 2004/2004 1993/1993 2008/2008
f 2006/2006 2000/2000 2004/2004
f 2008/2008 1993/1993 2005/2005
f 2009/2009 2005/2005 1999/1999
f 1996/1996 2001/2001 2006/2006
f 1719/1719 2002/2002 767/767
f 2002/2002 2007/2007 767/767
f 2007/2007 1996/1996 2010/2010
f 2008/2008 2011/2011 2004/2004
f 2004/2004 2012/2012 2006/2006
f 2008/2008 2005/2005 2009/2009
f 1999/1999 2013/2013 2009/2009
f 2006/2006 2014/2014 1996/1996
f 2015/2015 767/767 2007/2007
f 2016/2016 2007/2007 2010/2010
f 2010/2010 1996/1996 2014/2014
f 2008/2008 2017/2017 2011/2011
f 2004/2004 2011/2011 2012/2012
f 2006/2006 2012/2012 2014/2014
f 2017/2017 2008/2008 2009/2009
f 2018/2018 2009/2009 2013/2013
f 27/27 767/767 2015/2015
f 2015/2015 2007/2007 2016/2016
f 2019/2019 2016/2016 2010/2010
f 2020/2020 2010/2010 2014/2014
f 2017/2017 2021/2021 2011/2011
f 2012/2012 2011/2011 2021/2021
f 2021/2021 2014/2014 2012/2012
f 2009/2009 2018/2018 2017/2017
f 2022/2022 2018/2018 2013/2013
f 2016/2016 27/27 2015/2015
f 2019/2019 21/21 2016/2016
f 2020/2020 2019/2019 2010/2010
f 2014/2014 2021/2021 2020/2020
f 2018/2018 2021/2021 2017/2017
f 2023/2023 2018/2018 2022/2022
f 21/21 27/27 2016/2016
f 33/33 21/21 2019/2019
f 2024/2024 2019/2019 2020/2020
f 2023/2023 2020/2020 2021/2021
f 2023/2023 2021/2021 2018/2018
f 2022/2022 2025/2025 2023/2023
f 2019/2019 2026/2026 33/33
f 2024/2024 2020/2020 2025/2025
f 2026/2026 2019/2019 2024/2024
f 2023/2023 2025/2025 2020/2020
f 33/33 2026/2026 38/38
f 2025/2025 2027/2027 2024/2024
f 2026/2026 2024/2024 2028/2028
f 38/38 2026/2026 2028/2028
f 2027/2027 2029/2029 2024/2024
f 2024/2024 2029/2029 2028/2028
f 2028/2028 52/52 38/38
f 2030/2030 2029/2029 2027/2027
f 2029/2029 2030/2030 2028/2028
f 2028/2028 2030/2030 52/52
f 2031/2031 2032/2032 2033/2033
f 2031/2031 2034/2034 2032/2032
f 2035/2035 2031/2031 2033/2033
f 2034/2034 2031/2031 2036/2036
f 2034/2034 2037/2037 2032/2032
f 2035/2035 2033/2033 2038/2038
f 2031/2031 2035/2035 2036/2036
f 2034/2034 2039/2039 2037/2037
f 2032/2032 2037/2037 2040/2040
f 2038/2038 2033/2033 2041/2041
f 2039/2039 2040/2040 2037/2037
f 2042/2042 2043/2043 2044/2044
f 2043/2043 2042/2042 2045/2045
f 2043/2043 2046/2046 2044/2044
f 2045/2045 2047/2047 2043/2043
f 2043/2043 2047/2047 2046/2046
f 2048/2048 2044/2044 2046/2046
f 2045/2045 2049/2049 2047/2047
f 2050/2050 2046/2046 2047/2047
f 2051/2051 2044/2044 2048/2048
f 2046/2046 2050/2050 2048/2048
f 2052/2052 2047/2047 2049/2049
f 2051/2051 2048/2048 2053/2053
f 2049/2049 2054/2054 2052/2052
f 2055/2055 2056/2056 2057/2057
f 2055/2055 2057/2057 2058/2058
f 2055/2055 2058/2058 2059/2059
f 2058/2058 2057/2057 2060/2060
f 2061/2061 2055/2055 2059/2059
f 2059/2059 2058/2058 2062/2062
f 2058/2058 2060/2060 2062/2062
f 2063/2063 2060/2060 2057/2057
f 2064/2064 2055/2055 2061/2061
f 2062/2062 2060/2060 2063/2063
f 2063/2063 2057/2057 2065/2065
f 2066/2066 2067/2067 2055/2055
f 2068/2068 2069/2069 1902/1902
f 1902/1902 2069/2069 2070/2070
f 2071/2071 2072/2072 2073/2073
f 2073/2073 2072/2072 2074/2074
f 2072/2072 2061/2061 2074/2074
f 2075/2075 2076/2076 2077/2077
f 2076/2076 2075/2075 2078/2078
f 2079/2079 2077/2077 2076/2076
f 2077/2077 2080/2080 2075/2075
f 2081/2081 2076/2076 2078/2078
f 2078/2078 2075/2075 2082/2082
f 2083/2083 2079/2079 2076/2076
f 2084/2084 2077/2077 2079/2079
f 2084/2084 2080/2080 2077/2077
f 2080/2080 2085/2085 2075/2075
f 2078/2078 2086/2086 2081/2081
f 2081/2081 2083/2083 2076/2076
f 2082/2082 2087/2087 2078/2078
f 2075/2075 2085/2085 2082/2082
f 2088/2088 2079/2079 2083/2083
f 2079/2079 2089/2089 2084/2084
f 2090/2090 2080/2080 2084/2084
f 2080/2080 2091/2091 2085/2085
f 2078/2078 2087/2087 2086/2086
f 2083/2083 2081/2081 2092/2092
f 2082/2082 2093/2093 2087/2087
f 2091/2091 2082/2082 2085/2085
f 2088/2088 2083/2083 2094/2094
f 2095/2095 2079/2079 2088/2088
f 2089/2089 2079/2079 2095/2095
f 2096/2096 2084/2084 2089/2089
f 2080/2080 2090/2090 2097/2097
f 2090/2090 2084/2084 2096/2096
f 2098/2098 2091/2091 2080/2080
f 2083/2083 2092/2092 2099/2099
f 2093/2093 2082/2082 2100/2100
f 2082/2082 2091/2091 2101/2101
f 2094/2094 2083/2083 2099/2099
f 2088/2088 2094/2094 2095/2095
f 2096/2096 2089/2089 2095/2095
f 2102/2102 2097/2097 2090/2090
f 2097/2097 2098/2098 2080/2080
f 2091/2091 2098/2098 2101/2101
f 2099/2099 2092/2092 2103/2103
f 2082/2082 2104/2104 2100/2100
f 2100/2100 2105/2105 2093/2093
f 2101/2101 2104/2104 2082/2082
f 2103/2103 2094/2094 2099/2099
f 2095/2095 2094/2094 2106/2106
f 2095/2095 2107/2107 2096/2096
f 2097/2097 2102/2102 2108/2108
f 2108/2108 2098/2098 2097/2097
f 2109/2109 2101/2101 2098/2098
f 2104/2104 2110/2110 2100/2100
f 2105/2105 2100/2100 2111/2111
f 2112/2112 2104/2104 2101/2101
f 2103/2103 2113/2113 2094/2094
f 2095/2095 2106/2106 2107/2107
f 2106/2106 2094/2094 2113/2113
f 2114/2114 2096/2096 2107/2107
f 2108/2108 2109/2109 2098/2098
f 2115/2115 2101/2101 2109/2109
f 2112/2112 2110/2110 2104/2104
f 2110/2110 2111/2111 2100/2100
f 2111/2111 2116/2116 2105/2105
f 2101/2101 2115/2115 2112/2112
f 2117/2117 2113/2113 2103/2103
f 2107/2107 2106/2106 2118/2118
f 2119/2119 2106/2106 2113/2113
f 2114/2114 2107/2107 2120/2120
f 2112/2112 2111/2111 2110/2110
f 2121/2121 2116/2116 2111/2111
f 2103/2103 2122/2122 2117/2117
f 2113/2113 2117/2117 2119/2119
f 2120/2120 2107/2107 2118/2118
f 2118/2118 2106/2106 2119/2119
f 2123/2123 2114/2114 2120/2120
f 2112/2112 2124/2124 2111/2111
f 2125/2125 2116/2116 2121/2121
f 2111/2111 2126/2126 2121/2121
f 2122/2122 2127/2127 2117/2117
f 2103/2103 2128/2128 2122/2122
f 2119/2119 2117/2117 2129/2129
f 2120/2120 2118/2118 2130/2130
f 2130/2130 2118/2118 2119/2119
f 2123/2123 2131/2131 2114/2114
f 2130/2130 2123/2123 2120/2120
f 2126/2126 2111/2111 2124/2124
f 2132/2132 2125/2125 2121/2121
f 2132/2132 2121/2121 2126/2126
f 2122/2122 2133/2133 2127/2127
f 2127/2127 2129/2129 2117/2117
f 2128/2128 2134/2134 2122/2122
f 2119/2119 2129/2129 2135/2135
f 2135/2135 2130/2130 2119/2119
f 2131/2131 2123/2123 2136/2136
f 2136/2136 2123/2123 2130/2130
f 2133/2133 2122/2122 2134/2134
f 2127/2127 2133/2133 2137/2137
f 2138/2138 2129/2129 2127/2127
f 2128/2128 2139/2139 2134/2134
f 2129/2129 2140/2140 2135/2135
f 2140/2140 2130/2130 2135/2135
f 2140/2140 2136/2136 2130/2130
f 2133/2133 2134/2134 2137/2137
f 2127/2127 2137/2137 2138/2138
f 2129/2129 2138/2138 2140/2140
f 2134/2134 2139/2139 2141/2141
f 2134/2134 2142/2142 2137/2137
f 2142/2142 2134/2134 2141/2141
f 2141/2141 2139/2139 2143/2143
f 2141/2141 2143/2143 2142/2142
f 2142/2142 2143/2143 2144/2144
f 2145/2145 1703/1703 1713/1713
f 2146/2146 1703/1703 2145/2145
f 1713/1713 2147/2147 2145/2145
f 1704/1704 1703/1703 2146/2146
f 2145/2145 2148/2148 2146/2146
f 2147/2147 1713/1713 2149/2149
f 2147/2147 2150/2150 2145/2145
f 1704/1704 2146/2146 1691/1691
f 2150/2150 2148/2148 2145/2145
f 2151/2151 2146/2146 2148/2148
f 2149/2149 1713/1713 1711/1711
f 2150/2150 2147/2147 2149/2149
f 2151/2151 1691/1691 2146/2146
f 2152/2152 2148/2148 2150/2150
f 2153/2153 2151/2151 2148/2148
f 2149/2149 1711/1711 2154/2154
f 2149/2149 2155/2155 2150/2150
f 2156/2156 1691/1691 2151/2151
f 2152/2152 2153/2153 2148/2148
f 2152/2152 2150/2150 2155/2155
f 2156/2156 2151/2151 2153/2153
f 2154/2154 1711/1711 2157/2157
f 2158/2158 2149/2149 2154/2154
f 2155/2155 2149/2149 2158/2158
f 2156/2156 1679/1679 1691/1691
f 2159/2159 2153/2153 2152/2152
f 2155/2155 2159/2159 2152/2152
f 2153/2153 2160/2160 2156/2156
f 2157/2157 1711/1711 1698/1698
f 2157/2157 2161/2161 2154/2154
f 2158/2158 2154/2154 2161/2161
f 2159/2159 2155/2155 2158/2158
f 1679/1679 2156/2156 2162/2162
f 2153/2153 2159/2159 2158/2158
f 2163/2163 2160/2160 2153/2153
f 2160/2160 2164/2164 2156/2156
f 2165/2165 2157/2157 1698/1698
f 2161/2161 2157/2157 2166/2166
f 2161/2161 2166/2166 2158/2158
f 1692/1692 1679/1679 2162/2162
f 2156/2156 2164/2164 2162/2162
f 2158/2158 2163/2163 2153/2153
f 2160/2160 2163/2163 2167/2167
f 2160/2160 2167/2167 2164/2164
f 1678/1678 2165/2165 1698/1698
f 2168/2168 2157/2157 2165/2165
f 2166/2166 2157/2157 2169/2169
f 2169/2169 2158/2158 2166/2166
f 2162/2162 2170/2170 1692/1692
f 2162/2162 2164/2164 2171/2171
f 2163/2163 2158/2158 2169/2169
f 2167/2167 2163/2163 2172/2172
f 2171/2171 2164/2164 2167/2167
f 1678/1678 2173/2173 2165/2165
f 2174/2174 2157/2157 2168/2168
f 2168/2168 2165/2165 2173/2173
f 2169/2169 2157/2157 2175/2175
f 2170/2170 2162/2162 2171/2171
f 1705/1705 1692/1692 2170/2170
f 2176/2176 2163/2163 2169/2169
f 2172/2172 2163/2163 2176/2176
f 2177/2177 2167/2167 2172/2172
f 2178/2178 2171/2171 2167/2167
f 2173/2173 1678/1678 1659/1659
f 2174/2174 2168/2168 2179/2179
f 2174/2174 2180/2180 2157/2157
f 2173/2173 2179/2179 2168/2168
f 2175/2175 2157/2157 2180/2180
f 2175/2175 2181/2181 2169/2169
f 2171/2171 2182/2182 2170/2170
f 2170/2170 2183/2183 1705/1705
f 2176/2176 2169/2169 2181/2181
f 2172/2172 2176/2176 2184/2184
f 2177/2177 2172/2172 2185/2185
f 2178/2178 2167/2167 2177/2177
f 2171/2171 2178/2178 2186/2186
f 1659/1659 2187/2187 2173/2173
f 2179/2179 2188/2188 2174/2174
f 2174/2174 2188/2188 2180/2180
f 2179/2179 2173/2173 2187/2187
f 2189/2189 2175/2175 2180/2180
f 2181/2181 2175/2175 2190/2190
f 2182/2182 2171/2171 2186/2186
f 2183/2183 2170/2170 2182/2182
f 1714/1714 1705/1705 2183/2183
f 2181/2181 2184/2184 2176/2176
f 2191/2191 2172/2172 2184/2184
f 2185/2185 2172/2172 2191/2191
f 2177/2177 2185/2185 2192/2192
f 2177/2177 2192/2192 2178/2178
f 2193/2193 2186/2186 2178/2178
f 2188/2188 2179/2179 2194/2194
f 2195/2195 2180/2180 2188/2188
f 2187/2187 2194/2194 2179/2179
f 2189/2189 2180/2180 2195/2195
f 2189/2189 2196/2196 2175/2175
f 2175/2175 2197/2197 2190/2190
f 2198/2198 2181/2181 2190/2190
f 2199/2199 2182/2182 2186/2186
f 2200/2200 2183/2183 2182/2182
f 1714/1714 2183/2183 2200/2200
f 2184/2184 2181/2181 2198/2198
f 2198/2198 2191/2191 2184/2184
f 2185/2185 2191/2191 2201/2201
f 2202/2202 2192/2192 2185/2185
f 2192/2192 2203/2203 2178/2178
f 2193/2193 2199/2199 2186/2186
f 2203/2203 2193/2193 2178/2178
f 2194/2194 2204/2204 2188/2188
f 2195/2195 2188/2188 2204/2204
f 2194/2194 2187/2187 2205/2205
f 2206/2206 2189/2189 2195/2195
f 2196/2196 2189/2189 2207/2207
f 2197/2197 2175/2175 2196/2196
f 2201/2201 2190/2190 2197/2197
f 2190/2190 2201/2201 2198/2198
f 2182/2182 2199/2199 2200/2200
f 2201/2201 2191/2191 2198/2198
f 2201/2201 2208/2208 2185/2185
f 2185/2185 2209/2209 2202/2202
f 2202/2202 2203/2203 2192/2192
f 2199/2199 2193/2193 2210/2210
f 2211/2211 2193/2193 2203/2203
f 2204/2204 2194/2194 2205/2205
f 2195/2195 2204/2204 2205/2205
f 2212/2212 2189/2189 2206/2206
f 2206/2206 2195/2195 2213/2213
f 2207/2207 2189/2189 2212/2212
f 2196/2196 2207/2207 2214/2214
f 2197/2197 2196/2196 2215/2215
f 2197/2197 2216/2216 2201/2201
f 2199/2199 2217/2217 2200/2200
f 2218/2218 2208/2208 2201/2201
f 2208/2208 2219/2219 2185/2185
f 2209/2209 2185/2185 2219/2219
f 2220/2220 2202/2202 2209/2209
f 2202/2202 2211/2211 2203/2203
f 2221/2221 2199/2199 2210/2210
f 2210/2210 2193/2193 2222/2222
f 2222/2222 2193/2193 2211/2211
f 2205/2205 2213/2213 2195/2195
f 2212/2212 2206/2206 2223/2223
f 2206/2206 2213/2213 2224/2224
f 2207/2207 2212/2212 2225/2225
f 2214/2214 2207/2207 2226/2226
f 2227/2227 2196/2196 2214/2214
f 2215/2215 2196/2196 2227/2227
f 2228/2228 2197/2197 2215/2215
f 2197/2197 2228/2228 2216/2216
f 2216/2216 2228/2228 2201/2201
f 2221/2221 2217/2217 2199/2199
f 2208/2208 2218/2218 2229/2229
f 2228/2228 2218/2218 2201/2201
f 2230/2230 2219/2219 2208/2208
f 2231/2231 2209/2209 2219/2219
f 2202/2202 2220/2220 2211/2211
f 2232/2232 2220/2220 2209/2209
f 2210/2210 2233/2233 2221/2221
f 2234/2234 2210/2210 2222/2222
f 2220/2220 2222/2222 2211/2211
f 2213/2213 2205/2205 2224/2224
f 2224/2224 2223/2223 2206/2206
f 2223/2223 2225/2225 2212/2212
f 2226/2226 2207/2207 2225/2225
f 2226/2226 2235/2235 2214/2214
f 2214/2214 2236/2236 2227/2227
f 2237/2237 2215/2215 2227/2227
f 2215/2215 2237/2237 2228/2228
f 2221/2221 2233/2233 2217/2217
f 2229/2229 2218/2218 2237/2237
f 2230/2230 2208/2208 2229/2229
f 2218/2218 2228/2228 2237/2237
f 2238/2238 2219/2219 2230/2230
f 2209/2209 2231/2231 2239/2239
f 2219/2219 2238/2238 2231/2231
f 2240/2240 2220/2220 2232/2232
f 2232/2232 2209/2209 2239/2239
f 2241/2241 2233/2233 2210/2210
f 2234/2234 2222/2222 2242/2242
f 2234/2234 2241/2241 2210/2210
f 2222/2222 2220/2220 2240/2240
f 2223/2223 2224/2224 2243/2243
f 2225/2225 2223/2223 2243/2243
f 2244/2244 2226/2226 2225/2225
f 2226/2226 2244/2244 2235/2235
f 2235/2235 2236/2236 2214/2214
f 2227/2227 2245/2245 2237/2237
f 2233/2233 2246/2246 2217/2217
f 2229/2229 2237/2237 2245/2245
f 2247/2247 2230/2230 2229/2229
f 2239/2239 2238/2238 2230/2230
f 2239/2239 2231/2231 2238/2238
f 2232/2232 2248/2248 2240/2240
f 2249/2249 2232/2232 2239/2239
f 2241/2241 2250/2250 2233/2233
f 2242/2242 2241/2241 2234/2234
f 2222/2222 2251/2251 2242/2242
f 2251/2251 2222/2222 2240/2240
f 2252/2252 2225/2225 2243/2243
f 2252/2252 2244/2244 2225/2225
f 2236/2236 2235/2235 2244/2244
f 2250/2250 2246/2246 2233/2233
f 2245/2245 2253/2253 2229/2229
f 2249/2249 2230/2230 2247/2247
f 2247/2247 2229/2229 2253/2253
f 2230/2230 2249/2249 2239/2239
f 2248/2248 2232/2232 2249/2249
f 2248/2248 2251/2251 2240/2240
f 2241/2241 2242/2242 2250/2250
f 2251/2251 2254/2254 2242/2242
f 2244/2244 2252/2252 2236/2236
f 2255/2255 2246/2246 2250/2250
f 2245/2245 2256/2256 2253/2253
f 2247/2247 2257/2257 2249/2249
f 2258/2258 2247/2247 2253/2253
f 2248/2248 2249/2249 2257/2257
f 2248/2248 2259/2259 2251/2251
f 2260/2260 2250/2250 2242/2242
f 2261/2261 2254/2254 2251/2251
f 2260/2260 2242/2242 2254/2254
f 2255/2255 2250/2250 2260/2260
f 2256/2256 2258/2258 2253/2253
f 2257/2257 2247/2247 2258/2258
f 2259/2259 2248/2248 2257/2257
f 2261/2261 2251/2251 2259/2259
f 2262/2262 2254/2254 2261/2261
f 2254/2254 2262/2262 2260/2260
f 2263/2263 2255/2255 2260/2260
f 2258/2258 2256/2256 2264/2264
f 2258/2258 2265/2265 2257/2257
f 2259/2259 2257/2257 2265/2265
f 2259/2259 2266/2266 2261/2261
f 2262/2262 2261/2261 2267/2267
f 2263/2263 2260/2260 2262/2262
f 2268/2268 2255/2255 2263/2263
f 2258/2258 2264/2264 2265/2265
f 2265/2265 2269/2269 2259/2259
f 2259/2259 2269/2269 2266/2266
f 2267/2267 2261/2261 2266/2266
f 2270/2270 2262/2262 2267/2267
f 2263/2263 2262/2262 2270/2270
f 2255/2255 2268/2268 2271/2271
f 2272/2272 2268/2268 2263/2263
f 2265/2265 2264/2264 2273/2273
f 2265/2265 2274/2274 2269/2269
f 2267/2267 2266/2266 2269/2269
f 2267/2267 2275/2275 2270/2270
f 2276/2276 2263/2263 2270/2270
f 2268/2268 2277/2277 2271/2271
f 2277/2277 2268/2268 2272/2272
f 2278/2278 2272/2272 2263/2263
f 2265/2265 2273/2273 2274/2274
f 2269/2269 2274/2274 2279/2279
f 2279/2279 2267/2267 2269/2269
f 2276/2276 2270/2270 2275/2275
f 2275/2275 2267/2267 2279/2279
f 2278/2278 2263/2263 2276/2276
f 2280/2280 2271/2271 2277/2277
f 2272/2272 2281/2281 2277/2277
f 2282/2282 2272/2272 2278/2278
f 2274/2274 2273/2273 2283/2283
f 2279/2279 2274/2274 2283/2283
f 2284/2284 2276/2276 2275/2275
f 2285/2285 2275/2275 2279/2279
f 2284/2284 2278/2278 2276/2276
f 2281/2281 2280/2280 2277/2277
f 2272/2272 2282/2282 2281/2281
f 2282/2282 2278/2278 2284/2284
f 2279/2279 2283/2283 2285/2285
f 2275/2275 2286/2286 2284/2284
f 2286/2286 2275/2275 2285/2285
f 2287/2287 2280/2280 2281/2281
f 2287/2287 2281/2281 2282/2282
f 2282/2282 2284/2284 2286/2286
f 2285/2285 2283/2283 2288/2288
f 2285/2285 2289/2289 2286/2286
f 2282/2282 2290/2290 2287/2287
f 2286/2286 2291/2291 2282/2282
f 2292/2292 2288/2288 2283/2283
f 2288/2288 2289/2289 2285/2285
f 2293/2293 2286/2286 2289/2289
f 2290/2290 2282/2282 2291/2291
f 2294/2294 2287/2287 2290/2290
f 2291/2291 2286/2286 2293/2293
f 2288/2288 2292/2292 2295/2295
f 2289/2289 2288/2288 2295/2295
f 2289/2289 2296/2296 2293/2293
f 2294/2294 2290/2290 2291/2291
f 2293/2293 2297/2297 2291/2291
f 2295/2295 2292/2292 2298/2298
f 2295/2295 2296/2296 2289/2289
f 2297/2297 2293/2293 2296/2296
f 2291/2291 2297/2297 2294/2294
f 2296/2296 2295/2295 2298/2298
f 2296/2296 2299/2299 2297/2297
f 2298/2298 2299/2299 2296/2296
f 2300/2300 2301/2301 2302/2302
f 2303/2303 2301/2301 2300/2300
f 2302/2302 2304/2304 2300/2300
f 2305/2305 2303/2303 2300/2300
f 2304/2304 2302/2302 2306/2306
f 2307/2307 2300/2300 2304/2304
f 2305/2305 2300/2300 2307/2307
f 2308/2308 2303/2303 2305/2305
f 2306/2306 2309/2309 2304/2304
f 2306/2306 2302/2302 2310/2310
f 2307/2307 2304/2304 2311/2311
f 2307/2307 2312/2312 2305/2305
f 2308/2308 2313/2313 2303/2303
f 2305/2305 2312/2312 2308/2308
f 2314/2314 2309/2309 2306/2306
f 2311/2311 2304/2304 2309/2309
f 2310/2310 2315/2315 2306/2306
f 2310/2310 2302/2302 2316/2316
f 2311/2311 2317/2317 2307/2307
f 2312/2312 2307/2307 2317/2317
f 2318/2318 2313/2313 2308/2308
f 2319/2319 2308/2308 2312/2312
f 2320/2320 2314/2314 2306/2306
f 2321/2321 2309/2309 2314/2314
f 2311/2311 2309/2309 2321/2321
f 2315/2315 2310/2310 2322/2322
f 2320/2320 2306/2306 2315/2315
f 2323/2323 2310/2310 2316/2316
f 2324/2324 2317/2317 2311/2311
f 2325/2325 2312/2312 2317/2317
f 2308/2308 2319/2319 2318/2318
f 2319/2319 2312/2312 2326/2326
f 2327/2327 2314/2314 2320/2320
f 2321/2321 2314/2314 2328/2328
f 2329/2329 2311/2311 2321/2321
f 2322/2322 2310/2310 2323/2323
f 2320/2320 2315/2315 2322/2322
f 2323/2323 2316/2316 2330/2330
f 2331/2331 2324/2324 2311/2311
f 2324/2324 2325/2325 2317/2317
f 2332/2332 2312/2312 2325/2325
f 2333/2333 2318/2318 2319/2319
f 2312/2312 2334/2334 2326/2326
f 2326/2326 2335/2335 2319/2319
f 2320/2320 2322/2322 2327/2327
f 2327/2327 2336/2336 2314/2314
f 2328/2328 2314/2314 2329/2329
f 2328/2328 2329/2329 2321/2321
f 2329/2329 2331/2331 2311/2311
f 2322/2322 2323/2323 2337/2337
f 2323/2323 2330/2330 2338/2338
f 2324/2324 2331/2331 2325/2325
f 2332/2332 2325/2325 2339/2339
f 2334/2334 2312/2312 2332/2332
f 2340/2340 2333/2333 2319/2319
f 2333/2333 2341/2341 2318/2318
f 2342/2342 2326/2326 2334/2334
f 2335/2335 2340/2340 2319/2319
f 2343/2343 2335/2335 2326/2326
f 2327/2327 2322/2322 2336/2336
f 2329/2329 2314/2314 2336/2336
f 2331/2331 2329/2329 2344/2344
f 2336/2336 2322/2322 2337/2337
f 2337/2337 2323/2323 2338/2338
f 2345/2345 2338/2338 2330/2330
f 2339/2339 2325/2325 2331/2331
f 2332/2332 2339/2339 2334/2334
f 2342/2342 2343/2343 2326/2326
f 2342/2342 2334/2334 2346/2346
f 2335/2335 2347/2347 2340/2340
f 2348/2348 2335/2335 2343/2343
f 2329/2329 2336/2336 2344/2344
f 2344/2344 2349/2349 2331/2331
f 2336/2336 2337/2337 2350/2350
f 2337/2337 2338/2338 2351/2351
f 2345/2345 2351/2351 2338/2338
f 2339/2339 2331/2331 2349/2349
f 2346/2346 2334/2334 2339/2339
f 2342/2342 2346/2346 2343/2343
f 2348/2348 2347/2347 2335/2335
f 2348/2348 2343/2343 2352/2352
f 2344/2344 2336/2336 2350/2350
f 2349/2349 2344/2344 2353/2353
f 2350/2350 2337/2337 2354/2354
f 2351/2351 2354/2354 2337/2337
f 2351/2351 2345/2345 2355/2355
f 2356/2356 2339/2339 2349/2349
f 2346/2346 2339/2339 2356/2356
f 2352/2352 2343/2343 2346/2346
f 2348/2348 2352/2352 2347/2347
f 2344/2344 2350/2350 2353/2353
f 2353/2353 2357/2357 2349/2349
f 2350/2350 2354/2354 2358/2358
f 2351/2351 2359/2359 2354/2354
f 2355/2355 2360/2360 2351/2351
f 2356/2356 2349/2349 2357/2357
f 2352/2352 2346/2346 2356/2356
f 2350/2350 2361/2361 2353/2353
f 2353/2353 2362/2362 2357/2357
f 2363/2363 2358/2358 2354/2354
f 2358/2358 2361/2361 2350/2350
f 2360/2360 2359/2359 2351/2351
f 2359/2359 2363/2363 2354/2354
f 2356/2356 2357/2357 2364/2364
f 2361/2361 2365/2365 2353/2353
f 2362/2362 2364/2364 2357/2357
f 2362/2362 2353/2353 2366/2366
f 2363/2363 2367/2367 2358/2358
f 2361/2361 2358/2358 2368/2368
f 2360/2360 2363/2363 2359/2359
f 2365/2365 2361/2361 2369/2369
f 2353/2353 2365/2365 2366/2366
f 2364/2364 2362/2362 2370/2370
f 2366/2366 2371/2371 2362/2362
f 2360/2360 2367/2367 2363/2363
f 2358/2358 2367/2367 2372/2372
f 2368/2368 2358/2358 2373/2373
f 2361/2361 2368/2368 2369/2369
f 2365/2365 2369/2369 2374/2374
f 2366/2366 2365/2365 2375/2375
f 2370/2370 2362/2362 2371/2371
f 2371/2371 2366/2366 2376/2376
f 2358/2358 2372/2372 2377/2377
f 2377/2377 2373/2373 2358/2358
f 2368/2368 2373/2373 2378/2378
f 2368/2368 2379/2379 2369/2369
f 2380/2380 2374/2374 2369/2369
f 2365/2365 2374/2374 2375/2375
f 2372/2372 2381/2381 2377/2377
f 2373/2373 2377/2377 2382/2382
f 2373/2373 2382/2382 2378/2378
f 2378/2378 2379/2379 2368/2368
f 2383/2383 2369/2369 2379/2379
f 2369/2369 2384/2384 2380/2380
f 2380/2380 2375/2375 2374/2374
f 2382/2382 2377/2377 2381/2381
f 2378/2378 2382/2382 2385/2385
f 2378/2378 2385/2385 2379/2379
f 2383/2383 2384/2384 2369/2369
f 2386/2386 2383/2383 2379/2379
f 2384/2384 2387/2387 2380/2380
f 2388/2388 2375/2375 2380/2380
f 2379/2379 2385/2385 2389/2389
f 2390/2390 2384/2384 2383/2383
f 2386/2386 2379/2379 2391/2391
f 2386/2386 2390/2390 2383/2383
f 2387/2387 2384/2384 2392/2392
f 2387/2387 2388/2388 2380/2380
f 2379/2379 2389/2389 2393/2393
f 2390/2390 2392/2392 2384/2384
f 2379/2379 2393/2393 2391/2391
f 2386/2386 2391/2391 2394/2394
f 2390/2390 2386/2386 2394/2394
f 2395/2395 2387/2387 2392/2392
f 2395/2395 2388/2388 2387/2387
f 2396/2396 2393/2393 2389/2389
f 2394/2394 2392/2392 2390/2390
f 2393/2393 2397/2397 2391/2391
f 2391/2391 2397/2397 2394/2394
f 2393/2393 2396/2396 2397/2397
f 2398/2398 2392/2392 2394/2394
f 2394/2394 2397/2397 2398/2398
f 2399/2399 2397/2397 2396/2396
f 2398/2398 2400/2400 2392/2392
f 2398/2398 2397/2397 2399/2399
f 2401/2401 2400/2400 2398/2398
f 2399/2399 2402/2402 2398/2398
f 2402/2402 2401/2401 2398/2398
f 2403/2403 2400/2400 2401/2401
f 2404/2404 2401/2401 2402/2402
f 2405/2405 2403/2403 2401/2401
f 2404/2404 2405/2405 2401/2401
f 2406/2406 2404/2404 2402/2402
f 2405/2405 2404/2404 2406/2406
f 2407/2407 2408/2408 2409/2409
f 2408/2408 2407/2407 2410/2410
f 2408/2408 2411/2411 2409/2409
f 2407/2407 2412/2412 2410/2410
f 2411/2411 2408/2408 2413/2413
f 2411/2411 2414/2414 2409/2409
f 2413/2413 2415/2415 2411/2411
f 2415/2415 2414/2414 2411/2411
f 2416/2416 2417/2417 2418/2418
f 2416/2416 2419/2419 2417/2417
f 2420/2420 2418/2418 2417/2417
f 2416/2416 2418/2418 2421/2421
f 2419/2419 2422/2422 2417/2417
f 2423/2423 2419/2419 2416/2416
f 2424/2424 2418/2418 2420/2420
f 2416/2416 2421/2421 2425/2425
f 2421/2421 2418/2418 2426/2426
f 2419/2419 2427/2427 2422/2422
f 2427/2427 2419/2419 2423/2423
f 2423/2423 2416/2416 2428/2428
f 2418/2418 2424/2424 2429/2429
f 2425/2425 2421/2421 2430/2430
f 2428/2428 2416/2416 2425/2425
f 2426/2426 2418/2418 2429/2429
f 2421/2421 2426/2426 2431/2431
f 2432/2432 2422/2422 2427/2427
f 2433/2433 2427/2427 2423/2423
f 2433/2433 2423/2423 2428/2428
f 2424/2424 2434/2434 2429/2429
f 2421/2421 2431/2431 2430/2430
f 2435/2435 2425/2425 2430/2430
f 2425/2425 2436/2436 2428/2428
f 2429/2429 2437/2437 2426/2426
f 2426/2426 2438/2438 2431/2431
f 2427/2427 2433/2433 2432/2432
f 2422/2422 2432/2432 2439/2439
f 2433/2433 2428/2428 2436/2436
f 2429/2429 2434/2434 2437/2437
f 2430/2430 2431/2431 2440/2440
f 2436/2436 2425/2425 2435/2435
f 2435/2435 2430/2430 2441/2441
f 2426/2426 2437/2437 2442/2442
f 2438/2438 2440/2440 2431/2431
f 2426/2426 2443/2443 2438/2438
f 2436/2436 2444/2444 2433/2433
f 2437/2437 2434/2434 2445/2445
f 2441/2441 2430/2430 2440/2440
f 2436/2436 2435/2435 2446/2446
f 2435/2435 2441/2441 2447/2447
f 2448/2448 2426/2426 2442/2442
f 2437/2437 2445/2445 2442/2442
f 2440/2440 2438/2438 2449/2449
f 2448/2448 2443/2443 2426/2426
f 2443/2443 2449/2449 2438/2438
f 2444/2444 2450/2450 2433/2433
f 2444/2444 2436/2436 2446/2446
f 2441/2441 2440/2440 2451/2451
f 2446/2446 2435/2435 2447/2447
f 2441/2441 2451/2451 2447/2447
f 2452/2452 2448/2448 2442/2442
f 2442/2442 2445/2445 2453/2453
f 2449/2449 2454/2454 2440/2440
f 2448/2448 2455/2455 2443/2443
f 2449/2449 2443/2443 2456/2456
f 2444/2444 2457/2457 2450/2450
f 2446/2446 2458/2458 2444/2444
f 2451/2451 2440/2440 2454/2454
f 2458/2458 2446/2446 2447/2447
f 2459/2459 2447/2447 2451/2451
f 2442/2442 2453/2453 2452/2452
f 2448/2448 2452/2452 2455/2455
f 2454/2454 2449/2449 2460/2460
f 2461/2461 2443/2443 2455/2455
f 2462/2462 2449/2449 2456/2456
f 2443/2443 2463/2463 2456/2456
f 2457/2457 2444/2444 2458/2458
f 2454/2454 2464/2464 2451/2451
f 2459/2459 2458/2458 2447/2447
f 2465/2465 2459/2459 2451/2451
f 2460/2460 2449/2449 2462/2462
f 2460/2460 2464/2464 2454/2454
f 2463/2463 2443/2443 2461/2461
f 2462/2462 2456/2456 2463/2463
f 2458/2458 2466/2466 2457/2457
f 2464/2464 2467/2467 2451/2451
f 2468/2468 2458/2458 2459/2459
f 2459/2459 2465/2465 2468/2468
f 2467/2467 2465/2465 2451/2451
f 2466/2466 2458/2458 2468/2468
f 2464/2464 2469/2469 2467/2467
f 2470/2470 2465/2465 2467/2467
f 2469/2469 2470/2470 2467/2467
f 2470/2470 2471/2471 2465/2465
f 2472/2472 2473/2473 2474/2474
f 2473/2473 2472/2472 1510/1510
f 2474/2474 2473/2473 2475/2475
f 2472/2472 1516/1516 1510/1510
f 1510/1510 2476/2476 2473/2473
f 2474/2474 2475/2475 2477/2477
f 2475/2475 2473/2473 2478/2478
f 1510/1510 2479/2479 2476/2476
f 2473/2473 2476/2476 2480/2480
f 2481/2481 2477/2477 2475/2475
f 2482/2482 2474/2474 2477/2477
f 2473/2473 2483/2483 2478/2478
f 2484/2484 2475/2475 2478/2478
f 1513/1513 2479/2479 1510/1510
f 2480/2480 2476/2476 2479/2479
f 2480/2480 2483/2483 2473/2473
f 2477/2477 2481/2481 2485/2485
f 2486/2486 2481/2481 2475/2475
f 2482/2482 1420/1420 2474/2474
f 2485/2485 2482/2482 2477/2477
f 2483/2483 2487/2487 2478/2478
f 2478/2478 2487/2487 2484/2484
f 2475/2475 2484/2484 2488/2488
f 2483/2483 2480/2480 2479/2479
f 2489/2489 2485/2485 2481/2481
f 2475/2475 2488/2488 2486/2486
f 2481/2481 2486/2486 2489/2489
f 1421/1421 2474/2474 1420/1420
f 1420/1420 2482/2482 1419/1419
f 2482/2482 2485/2485 2490/2490
f 2484/2484 2487/2487 2491/2491
f 2492/2492 2488/2488 2484/2484
f 2485/2485 2489/2489 2490/2490
f 2493/2493 2486/2486 2488/2488
f 2486/2486 2493/2493 2489/2489
f 2490/2490 1419/1419 2482/2482
f 2491/2491 2487/2487 2494/2494
f 2484/2484 2491/2491 2495/2495
f 2493/2493 2488/2488 2492/2492
f 2492/2492 2484/2484 2495/2495
f 2490/2490 2489/2489 2496/2496
f 2489/2489 2493/2493 2497/2497
f 2498/2498 1419/1419 2490/2490
f 2494/2494 2499/2499 2491/2491
f 2493/2493 2492/2492 2500/2500
f 2500/2500 2492/2492 2495/2495
f 2501/2501 2490/2490 2496/2496
f 2496/2496 2489/2489 2497/2497
f 2497/2497 2493/2493 2502/2502
f 2498/2498 2490/2490 2501/2501
f 2503/2503 1419/1419 2498/2498
f 2491/2491 2499/2499 2504/2504
f 2499/2499 2494/2494 2505/2505
f 2500/2500 2502/2502 2493/2493
f 2495/2495 2506/2506 2500/2500
f 2497/2497 2502/2502 2507/2507
f 2501/2501 2508/2508 2498/2498
f 1416/1416 1419/1419 2503/2503
f 2498/2498 2508/2508 2503/2503
f 2499/2499 2509/2509 2504/2504
f 2510/2510 2505/2505 2494/2494
f 2505/2505 2511/2511 2499/2499
f 2502/2502 2500/2500 2512/2512
f 2495/2495 2513/2513 2506/2506
f 2512/2512 2500/2500 2506/2506
f 2502/2502 1469/1469 2507/2507
f 1415/1415 1416/1416 2503/2503
f 2508/2508 2514/2514 2503/2503
f 2499/2499 2511/2511 2509/2509
f 2513/2513 2515/2515 2506/2506
f 2513/2513 2495/2495 2516/2516
f 2506/2506 2517/2517 2512/2512
f 2502/2502 2518/2518 1469/1469
f 2519/2519 1415/1415 2503/2503
f 2520/2520 2514/2514 2508/2508
f 2519/2519 2503/2503 2514/2514
f 2511/2511 2521/2521 2509/2509
f 2515/2515 2513/2513 2516/2516
f 2506/2506 2515/2515 2517/2517
f 2512/2512 2517/2517 2522/2522
f 1415/1415 2519/2519 1465/1465
f 2520/2520 2523/2523 2514/2514
f 2519/2519 2514/2514 2523/2523
f 2516/2516 2524/2524 2515/2515
f 2517/2517 2515/2515 2525/2525
f 2518/2518 2522/2522 2517/2517
f 1465/1465 2519/2519 2526/2526
f 2523/2523 2520/2520 2527/2527
f 2527/2527 2519/2519 2523/2523
f 2515/2515 2524/2524 2525/2525
f 2524/2524 2516/2516 2504/2504
f 1472/1472 2517/2517 2525/2525
f 2518/2518 2517/2517 1470/1470
f 2527/2527 2526/2526 2519/2519
f 2526/2526 2528/2528 1465/1465
f 2527/2527 2520/2520 2529/2529
f 2525/2525 2524/2524 2530/2530
f 2504/2504 2530/2530 2524/2524
f 2517/2517 1472/1472 1470/1470
f 2526/2526 2527/2527 2531/2531
f 2528/2528 2526/2526 2532/2532
f 1466/1466 1465/1465 2528/2528
f 2527/2527 2529/2529 2533/2533
f 2532/2532 2526/2526 2531/2531
f 2533/2533 2531/2531 2527/2527
f 1466/1466 2528/2528 2532/2532
f 2534/2534 2533/2533 2529/2529
f 2532/2532 2531/2531 2535/2535
f 2531/2531 2533/2533 2536/2536
f 2532/2532 2537/2537 1466/1466
f 2538/2538 2533/2533 2534/2534
f 2536/2536 2535/2535 2531/2531
f 2535/2535 2539/2539 2532/2532
f 2536/2536 2533/2533 2538/2538
f 2537/2537 2532/2532 2539/2539
f 2540/2540 2538/2538 2534/2534
f 2541/2541 2535/2535 2536/2536
f 2539/2539 2535/2535 2542/2542
f 2543/2543 2536/2536 2538/2538
f 2538/2538 2540/2540 2543/2543
f 2542/2542 2535/2535 2541/2541
f 2543/2543 2541/2541 2536/2536
f 2542/2542 2544/2544 2539/2539
f 2540/2540 2545/2545 2543/2543
f 2542/2542 2541/2541 2546/2546
f 2541/2541 2543/2543 2546/2546
f 2547/2547 2539/2539 2544/2544
f 2544/2544 2542/2542 2548/2548
f 2546/2546 2543/2543 2545/2545
f 2549/2549 2542/2542 2546/2546
f 2547/2547 2544/2544 2550/2550
f 2548/2548 2550/2550 2544/2544
f 2548/2548 2542/2542 2549/2549
f 2546/2546 2545/2545 2549/2549
f 2550/2550 2548/2548 2549/2549
f 1731/1731 1734/1734 1730/1730
f 2551/2551 2552/2552 2553/2553
f 2553/2553 2552/2552 2554/2554
f 2555/2555 2556/2556 2557/2557
f 2557/2557 2556/2556 2558/2558
f 2555/2555 2557/2557 2559/2559
f 2556/2556 2560/2560 2558/2558
f 2557/2557 2558/2558 2561/2561
f 1186/1186 2560/2560 2556/2556
f 2558/2558 2560/2560 2562/2562
f 2561/2561 2558/2558 2563/2563
f 2556/2556 1187/1187 1186/1186
f 1186/1186 2564/2564 2560/2560
f 2565/2565 2562/2562 2560/2560
f 2562/2562 2563/2563 2558/2558
f 1186/1186 2566/2566 2564/2564
f 2560/2560 2564/2564 2567/2567
f 2560/2560 2567/2567 2565/2565
f 2564/2564 2566/2566 2568/2568
f 2567/2567 2564/2564 1034/1034
f 2567/2567 1033/1033 2565/2565
f 2564/2564 2568/2568 1034/1034
f 1033/1033 2567/2567 1034/1034
f 2568/2568 2569/2569 1034/1034
f 2569/2569 2568/2568 2570/2570
f 1035/1035 1034/1034 2569/2569
f 1041/1041 2569/2569 2570/2570
f 1035/1035 2569/2569 1041/1041
f 1041/1041 2570/2570 1045/1045
f 2571/2571 2572/2572 2573/2573
f 2574/2574 2572/2572 2571/2571
f 2575/2575 2576/2576 2577/2577
f 2576/2576 2575/2575 2578/2578
f 2579/2579 2580/2580 2581/2581
f 2580/2580 2582/2582 2581/2581
f 2583/2583 2584/2584 2585/2585
f 2586/2586 2585/2585 2584/2584
f 2587/2587 2583/2583 2585/2585
f 2585/2585 2586/2586 2588/2588
f 2584/2584 2589/2589 2586/2586
f 2587/2587 2585/2585 2588/2588
f 2588/2588 2586/2586 2590/2590
f 2590/2590 2586/2586 2589/2589
f 2588/2588 2590/2590 2587/2587
f 2589/2589 2591/2591 2590/2590
f 2590/2590 2592/2592 2587/2587
f 2591/2591 2592/2592 2590/2590
f 2591/2591 2589/2589 2593/2593
f 2591/2591 2593/2593 2592/2592
f 2594/2594 2595/2595 2596/2596
f 2597/2597 2595/2595 2594/2594
f 2595/2595 2598/2598 2596/2596
f 2599/2599 2594/2594 2596/2596
f 2597/2597 2600/2600 2595/2595
f 2598/2598 2595/2595 2601/2601
f 2598/2598 2601/2601 2596/2596
f 2599/2599 2602/2602 2594/2594
f 2599/2599 2596/2596 2603/2603
f 2597/2597 2604/2604 2600/2600
f 2595/2595 2600/2600 2605/2605
f 2595/2595 2605/2605 2601/2601
f 2596/2596 2601/2601 2606/2606
f 2602/2602 2599/2599 2607/2607
f 2603/2603 2596/2596 2606/2606
f 2599/2599 2603/2603 2607/2607
f 2604/2604 2608/2608 2600/2600
f 2597/2597 2609/2609 2604/2604
f 2605/2605 2600/2600 2610/2610
f 2611/2611 2601/2601 2605/2605
f 2606/2606 2601/2601 2611/2611
f 2612/2612 2603/2603 2606/2606
f 2607/2607 2603/2603 2612/2612
f 2613/2613 2608/2608 2604/2604
f 2610/2610 2600/2600 2608/2608
f 2604/2604 2609/2609 2613/2613
f 2614/2614 2605/2605 2610/2610
f 2614/2614 2611/2611 2605/2605
f 2606/2606 2611/2611 2615/2615
f 2612/2612 2606/2606 2616/2616
f 2616/2616 2607/2607 2612/2612
f 2577/2577 2608/2608 2613/2613
f 2608/2608 2577/2577 2610/2610
f 2617/2617 2614/2614 2610/2610
f 2615/2615 2611/2611 2614/2614
f 2618/2618 2606/2606 2615/2615
f 2618/2618 2616/2616 2606/2606
f 2610/2610 2577/2577 2576/2576
f 2617/2617 2615/2615 2614/2614
f 2610/2610 2576/2576 2617/2617
f 2618/2618 2615/2615 2619/2619
f 2616/2616 2618/2618 2620/2620
f 2615/2615 2617/2617 2621/2621
f 2617/2617 2576/2576 2622/2622
f 2620/2620 2618/2618 2619/2619
f 2619/2619 2615/2615 2621/2621
f 2623/2623 2621/2621 2617/2617
f 2623/2623 2617/2617 2622/2622
f 2624/2624 2625/2625 2620/2620
f 2626/2626 2625/2625 2624/2624
f 2620/2620 2619/2619 2624/2624
f 2626/2626 2624/2624 2627/2627
f 2624/2624 2619/2619 2627/2627
f 2626/2626 2627/2627 2628/2628
f 2627/2627 2619/2619 2621/2621
f 2628/2628 2627/2627 2629/2629
f 2627/2627 2621/2621 2629/2629
f 2630/2630 2628/2628 2629/2629
f 2631/2631 2629/2629 2621/2621
f 2632/2632 2633/2633 2634/2634
f 2635/2635 2634/2634 2633/2633
f 2633/2633 2636/2636 2635/2635
f 2637/2637 2638/2638 2639/2639
f 2637/2637 2640/2640 2638/2638
f 2639/2639 2638/2638 2641/2641
f 2640/2640 2642/2642 2638/2638
f 2640/2640 2637/2637 2643/2643
f 2638/2638 2642/2642 2641/2641
f 2640/2640 2644/2644 2642/2642
f 2643/2643 2644/2644 2640/2640
f 2645/2645 2642/2642 2644/2644
f 2643/2643 2646/2646 2644/2644
f 2644/2644 2647/2647 2645/2645
f 2646/2646 2643/2643 2648/2648
f 2647/2647 2644/2644 2646/2646
f 2649/2649 2645/2645 2647/2647
f 2650/2650 2646/2646 2648/2648
f 2650/2650 2647/2647 2646/2646
f 2651/2651 2645/2645 2649/2649
f 2652/2652 2649/2649 2647/2647
f 2653/2653 2650/2650 2648/2648
f 2650/2650 2652/2652 2647/2647
f 2649/2649 2654/2654 2651/2651
f 2655/2655 2649/2649 2652/2652
f 2656/2656 2650/2650 2653/2653
f 2652/2652 2650/2650 2656/2656
f 2657/2657 2654/2654 2649/2649
f 2655/2655 2652/2652 2656/2656
f 2658/2658 2649/2649 2655/2655
f 2659/2659 2656/2656 2653/2653
f 2657/2657 2649/2649 2658/2658
f 2656/2656 2659/2659 2655/2655
f 2658/2658 2655/2655 2660/2660
f 2659/2659 2653/2653 2661/2661
f 2660/2660 2655/2655 2659/2659
f 2661/2661 2662/2662 2659/2659
f 2662/2662 2660/2660 2659/2659
f 2663/2663 2664/2664 2665/2665
f 2666/2666 2664/2664 2663/2663
f 2665/2665 2664/2664 2667/2667
f 2664/2664 2666/2666 2668/2668
f 2669/2669 2665/2665 2667/2667
f 2667/2667 2664/2664 2668/2668
f 2668/2668 2666/2666 2670/2670
f 2669/2669 2667/2667 2671/2671
f 2672/2672 2667/2667 2668/2668
f 2666/2666 2673/2673 2670/2670
f 2668/2668 2670/2670 2674/2674
f 2669/2669 2671/2671 2675/2675
f 2671/2671 2667/2667 2672/2672
f 2668/2668 2674/2674 2672/2672
f 2676/2676 2670/2670 2673/2673
f 2670/2670 2676/2676 2674/2674
f 2675/2675 2671/2671 2677/2677
f 2678/2678 2671/2671 2672/2672
f 2672/2672 2674/2674 2679/2679
f 2673/2673 2680/2680 2676/2676
f 2676/2676 2679/2679 2674/2674
f 2671/2671 2678/2678 2677/2677
f 2681/2681 2675/2675 2677/2677
f 2672/2672 2682/2682 2678/2678
f 2672/2672 2679/2679 2682/2682
f 2676/2676 2680/2680 2683/2683
f 2684/2684 2679/2679 2676/2676
f 2678/2678 2682/2682 2685/2685
f 2682/2682 2679/2679 2686/2686
f 2687/2687 2676/2676 2683/2683
f 2683/2683 2680/2680 2688/2688
f 2686/2686 2679/2679 2684/2684
f 2687/2687 2684/2684 2676/2676
f 2685/2685 2682/2682 2689/2689
f 2690/2690 2678/2678 2685/2685
f 2682/2682 2686/2686 2684/2684
f 2687/2687 2683/2683 2691/2691
f 2692/2692 2683/2683 2688/2688
f 2684/2684 2687/2687 2693/2693
f 2684/2684 2689/2689 2682/2682
f 2685/2685 2689/2689 2694/2694
f 2690/2690 2685/2685 2695/2695
f 2692/2692 2691/2691 2683/2683
f 2691/2691 2693/2693 2687/2687
f 2693/2693 2696/2696 2684/2684
f 2689/2689 2684/2684 2696/2696
f 2696/2696 2694/2694 2689/2689
f 2695/2695 2685/2685 2694/2694
f 2695/2695 2697/2697 2690/2690
f 2698/2698 2691/2691 2692/2692
f 2693/2693 2691/2691 2698/2698
f 2696/2696 2693/2693 2699/2699
f 2694/2694 2696/2696 2699/2699
f 2700/2700 2695/2695 2694/2694
f 2697/2697 2695/2695 2701/2701
f 2699/2699 2693/2693 2698/2698
f 2699/2699 2702/2702 2694/2694
f 2700/2700 2694/2694 2703/2703
f 2700/2700 2703/2703 2695/2695
f 2695/2695 2703/2703 2701/2701
f 2701/2701 2704/2704 2697/2697
f 2694/2694 2702/2702 2703/2703
f 2701/2701 2703/2703 2705/2705
f 2704/2704 2701/2701 2705/2705
f 2706/2706 2697/2697 2704/2704
f 2703/2703 2702/2702 2707/2707
f 2705/2705 2703/2703 2708/2708
f 2707/2707 2702/2702 2709/2709
f 2708/2708 2703/2703 2707/2707
f 2708/2708 2710/2710 2705/2705
f 2711/2711 2707/2707 2709/2709
f 2710/2710 2708/2708 2707/2707
f 2705/2705 2710/2710 2712/2712
f 2709/2709 2713/2713 2711/2711
f 2707/2707 2711/2711 2710/2710
f 2712/2712 2710/2710 2714/2714
f 2705/2705 2712/2712 2715/2715
f 2713/2713 2716/2716 2711/2711
f 2710/2710 2711/2711 2716/2716
f 2714/2714 2710/2710 2716/2716
f 2712/2712 2714/2714 2717/2717
f 2717/2717 2715/2715 2712/2712
f 2716/2716 2718/2718 2714/2714
f 2714/2714 2719/2719 2717/2717
f 2715/2715 2717/2717 2720/2720
f 2721/2721 2718/2718 2716/2716
f 2714/2714 2718/2718 2722/2722
f 2714/2714 2722/2722 2719/2719
f 2719/2719 2723/2723 2717/2717
f 2723/2723 2720/2720 2717/2717
f 2724/2724 2718/2718 2721/2721
f 2721/2721 2716/2716 2725/2725
f 2718/2718 2724/2724 2722/2722
f 2722/2722 2726/2726 2719/2719
f 2727/2727 2723/2723 2719/2719
f 2728/2728 2720/2720 2723/2723
f 2729/2729 2724/2724 2721/2721
f 2730/2730 2721/2721 2725/2725
f 2722/2722 2724/2724 2731/2731
f 2732/2732 2726/2726 2722/2722
f 2719/2719 2726/2726 2733/2733
f 2723/2723 2727/2727 2734/2734
f 2727/2727 2719/2719 2735/2735
f 2734/2734 2728/2728 2723/2723
f 2729/2729 2721/2721 2730/2730
f 2736/2736 2724/2724 2729/2729
f 2731/2731 2724/2724 2737/2737
f 2732/2732 2722/2722 2731/2731
f 2726/2726 2732/2732 2738/2738
f 2733/2733 2726/2726 2738/2738
f 2735/2735 2719/2719 2733/2733
f 2734/2734 2727/2727 2739/2739
f 2740/2740 2727/2727 2735/2735
f 2741/2741 2729/2729 2730/2730
f 2742/2742 2736/2736 2729/2729
f 2743/2743 2724/2724 2736/2736
f 2737/2737 2724/2724 2743/2743
f 2744/2744 2731/2731 2737/2737
f 2732/2732 2731/2731 2744/2744
f 2738/2738 2732/2732 2744/2744
f 2745/2745 2733/2733 2738/2738
f 2746/2746 2735/2735 2733/2733
f 2739/2739 2727/2727 2740/2740
f 2740/2740 2735/2735 2747/2747
f 2741/2741 2742/2742 2729/2729
f 2414/2414 2741/2741 2730/2730
f 2748/2748 2736/2736 2742/2742
f 2743/2743 2736/2736 2748/2748
f 2749/2749 2737/2737 2743/2743
f 2749/2749 2744/2744 2737/2737
f 2750/2750 2738/2738 2744/2744
f 2745/2745 2751/2751 2733/2733
f 2745/2745 2738/2738 2750/2750
f 2746/2746 2747/2747 2735/2735
f 2751/2751 2746/2746 2733/2733
f 2739/2739 2740/2740 2752/2752
f 2747/2747 2752/2752 2740/2740
f 2742/2742 2741/2741 2753/2753
f 2414/2414 2415/2415 2741/2741
f 2754/2754 2748/2748 2742/2742
f 2748/2748 2749/2749 2743/2743
f 2749/2749 2750/2750 2744/2744
f 2751/2751 2745/2745 2755/2755
f 2745/2745 2750/2750 2755/2755
f 2747/2747 2746/2746 2756/2756
f 2746/2746 2751/2751 2757/2757
f 2747/2747 2756/2756 2752/2752
f 2753/2753 2754/2754 2742/2742
f 2753/2753 2741/2741 2413/2413
f 2413/2413 2741/2741 2415/2415
f 2749/2749 2748/2748 2754/2754
f 2758/2758 2750/2750 2749/2749
f 2755/2755 2759/2759 2751/2751
f 2755/2755 2750/2750 2760/2760
f 2757/2757 2756/2756 2746/2746
f 2757/2757 2751/2751 2761/2761
f 2753/2753 2758/2758 2754/2754
f 2753/2753 2413/2413 2408/2408
f 2758/2758 2749/2749 2754/2754
f 2758/2758 2760/2760 2750/2750
f 2759/2759 2755/2755 2762/2762
f 2759/2759 2761/2761 2751/2751
f 2755/2755 2760/2760 2763/2763
f 2764/2764 2757/2757 2761/2761
f 2765/2765 2758/2758 2753/2753
f 2408/2408 2765/2765 2753/2753
f 2760/2760 2758/2758 2766/2766
f 2762/2762 2755/2755 2763/2763
f 2767/2767 2759/2759 2762/2762
f 2759/2759 2767/2767 2761/2761
f 2766/2766 2763/2763 2760/2760
f 2764/2764 2761/2761 2768/2768
f 2766/2766 2758/2758 2765/2765
f 2765/2765 2408/2408 2410/2410
f 2762/2762 2763/2763 2769/2769
f 2762/2762 2770/2770 2767/2767
f 2768/2768 2761/2761 2767/2767
f 2771/2771 2763/2763 2766/2766
f 2764/2764 2768/2768 2772/2772
f 2766/2766 2765/2765 2773/2773
f 2410/2410 2774/2774 2765/2765
f 2769/2769 2763/2763 2771/2771
f 2769/2769 2775/2775 2762/2762
f 2775/2775 2770/2770 2762/2762
f 2770/2770 2768/2768 2767/2767
f 2776/2776 2771/2771 2766/2766
f 2770/2770 2772/2772 2768/2768
f 2773/2773 2765/2765 2774/2774
f 2773/2773 2776/2776 2766/2766
f 2774/2774 2410/2410 2777/2777
f 2778/2778 2769/2769 2771/2771
f 2770/2770 2775/2775 2779/2779
f 2778/2778 2771/2771 2776/2776
f 2770/2770 2780/2780 2772/2772
f 2773/2773 2774/2774 2781/2781
f 2776/2776 2773/2773 2782/2782
f 2781/2781 2774/2774 2777/2777
f 2778/2778 2783/2783 2769/2769
f 2784/2784 2770/2770 2779/2779
f 2785/2785 2778/2778 2776/2776
f 2780/2780 2770/2770 2784/2784
f 2786/2786 2772/2772 2780/2780
f 2782/2782 2773/2773 2781/2781
f 2782/2782 2785/2785 2776/2776
f 2779/2779 2787/2787 2784/2784
f 2786/2786 2780/2780 2784/2784
f 2784/2784 2787/2787 2786/2786
f 2787/2787 2788/2788 2786/2786
f 2789/2789 2790/2790 2791/2791
f 2792/2792 2790/2790 2789/2789
f 2790/2790 2793/2793 2791/2791
f 2790/2790 2792/2792 2794/2794
f 2795/2795 2792/2792 2789/2789
f 2790/2790 2796/2796 2793/2793
f 2797/2797 2791/2791 2793/2793
f 2792/2792 2798/2798 2794/2794
f 2794/2794 2799/2799 2790/2790
f 2800/2800 2792/2792 2795/2795
f 2793/2793 2796/2796 2801/2801
f 2796/2796 2790/2790 2799/2799
f 2797/2797 2793/2793 2801/2801
f 2798/2798 2792/2792 2800/2800
f 2798/2798 2802/2802 2794/2794
f 2794/2794 2803/2803 2799/2799
f 2804/2804 2800/2800 2795/2795
f 2796/2796 2805/2805 2801/2801
f 2799/2799 2805/2805 2796/2796
f 2806/2806 2797/2797 2801/2801
f 2804/2804 2798/2798 2800/2800
f 2807/2807 2794/2794 2802/2802
f 2808/2808 2802/2802 2798/2798
f 2803/2803 2809/2809 2799/2799
f 2807/2807 2803/2803 2794/2794
f 2795/2795 2810/2810 2804/2804
f 2801/2801 2805/2805 2811/2811
f 2799/2799 2809/2809 2805/2805
f 2801/2801 2811/2811 2806/2806
f 2804/2804 2812/2812 2798/2798
f 2813/2813 2807/2807 2802/2802
f 2808/2808 2814/2814 2802/2802
f 2815/2815 2808/2808 2798/2798
f 2803/2803 2816/2816 2809/2809
f 2803/2803 2807/2807 2817/2817
f 2818/2818 2811/2811 2805/2805
f 2819/2819 2805/2805 2809/2809
f 2820/2820 2806/2806 2811/2811
f 2812/2812 2821/2821 2798/2798
f 2802/2802 2814/2814 2813/2813
f 2807/2807 2813/2813 2817/2817
f 2814/2814 2808/2808 2702/2702
f 2821/2821 2815/2815 2798/2798
f 2815/2815 2822/2822 2808/2808
f 2809/2809 2816/2816 2823/2823
f 2824/2824 2816/2816 2803/2803
f 2817/2817 2824/2824 2803/2803
f 2805/2805 2819/2819 2818/2818
f 2811/2811 2818/2818 2820/2820
f 2819/2819 2809/2809 2823/2823
f 2814/2814 2825/2825 2813/2813
f 2813/2813 2826/2826 2817/2817
f 2827/2827 2814/2814 2702/2702
f 2709/2709 2702/2702 2808/2808
f 2828/2828 2815/2815 2821/2821
f 2709/2709 2808/2808 2822/2822
f 2815/2815 2828/2828 2822/2822
f 2823/2823 2816/2816 2829/2829
f 2829/2829 2816/2816 2824/2824
f 2817/2817 2826/2826 2824/2824
f 2818/2818 2819/2819 2830/2830
f 2820/2820 2818/2818 2830/2830
f 2819/2819 2823/2823 2830/2830
f 2825/2825 2814/2814 2827/2827
f 2826/2826 2813/2813 2825/2825
f 2702/2702 2699/2699 2827/2827
f 2822/2822 2713/2713 2709/2709
f 2713/2713 2822/2822 2828/2828
f 2823/2823 2829/2829 2831/2831
f 2824/2824 2832/2832 2829/2829
f 2824/2824 2826/2826 2833/2833
f 2820/2820 2830/2830 2834/2834
f 2823/2823 2835/2835 2830/2830
f 2825/2825 2827/2827 2836/2836
f 2826/2826 2825/2825 2833/2833
f 2699/2699 2837/2837 2827/2827
f 2832/2832 2831/2831 2829/2829
f 2823/2823 2831/2831 2835/2835
f 2838/2838 2832/2832 2824/2824
f 2824/2824 2833/2833 2838/2838
f 2834/2834 2830/2830 2839/2839
f 2839/2839 2830/2830 2835/2835
f 2827/2827 2837/2837 2836/2836
f 2833/2833 2825/2825 2836/2836
f 2699/2699 2840/2840 2837/2837
f 2841/2841 2831/2831 2832/2832
f 2831/2831 2842/2842 2835/2835
f 2832/2832 2838/2838 2843/2843
f 2833/2833 2843/2843 2838/2838
f 2839/2839 2844/2844 2834/2834
f 2839/2839 2835/2835 2845/2845
f 2836/2836 2837/2837 2840/2840
f 2836/2836 2846/2846 2833/2833
f 2847/2847 2840/2840 2699/2699
f 2832/2832 2848/2848 2841/2841
f 2842/2842 2831/2831 2841/2841
f 2835/2835 2842/2842 2845/2845
f 2832/2832 2843/2843 2848/2848
f 2833/2833 2846/2846 2843/2843
f 2844/2844 2839/2839 2845/2845
f 2834/2834 2844/2844 2849/2849
f 2836/2836 2840/2840 2846/2846
f 2699/2699 2698/2698 2847/2847
f 2840/2840 2847/2847 2848/2848
f 2848/2848 2847/2847 2841/2841
f 2841/2841 2850/2850 2842/2842
f 2842/2842 2851/2851 2845/2845
f 2848/2848 2843/2843 2840/2840
f 2843/2843 2846/2846 2840/2840
f 2844/2844 2845/2845 2852/2852
f 2853/2853 2849/2849 2844/2844
f 2698/2698 2854/2854 2847/2847
f 2855/2855 2841/2841 2847/2847
f 2850/2850 2841/2841 2855/2855
f 2842/2842 2850/2850 2851/2851
f 2851/2851 2856/2856 2845/2845
f 2845/2845 2856/2856 2852/2852
f 2844/2844 2852/2852 2857/2857
f 2858/2858 2849/2849 2853/2853
f 2844/2844 2857/2857 2853/2853
f 2854/2854 2698/2698 2692/2692
f 2855/2855 2847/2847 2854/2854
f 2859/2859 2850/2850 2855/2855
f 2856/2856 2851/2851 2850/2850
f 2856/2856 2860/2860 2852/2852
f 2852/2852 2860/2860 2857/2857
f 2858/2858 2853/2853 2861/2861
f 2862/2862 2853/2853 2857/2857
f 2863/2863 2854/2854 2692/2692
f 2855/2855 2854/2854 2864/2864
f 2855/2855 2864/2864 2859/2859
f 2850/2850 2859/2859 2856/2856
f 2856/2856 2859/2859 2860/2860
f 2857/2857 2860/2860 2865/2865
f 2866/2866 2858/2858 2861/2861
f 2853/2853 2862/2862 2861/2861
f 2857/2857 2865/2865 2862/2862
f 2863/2863 2692/2692 2867/2867
f 2854/2854 2863/2863 2864/2864
f 2864/2864 2868/2868 2859/2859
f 2859/2859 2868/2868 2860/2860
f 2865/2865 2860/2860 2868/2868
f 2866/2866 2861/2861 2869/2869
f 2870/2870 2858/2858 2866/2866
f 2871/2871 2861/2861 2862/2862
f 2865/2865 2872/2872 2862/2862
f 2867/2867 2692/2692 2688/2688
f 2863/2863 2867/2867 2873/2873
f 2874/2874 2864/2864 2863/2863
f 2864/2864 2874/2874 2868/2868
f 2868/2868 2875/2875 2865/2865
f 2861/2861 2876/2876 2869/2869
f 2869/2869 2877/2877 2866/2866
f 2877/2877 2870/2870 2866/2866
f 2861/2861 2871/2871 2876/2876
f 2878/2878 2871/2871 2862/2862
f 2865/2865 2875/2875 2872/2872
f 2862/2862 2872/2872 2879/2879
f 2688/2688 2880/2880 2867/2867
f 2867/2867 2880/2880 2873/2873
f 2881/2881 2863/2863 2873/2873
f 2863/2863 2881/2881 2874/2874
f 2874/2874 2882/2882 2868/2868
f 2868/2868 2882/2882 2875/2875
f 2878/2878 2876/2876 2871/2871
f 2878/2878 2862/2862 2879/2879
f 2875/2875 2883/2883 2872/2872
f 2872/2872 2884/2884 2879/2879
f 2885/2885 2873/2873 2880/2880
f 2885/2885 2881/2881 2873/2873
f 2881/2881 2885/2885 2874/2874
f 2882/2882 2874/2874 2885/2885
f 2882/2882 2886/2886 2875/2875
f 2883/2883 2875/2875 2886/2886
f 2883/2883 2887/2887 2872/2872
f 2884/2884 2872/2872 2887/2887
f 2884/2884 2888/2888 2879/2879
f 2880/2880 2889/2889 2885/2885
f 2886/2886 2882/2882 2885/2885
f 2883/2883 2886/2886 2890/2890
f 2887/2887 2883/2883 2890/2890
f 2887/2887 2891/2891 2884/2884
f 2888/2888 2884/2884 2891/2891
f 2890/2890 2885/2885 2889/2889
f 2885/2885 2890/2890 2886/2886
f 2890/2890 2892/2892 2887/2887
f 2891/2891 2887/2887 2892/2892
f 2888/2888 2891/2891 2892/2892
f 2889/2889 2893/2893 2890/2890
f 2890/2890 2893/2893 2892/2892
f 2730/2730 2894/2894 2895/2895
f 2894/2894 2730/2730 2725/2725
f 2895/2895 2414/2414 2730/2730
f 2896/2896 2897/2897 2898/2898
f 2898/2898 2897/2897 2899/2899
f 2896/2896 2898/2898 2900/2900
f 2897/2897 2901/2901 2899/2899
f 2898/2898 2899/2899 2902/2902
f 2900/2900 2898/2898 2903/2903
f 2899/2899 2901/2901 2904/2904
f 2898/2898 2902/2902 2903/2903
f 2899/2899 2904/2904 2902/2902
f 2905/2905 2900/2900 2903/2903
f 2904/2904 2901/2901 2906/2906
f 2903/2903 2902/2902 2907/2907
f 2902/2902 2904/2904 2908/2908
f 2909/2909 2900/2900 2905/2905
f 2905/2905 2903/2903 2910/2910
f 2906/2906 2908/2908 2904/2904
f 2902/2902 2908/2908 2907/2907
f 2903/2903 2907/2907 2911/2911
f 2909/2909 2905/2905 2912/2912
f 2913/2913 2905/2905 2910/2910
f 2910/2910 2903/2903 2914/2914
f 2908/2908 2906/2906 2915/2915
f 2907/2907 2908/2908 2915/2915
f 2911/2911 2907/2907 2916/2916
f 2903/2903 2911/2911 2917/2917
f 2912/2912 2905/2905 2918/2918
f 2919/2919 2909/2909 2912/2912
f 2918/2918 2905/2905 2913/2913
f 2913/2913 2910/2910 2920/2920
f 2914/2914 2903/2903 2921/2921
f 2922/2922 2910/2910 2914/2914
f 2915/2915 2906/2906 2923/2923
f 2907/2907 2915/2915 2916/2916
f 2924/2924 2911/2911 2916/2916
f 2917/2917 2911/2911 2925/2925
f 2921/2921 2903/2903 2917/2917
f 2926/2926 2912/2912 2918/2918
f 2919/2919 2912/2912 2926/2926
f 2927/2927 2909/2909 2919/2919
f 2918/2918 2913/2913 2928/2928
f 2920/2920 2910/2910 2922/2922
f 2928/2928 2913/2913 2920/2920
f 2929/2929 2914/2914 2921/2921
f 2922/2922 2914/2914 2929/2929
f 2923/2923 2930/2930 2915/2915
f 2916/2916 2915/2915 2931/2931
f 2925/2925 2911/2911 2924/2924
f 2924/2924 2916/2916 2932/2932
f 2925/2925 2933/2933 2917/2917
f 2933/2933 2921/2921 2917/2917
f 2926/2926 2918/2918 2928/2928
f 2926/2926 2934/2934 2919/2919
f 2934/2934 2927/2927 2919/2919
f 2935/2935 2920/2920 2922/2922
f 2928/2928 2920/2920 2935/2935
f 2929/2929 2921/2921 2933/2933
f 2929/2929 2935/2935 2922/2922
f 2936/2936 2915/2915 2930/2930
f 2931/2931 2915/2915 2937/2937
f 2932/2932 2916/2916 2931/2931
f 2932/2932 2925/2925 2924/2924
f 2938/2938 2933/2933 2925/2925
f 2926/2926 2928/2928 2939/2939
f 2940/2940 2934/2934 2926/2926
f 2928/2928 2935/2935 2939/2939
f 2929/2929 2933/2933 2938/2938
f 2939/2939 2935/2935 2929/2929
f 2936/2936 2930/2930 2941/2941
f 2937/2937 2915/2915 2936/2936
f 2931/2931 2937/2937 2942/2942
f 2932/2932 2931/2931 2943/2943
f 2944/2944 2925/2925 2932/2932
f 2938/2938 2925/2925 2944/2944
f 2939/2939 2940/2940 2926/2926
f 2938/2938 2939/2939 2929/2929
f 2945/2945 2936/2936 2941/2941
f 2941/2941 2930/2930 2946/2946
f 2937/2937 2936/2936 2947/2947
f 2942/2942 2937/2937 2947/2947
f 2942/2942 2943/2943 2931/2931
f 2943/2943 2944/2944 2932/2932
f 2948/2948 2938/2938 2944/2944
f 2940/2940 2939/2939 2949/2949
f 2939/2939 2938/2938 2950/2950
f 2945/2945 2951/2951 2936/2936
f 2945/2945 2941/2941 2952/2952
f 2953/2953 2941/2941 2946/2946
f 2951/2951 2947/2947 2936/2936
f 2942/2942 2947/2947 2954/2954
f 2943/2943 2942/2942 2954/2954
f 2944/2944 2943/2943 2954/2954
f 2950/2950 2938/2938 2948/2948
f 2944/2944 2955/2955 2948/2948
f 2949/2949 2939/2939 2956/2956
f 2950/2950 2956/2956 2939/2939
f 2951/2951 2945/2945 2957/2957
f 2952/2952 2941/2941 2953/2953
f 2945/2945 2952/2952 2958/2958
f 2951/2951 2954/2954 2947/2947
f 2955/2955 2944/2944 2954/2954
f 2959/2959 2950/2950 2948/2948
f 2948/2948 2955/2955 2960/2960
f 2949/2949 2956/2956 2961/2961
f 2956/2956 2950/2950 2962/2962
f 2957/2957 2945/2945 2958/2958
f 2954/2954 2951/2951 2957/2957
f 2952/2952 2953/2953 2963/2963
f 2958/2958 2952/2952 2963/2963
f 2964/2964 2955/2955 2954/2954
f 2962/2962 2950/2950 2959/2959
f 2960/2960 2959/2959 2948/2948
f 2965/2965 2960/2960 2955/2955
f 2966/2966 2949/2949 2961/2961
f 2967/2967 2961/2961 2956/2956
f 2956/2956 2962/2962 2967/2967
f 2957/2957 2958/2958 2968/2968
f 2964/2964 2954/2954 2957/2957
f 2963/2963 2953/2953 2969/2969
f 2958/2958 2963/2963 2969/2969
f 2964/2964 2965/2965 2955/2955
f 2962/2962 2959/2959 2970/2970
f 2959/2959 2960/2960 2971/2971
f 2965/2965 2972/2972 2960/2960
f 2961/2961 2973/2973 2966/2966
f 2961/2961 2967/2967 2974/2974
f 2967/2967 2962/2962 2975/2975
f 2976/2976 2968/2968 2958/2958
f 2968/2968 2964/2964 2957/2957
f 2969/2969 2953/2953 2977/2977
f 2958/2958 2969/2969 2976/2976
f 2978/2978 2965/2965 2964/2964
f 2971/2971 2970/2970 2959/2959
f 2975/2975 2962/2962 2970/2970
f 2960/2960 2972/2972 2971/2971
f 2978/2978 2972/2972 2965/2965
f 2973/2973 2961/2961 2979/2979
f 2980/2980 2966/2966 2973/2973
f 2975/2975 2974/2974 2967/2967
f 2979/2979 2961/2961 2974/2974
f 2978/2978 2968/2968 2976/2976
f 2964/2964 2968/2968 2978/2978
f 2969/2969 2977/2977 2976/2976
f 2970/2970 2971/2971 2981/2981
f 2970/2970 2982/2982 2975/2975
f 2972/2972 2983/2983 2971/2971
f 2972/2972 2978/2978 2983/2983
f 2980/2980 2973/2973 2979/2979
f 2974/2974 2975/2975 2673/2673
f 2979/2979 2974/2974 2663/2663
f 2978/2978 2976/2976 2551/2551
f 2880/2880 2970/2970 2981/2981
f 2984/2984 2981/2981 2971/2971
f 2982/2982 2970/2970 2880/2880
f 2680/2680 2975/2975 2982/2982
f 2971/2971 2983/2983 2985/2985
f 2978/2978 2986/2986 2983/2983
f 2673/2673 2666/2666 2974/2974
f 2673/2673 2975/2975 2680/2680
f 2666/2666 2663/2663 2974/2974
f 2978/2978 2551/2551 2986/2986
f 2981/2981 2987/2987 2880/2880
f 2988/2988 2981/2981 2984/2984
f 2971/2971 2985/2985 2984/2984
f 2982/2982 2880/2880 2688/2688
f 2982/2982 2688/2688 2680/2680
f 2985/2985 2983/2983 2989/2989
f 2983/2983 2986/2986 2989/2989
f 2986/2986 2551/2551 2553/2553
f 2880/2880 2987/2987 2889/2889
f 2988/2988 2987/2987 2981/2981
f 2984/2984 2990/2990 2988/2988
f 2984/2984 2985/2985 2990/2990
f 2985/2985 2989/2989 2990/2990
f 2553/2553 2989/2989 2986/2986
f 2987/2987 2988/2988 2889/2889
f 2991/2991 2988/2988 2990/2990
f 2990/2990 2989/2989 2992/2992
f 2989/2989 2553/2553 2993/2993
f 2893/2893 2889/2889 2988/2988
f 2988/2988 2991/2991 2893/2893
f 2990/2990 2992/2992 2991/2991
f 2993/2993 2992/2992 2989/2989
f 2554/2554 2993/2993 2553/2553
f 2994/2994 2893/2893 2991/2991
f 2991/2991 2992/2992 2995/2995
f 2992/2992 2993/2993 2996/2996
f 2997/2997 2993/2993 2554/2554
f 2991/2991 2995/2995 2994/2994
f 2996/2996 2995/2995 2992/2992
f 2996/2996 2993/2993 2997/2997
f 2998/2998 2999/2999 3000/3000
f 3001/3001 2999/2999 2998/2998
f 3001/3001 3002/3002 2999/2999
f 3001/3001 3003/3003 3002/3002
f 3004/3004 3003/3003 3001/3001
f 3002/3002 3003/3003 3005/3005
f 3003/3003 3004/3004 3006/3006
f 3001/3001 3007/3007 3004/3004
f 3003/3003 3006/3006 3005/3005
f 3008/3008 3006/3006 3004/3004
f 3008/3008 3004/3004 3007/3007
f 3005/3005 3006/3006 3009/3009
f 3006/3006 3008/3008 3009/3009
f 3010/3010 3011/3011 3012/3012
f 3013/3013 3012/3012 3011/3011
f 3014/3014 3010/3010 3012/3012
f 3012/3012 3013/3013 3015/3015
f 3013/3013 3011/3011 3016/3016
f 3017/3017 3010/3010 3014/3014
f 3018/3018 3014/3014 3012/3012
f 3015/3015 3018/3018 3012/3012
f 3015/3015 3013/3013 3019/3019
f 3020/3020 3013/3013 3016/3016
f 3017/3017 3014/3014 3021/3021
f 3022/3022 3014/3014 3018/3018
f 3018/3018 3015/3015 3023/3023
f 3013/3013 3020/3020 3019/3019
f 3024/3024 3015/3015 3019/3019
f 3021/3021 3014/3014 3022/3022
f 3021/3021 3025/3025 3017/3017
f 3023/3023 3022/3022 3018/3018
f 3023/3023 3015/3015 3026/3026
f 3019/3019 3020/3020 3027/3027
f 3024/3024 3026/3026 3015/3015
f 3019/3019 3028/3028 3024/3024
f 3021/3021 3022/3022 3029/3029
f 3021/3021 3030/3030 3025/3025
f 3022/3022 3023/3023 3031/3031
f 3023/3023 3026/3026 3031/3031
f 3028/3028 3019/3019 3027/3027
f 3032/3032 3026/3026 3024/3024
f 3033/3033 3024/3024 3028/3028
f 3022/3022 3031/3031 3029/3029
f 3021/3021 3029/3029 3034/3034
f 3030/3030 3021/3021 3035/3035
f 3031/3031 3026/3026 3036/3036
f 3033/3033 3032/3032 3024/3024
f 3036/3036 3026/3026 3032/3032
f 3037/3037 3033/3033 3028/3028
f 3031/3031 3036/3036 3029/3029
f 3021/3021 3034/3034 3035/3035
f 3034/3034 3029/3029 3038/3038
f 3035/3035 3039/3039 3030/3030
f 3040/3040 3032/3032 3033/3033
f 3032/3032 3041/3041 3036/3036
f 3033/3033 3037/3037 3042/3042
f 3028/3028 3043/3043 3037/3037
f 3029/3029 3036/3036 3041/3041
f 3034/3034 3044/3044 3035/3035
f 3029/3029 3041/3041 3038/3038
f 3038/3038 3044/3044 3034/3034
f 3044/3044 3039/3039 3035/3035
f 3042/3042 3040/3040 3033/3033
f 3041/3041 3032/3032 3040/3040
f 3042/3042 3037/3037 3045/3045
f 3043/3043 3028/3028 3046/3046
f 3047/3047 3037/3037 3043/3043
f 3041/3041 3040/3040 3038/3038
f 3038/3038 3048/3048 3044/3044
f 3044/3044 3048/3048 3039/3039
f 3049/3049 3040/3040 3042/3042
f 3037/3037 3047/3047 3045/3045
f 3042/3042 3045/3045 3049/3049
f 3040/3040 3050/3050 3038/3038
f 3048/3048 3051/3051 3039/3039
f 3052/3052 3040/3040 3049/3049
f 3040/3040 3052/3052 3050/3050
f 3050/3050 3053/3053 3038/3038
f 3050/3050 3052/3052 3054/3054
f 3055/3055 3053/3053 3050/3050
f 3054/3054 3055/3055 3050/3050
f 3052/3052 3056/3056 3054/3054
f 3055/3055 3054/3054 3057/3057
f 3056/3056 3058/3058 3054/3054
f 3054/3054 3058/3058 3057/3057
f 3059/3059 3058/3058 3056/3056
f 3060/3060 3057/3057 3058/3058
f 3059/3059 3060/3060 3058/3058
f 3061/3061 3057/3057 3060/3060
f 3061/3061 3062/3062 3057/3057
f 3063/3063 3061/3061 3060/3060
f 3064/3064 3062/3062 3061/3061
f 3062/3062 3065/3065 3057/3057
f 2414/2414 3066/3066 2409/2409
f 3067/3067 3068/3068 3069/3069
f 3067/3067 3070/3070 3068/3068
f 3071/3071 3069/3069 3068/3068
f 3069/3069 3072/3072 3067/3067
f 3070/3070 3067/3067 3073/3073
f 3069/3069 3071/3071 3074/3074
f 3075/3075 3071/3071 3068/3068
f 3072/3072 3073/3073 3067/3067
f 3069/3069 3076/3076 3072/3072
f 3074/3074 3076/3076 3069/3069
f 3071/3071 3077/3077 3074/3074
f 3078/3078 3071/3071 3075/3075
f 3079/3079 3073/3073 3072/3072
f 3072/3072 3076/3076 3080/3080
f 3080/3080 3076/3076 3074/3074
f 3071/3071 3081/3081 3077/3077
f 3082/3082 3074/3074 3077/3077
f 3078/3078 3081/3081 3071/3071
f 3083/3083 3078/3078 3075/3075
f 3084/3084 3079/3079 3072/3072
f 3080/3080 3084/3084 3072/3072
f 3080/3080 3074/3074 3085/3085
f 3086/3086 3077/3077 3081/3081
f 3085/3085 3074/3074 3082/3082
f 3082/3082 3077/3077 3086/3086
f 3078/3078 3087/3087 3081/3081
f 3087/3087 3078/3078 3083/3083
f 3088/3088 3084/3084 3080/3080
f 3080/3080 3085/3085 3089/3089
f 3090/3090 3086/3086 3081/3081
f 3091/3091 3085/3085 3082/3082
f 3092/3092 3082/3082 3086/3086
f 3087/3087 3090/3090 3081/3081
f 3093/3093 3087/3087 3083/3083
f 3089/3089 3088/3088 3080/3080
f 3085/3085 3091/3091 3089/3089
f 3090/3090 3094/3094 3086/3086
f 3082/3082 3092/3092 3091/3091
f 3095/3095 3092/3092 3086/3086
f 3087/3087 3096/3096 3090/3090
f 3093/3093 3097/3097 3087/3087
f 3089/3089 3098/3098 3088/3088
f 3098/3098 3089/3089 3091/3091
f 3096/3096 3094/3094 3090/3090
f 3094/3094 3095/3095 3086/3086
f 3099/3099 3091/3091 3092/3092
f 3100/3100 3092/3092 3095/3095
f 3096/3096 3087/3087 3097/3097
f 3101/3101 3097/3097 3093/3093
f 3091/3091 3099/3099 3098/3098
f 3096/3096 3102/3102 3094/3094
f 3094/3094 3103/3103 3095/3095
f 3100/3100 3099/3099 3092/3092
f 3104/3104 3100/3100 3095/3095
f 3105/3105 3096/3096 3097/3097
f 3106/3106 3101/3101 3093/3093
f 3101/3101 3105/3105 3097/3097
f 3102/3102 3096/3096 3105/3105
f 3102/3102 3107/3107 3094/3094
f 3103/3103 3094/3094 3108/3108
f 3109/3109 3095/3095 3103/3103
f 3099/3099 3100/3100 3110/3110
f 3109/3109 3104/3104 3095/3095
f 3111/3111 3100/3100 3104/3104
f 3105/3105 3101/3101 3106/3106
f 3112/3112 3106/3106 3093/3093
f 3105/3105 3113/3113 3102/3102
f 3114/3114 3107/3107 3102/3102
f 3107/3107 3108/3108 3094/3094
f 3108/3108 3115/3115 3103/3103
f 3115/3115 3109/3109 3103/3103
f 3110/3110 3100/3100 3111/3111
f 3106/3106 3116/3116 3105/3105
f 3113/3113 3105/3105 3116/3116
f 3113/3113 3114/3114 3102/3102
f 3115/3115 3107/3107 3114/3114
f 3115/3115 3108/3108 3107/3107
f 3106/3106 3117/3117 3116/3116
f 3118/3118 3113/3113 3116/3116
f 3114/3114 3113/3113 3118/3118
f 3114/3114 3119/3119 3115/3115
f 3120/3120 3117/3117 3106/3106
f 3117/3117 3118/3118 3116/3116
f 3119/3119 3114/3114 3118/3118
f 3117/3117 3120/3120 3121/3121
f 3122/3122 3118/3118 3117/3117
f 3118/3118 3123/3123 3119/3119
f 3121/3121 3120/3120 3124/3124
f 3121/3121 3125/3125 3117/3117
f 3118/3118 3122/3122 3123/3123
f 3122/3122 3117/3117 3125/3125
f 3124/3124 3125/3125 3121/3121
f 3123/3123 3122/3122 3126/3126
f 3127/3127 3122/3122 3125/3125
f 3124/3124 3128/3128 3125/3125
f 3126/3126 3122/3122 3127/3127
f 3129/3129 3123/3123 3126/3126
f 3127/3127 3125/3125 3130/3130
f 3128/3128 3131/3131 3125/3125
f 3128/3128 3124/3124 3132/3132
f 3127/3127 3133/3133 3126/3126
f 3126/3126 3134/3134 3129/3129
f 3130/3130 3125/3125 3135/3135
f 3130/3130 3136/3136 3127/3127
f 3135/3135 3125/3125 3131/3131
f 3131/3131 3128/3128 3137/3137
f 3137/3137 3128/3128 3132/3132
f 3132/3132 3124/3124 3138/3138
f 3136/3136 3133/3133 3127/3127
f 3139/3139 3126/3126 3133/3133
f 3139/3139 3134/3134 3126/3126
f 3140/3140 3129/3129 3134/3134
f 3130/3130 3135/3135 3141/3141
f 3136/3136 3130/3130 3142/3142
f 3143/3143 3135/3135 3131/3131
f 3137/3137 3144/3144 3131/3131
f 3137/3137 3132/3132 3145/3145
f 3132/3132 3138/3138 3146/3146
f 3138/3138 3124/3124 3147/3147
f 3136/3136 3148/3148 3133/3133
f 3139/3139 3133/3133 3149/3149
f 3139/3139 3150/3150 3134/3134
f 3140/3140 3134/3134 3150/3150
f 3141/3141 3135/3135 3143/3143
f 3141/3141 3142/3142 3130/3130
f 3148/3148 3136/3136 3142/3142
f 3143/3143 3131/3131 3144/3144
f 3151/3151 3144/3144 3137/3137
f 3137/3137 3145/3145 3151/3151
f 3146/3146 3145/3145 3132/3132
f 3146/3146 3138/3138 3152/3152
f 3138/3138 3147/3147 3152/3152
f 3124/3124 3153/3153 3147/3147
f 3149/3149 3133/3133 3148/3148
f 3150/3150 3139/3139 3149/3149
f 3140/3140 3150/3150 3154/3154
f 3141/3141 3143/3143 3144/3144
f 3141/3141 3155/3155 3142/3142
f 3148/3148 3142/3142 3156/3156
f 3157/3157 3144/3144 3151/3151
f 3151/3151 3145/3145 3158/3158
f 3158/3158 3145/3145 3146/3146
f 3146/3146 3152/3152 3159/3159
f 3160/3160 3152/3152 3147/3147
f 3147/3147 3153/3153 3160/3160
f 3149/3149 3148/3148 3156/3156
f 3150/3150 3149/3149 3154/3154
f 3154/3154 3161/3161 3140/3140
f 3157/3157 3141/3141 3144/3144
f 3141/3141 3157/3157 3155/3155
f 3156/3156 3142/3142 3155/3155
f 3157/3157 3151/3151 3162/3162
f 3151/3151 3158/3158 3162/3162
f 3146/3146 3159/3159 3158/3158
f 3160/3160 3159/3159 3152/3152
f 3160/3160 3153/3153 3163/3163
f 3156/3156 3154/3154 3149/3149
f 3161/3161 3154/3154 3164/3164
f 3046/3046 3140/3140 3161/3161
f 3155/3155 3157/3157 3165/3165
f 3165/3165 3156/3156 3155/3155
f 3165/3165 3157/3157 3162/3162
f 3162/3162 3158/3158 3166/3166
f 3158/3158 3159/3159 3167/3167
f 3159/3159 3160/3160 3168/3168
f 3160/3160 3163/3163 3168/3168
f 3154/3154 3156/3156 3169/3169
f 3164/3164 3154/3154 3169/3169
f 3164/3164 3043/3043 3161/3161
f 3043/3043 3046/3046 3161/3161
f 3156/3156 3165/3165 3169/3169
f 3170/3170 3165/3165 3162/3162
f 3171/3171 3162/3162 3166/3166
f 3167/3167 3166/3166 3158/3158
f 3167/3167 3159/3159 3172/3172
f 3172/3172 3159/3159 3168/3168
f 3168/3168 3163/3163 3173/3173
f 3047/3047 3164/3164 3169/3169
f 3043/3043 3164/3164 3047/3047
f 3165/3165 3174/3174 3169/3169
f 3170/3170 3174/3174 3165/3165
f 3175/3175 3170/3170 3162/3162
f 3175/3175 3162/3162 3171/3171
f 3176/3176 3171/3171 3166/3166
f 3176/3176 3166/3166 3167/3167
f 3172/3172 3177/3177 3167/3167
f 3178/3178 3172/3172 3168/3168
f 3168/3168 3173/3173 3178/3178
f 3174/3174 3047/3047 3169/3169
f 3174/3174 3170/3170 3179/3179
f 3170/3170 3175/3175 3180/3180
f 3181/3181 3175/3175 3171/3171
f 3176/3176 3182/3182 3171/3171
f 3176/3176 3167/3167 3183/3183
f 3177/3177 3172/3172 3184/3184
f 3183/3183 3167/3167 3177/3177
f 3178/3178 3184/3184 3172/3172
f 3185/3185 3178/3178 3173/3173
f 3174/3174 3186/3186 3047/3047
f 3179/3179 3170/3170 3187/3187
f 3179/3179 3188/3188 3174/3174
f 3180/3180 3175/3175 3181/3181
f 3180/3180 3187/3187 3170/3170
f 3189/3189 3181/3181 3171/3171
f 3182/3182 3189/3189 3171/3171
f 3190/3190 3182/3182 3176/3176
f 3191/3191 3176/3176 3183/3183
f 3192/3192 3177/3177 3184/3184
f 3177/3177 3193/3193 3183/3183
f 3192/3192 3184/3184 3178/3178
f 3178/3178 3185/3185 3194/3194
f 3186/3186 3174/3174 3188/3188
f 3045/3045 3047/3047 3186/3186
f 3187/3187 3195/3195 3179/3179
f 3188/3188 3179/3179 3195/3195
f 3181/3181 3196/3196 3180/3180
f 3187/3187 3180/3180 3196/3196
f 3181/3181 3189/3189 3197/3197
f 3182/3182 3197/3197 3189/3189
f 3191/3191 3190/3190 3176/3176
f 3197/3197 3182/3182 3190/3190
f 3198/3198 3191/3191 3183/3183
f 3192/3192 3199/3199 3177/3177
f 3199/3199 3193/3193 3177/3177
f 3198/3198 3183/3183 3193/3193
f 3194/3194 3192/3192 3178/3178
f 3188/3188 3200/3200 3186/3186
f 3045/3045 3186/3186 3200/3200
f 3195/3195 3187/3187 3201/3201
f 3195/3195 3202/3202 3188/3188
f 3196/3196 3181/3181 3203/3203
f 3196/3196 3201/3201 3187/3187
f 3197/3197 3203/3203 3181/3181
f 3204/3204 3190/3190 3191/3191
f 3190/3190 3205/3205 3197/3197
f 3204/3204 3191/3191 3198/3198
f 3206/3206 3199/3199 3192/3192
f 3207/3207 3193/3193 3199/3199
f 3207/3207 3198/3198 3193/3193
f 3192/3192 3194/3194 3206/3206
f 3200/3200 3188/3188 3202/3202
f 3195/3195 3201/3201 3208/3208
f 3208/3208 3202/3202 3195/3195
f 3196/3196 3203/3203 3209/3209
f 3209/3209 3201/3201 3196/3196
f 3205/3205 3203/3203 3197/3197
f 3205/3205 3190/3190 3204/3204
f 3210/3210 3204/3204 3198/3198
f 3211/3211 3199/3199 3206/3206
f 3199/3199 3211/3211 3207/3207
f 3198/3198 3207/3207 3210/3210
f 3208/3208 3201/3201 3212/3212
f 3209/3209 3203/3203 3213/3213
f 3209/3209 3212/3212 3201/3201
f 3213/3213 3203/3203 3205/3205
f 3204/3204 3214/3214 3205/3205
f 3206/3206 3215/3215 3211/3211
f 3207/3207 3211/3211 3210/3210
f 3216/3216 3208/3208 3212/3212
f 3212/3212 3209/3209 3213/3213
f 3213/3213 3205/3205 3214/3214
f 3211/3211 3215/3215 3217/3217
f 3211/3211 3217/3217 3210/3210
f 3212/3212 3213/3213 3216/3216
f 3214/3214 3216/3216 3213/3213
f 3218/3218 3219/3219 3220/3220
f 3221/3221 3219/3219 3218/3218
f 3219/3219 3222/3222 3220/3220
f 3223/3223 3218/3218 3220/3220
f 3221/3221 3224/3224 3219/3219
f 3221/3221 3218/3218 3225/3225
f 3222/3222 3219/3219 3226/3226
f 3227/3227 3218/3218 3223/3223
f 3224/3224 3221/3221 3228/3228
f 3219/3219 3224/3224 3229/3229
f 3218/3218 3227/3227 3225/3225
f 3221/3221 3225/3225 3230/3230
f 3231/3231 3226/3226 3219/3219
f 3222/3222 3226/3226 3232/3232
f 3223/3223 3233/3233 3227/3227
f 3230/3230 3228/3228 3221/3221
f 3224/3224 3228/3228 3229/3229
f 3229/3229 3234/3234 3219/3219
f 3225/3225 3227/3227 3235/3235
f 3235/3235 3230/3230 3225/3225
f 3226/3226 3231/3231 3236/3236
f 3219/3219 3237/3237 3231/3231
f 3226/3226 3238/3238 3232/3232
f 3227/3227 3233/3233 3235/3235
f 3239/3239 3233/3233 3223/3223
f 3228/3228 3230/3230 3240/3240
f 3228/3228 3241/3241 3229/3229
f 3219/3219 3234/3234 3237/3237
f 3242/3242 3234/3234 3229/3229
f 3230/3230 3235/3235 3243/3243
f 3237/3237 3236/3236 3231/3231
f 3236/3236 3238/3238 3226/3226
f 3235/3235 3233/3233 3243/3243
f 3233/3233 3239/3239 3244/3244
f 3243/3243 3240/3240 3230/3230
f 3241/3241 3228/3228 3240/3240
f 3241/3241 3242/3242 3229/3229
f 3237/3237 3234/3234 3245/3245
f 3242/3242 3246/3246 3234/3234
f 3233/3233 3244/3244 3243/3243
f 3240/3240 3243/3243 3247/3247
f 3248/3248 3241/3241 3240/3240
f 3249/3249 3242/3242 3241/3241
f 3246/3246 3245/3245 3234/3234
f 3242/3242 3250/3250 3246/3246
f 3243/3243 3244/3244 3251/3251
f 3247/3247 3243/3243 3251/3251
f 3247/3247 3252/3252 3240/3240
f 3253/3253 3248/3248 3240/3240
f 3248/3248 3254/3254 3241/3241
f 3254/3254 3249/3249 3241/3241
f 3249/3249 3255/3255 3242/3242
f 3256/3256 3245/3245 3246/3246
f 3257/3257 3250/3250 3242/3242
f 3246/3246 3250/3250 3258/3258
f 3259/3259 3247/3247 3251/3251
f 3252/3252 3247/3247 3260/3260
f 3252/3252 3253/3253 3240/3240
f 3253/3253 3261/3261 3248/3248
f 3262/3262 3254/3254 3248/3248
f 3263/3263 3249/3249 3254/3254
f 3255/3255 3257/3257 3242/3242
f 3249/3249 3264/3264 3255/3255
f 3246/3246 3258/3258 3256/3256
f 3265/3265 3250/3250 3257/3257
f 3250/3250 3265/3265 3258/3258
f 3266/3266 3247/3247 3259/3259
f 3260/3260 3247/3247 3266/3266
f 3260/3260 3253/3253 3252/3252
f 3261/3261 3253/3253 3267/3267
f 3261/3261 3262/3262 3248/3248
f 3262/3262 3263/3263 3254/3254
f 3264/3264 3249/3249 3263/3263
f 3268/3268 3257/3257 3255/3255
f 3264/3264 3268/3268 3255/3255
f 3256/3256 3258/3258 3269/3269
f 3257/3257 3270/3270 3265/3265
f 3265/3265 3271/3271 3258/3258
f 3266/3266 3259/3259 2593/2593
f 3260/3260 3266/3266 3272/3272
f 3260/3260 3267/3267 3253/3253
f 3261/3261 3267/3267 3273/3273
f 3273/3273 3262/3262 3261/3261
f 3274/3274 3263/3263 3262/3262
f 3275/3275 3264/3264 3263/3263
f 3276/3276 3257/3257 3268/3268
f 3268/3268 3264/3264 3277/3277
f 3271/3271 3269/3269 3258/3258
f 3270/3270 3257/3257 3276/3276
f 3270/3270 3278/3278 3265/3265
f 3278/3278 3271/3271 3265/3265
f 3272/3272 3266/3266 2593/2593
f 3267/3267 3260/3260 3272/3272
f 3267/3267 3279/3279 3273/3273
f 3280/3280 3262/3262 3273/3273
f 3274/3274 3275/3275 3263/3263
f 3262/3262 3280/3280 3274/3274
f 3264/3264 3275/3275 3277/3277
f 3276/3276 3268/3268 3281/3281
f 3281/3281 3268/3268 3277/3277
f 3271/3271 3282/3282 3269/3269
f 3276/3276 3283/3283 3270/3270
f 3278/3278 3270/3270 3284/3284
f 3278/3278 3285/3285 3271/3271
f 2593/2593 3286/3286 3272/3272
f 3267/3267 3272/3272 3286/3286
f 3287/3287 3273/3273 3279/3279
f 3286/3286 3279/3279 3267/3267
f 3288/3288 3280/3280 3273/3273
f 3289/3289 3275/3275 3274/3274
f 3290/3290 3274/3274 3280/3280
f 3275/3275 3291/3291 3277/3277
f 3283/3283 3276/3276 3281/3281
f 3292/3292 3281/3281 3277/3277
f 3285/3285 3282/3282 3271/3271
f 3284/3284 3270/3270 3283/3283
f 3285/3285 3278/3278 3284/3284
f 2589/2589 3286/3286 2593/2593
f 3288/3288 3273/3273 3287/3287
f 2584/2584 3287/3287 3279/3279
f 2589/2589 3279/3279 3286/3286
f 3290/3290 3280/3280 3288/3288
f 3290/3290 3289/3289 3274/3274
f 3293/3293 3275/3275 3289/3289
f 3291/3291 3292/3292 3277/3277
f 3291/3291 3275/3275 3293/3293
f 3287/3287 3294/3294 3288/3288
f 2583/2583 3287/3287 2584/2584
f 2589/2589 2584/2584 3279/3279
f 3288/3288 3295/3295 3290/3290
f 3290/3290 3296/3296 3289/3289
f 3293/3293 3289/3289 3296/3296
f 3292/3292 3291/3291 3293/3293
f 3295/3295 3288/3288 3294/3294
f 3294/3294 3287/3287 2583/2583
f 3295/3295 3296/3296 3290/3290
f 3296/3296 3297/3297 3293/3293
f 3298/3298 3292/3292 3293/3293
f 3295/3295 3294/3294 3299/3299
f 3300/3300 3294/3294 2583/2583
f 3297/3297 3296/3296 3295/3295
f 3298/3298 3293/3293 3297/3297
f 3292/3292 3298/3298 3301/3301
f 3302/3302 3295/3295 3299/3299
f 3294/3294 3303/3303 3299/3299
f 3303/3303 3294/3294 3300/3300
f 3295/3295 3302/3302 3297/3297
f 3297/3297 3304/3304 3298/3298
f 3301/3301 3298/3298 3304/3304
f 3302/3302 3299/3299 3303/3303
f 3305/3305 3297/3297 3302/3302
f 3297/3297 3305/3305 3304/3304
f 3301/3301 3304/3304 3305/3305
f 3306/3306 3307/3307 3308/3308
f 3306/3306 3309/3309 3307/3307
f 3308/3308 3307/3307 3310/3310
f 3308/3308 3311/3311 3306/3306
f 3311/3311 3309/3309 3306/3306
f 3309/3309 3312/3312 3307/3307
f 3313/3313 3310/3310 3307/3307
f 3314/3314 3308/3308 3310/3310
f 3315/3315 3309/3309 3311/3311
f 3309/3309 3316/3316 3312/3312
f 3307/3307 3312/3312 3313/3313
f 3310/3310 3313/3313 3317/3317
f 3310/3310 3318/3318 3314/3314
f 3309/3309 3315/3315 3319/3319
f 3320/3320 3315/3315 3311/3311
f 3319/3319 3316/3316 3309/3309
f 3313/3313 3312/3312 3316/3316
f 3313/3313 3321/3321 3317/3317
f 3318/3318 3310/3310 3317/3317
f 3320/3320 3319/3319 3315/3315
f 3316/3316 3319/3319 3322/3322
f 3316/3316 3322/3322 3313/3313
f 3313/3313 3323/3323 3321/3321
f 3317/3317 3321/3321 3324/3324
f 3317/3317 3325/3325 3318/3318
f 3319/3319 3320/3320 3326/3326
f 3322/3322 3319/3319 3327/3327
f 3323/3323 3313/3313 3322/3322
f 3328/3328 3321/3321 3323/3323
f 3329/3329 3317/3317 3324/3324
f 3321/3321 3328/3328 3324/3324
f 3325/3325 3317/3317 3329/3329
f 3326/3326 3327/3327 3319/3319
f 3322/3322 3327/3327 3330/3330
f 3322/3322 3330/3330 3323/3323
f 3323/3323 3331/3331 3328/3328
f 3324/3324 3332/3332 3329/3329
f 3333/3333 3324/3324 3328/3328
f 3334/3334 3325/3325 3329/3329
f 3327/3327 3326/3326 3335/3335
f 3330/3330 3327/3327 3335/3335
f 3330/3330 3336/3336 3323/3323
f 3323/3323 3337/3337 3331/3331
f 3331/3331 3338/3338 3328/3328
f 3332/3332 3324/3324 3333/3333
f 3339/3339 3329/3329 3332/3332
f 3333/3333 3328/3328 3340/3340
f 3334/3334 3329/3329 3339/3339
f 3335/3335 3336/3336 3330/3330
f 3323/3323 3336/3336 3337/3337
f 3331/3331 3337/3337 3341/3341
f 3338/3338 3331/3331 3341/3341
f 3328/3328 3338/3338 3340/3340
f 3332/3332 3333/3333 3342/3342
f 3339/3339 3332/3332 3343/3343
f 3342/3342 3333/3333 3340/3340
f 3344/3344 3334/3334 3339/3339
f 3336/3336 3335/3335 3345/3345
f 3337/3337 3336/3336 3346/3346
f 3337/3337 3347/3347 3341/3341
f 3341/3341 3348/3348 3338/3338
f 3340/3340 3338/3338 3349/3349
f 3342/3342 3350/3350 3332/3332
f 3343/3343 3332/3332 3351/3351
f 3352/3352 3339/3339 3343/3343
f 3340/3340 3353/3353 3342/3342
f 3339/3339 3352/3352 3344/3344
f 3336/3336 3345/3345 3346/3346
f 3345/3345 3335/3335 3354/3354
f 3346/3346 3347/3347 3337/3337
f 3348/3348 3341/3341 3347/3347
f 3338/3338 3348/3348 3349/3349
f 3340/3340 3349/3349 3353/3353
f 3350/3350 3342/3342 3351/3351
f 3351/3351 3332/3332 3350/3350
f 3355/3355 3343/3343 3351/3351
f 3343/3343 3356/3356 3352/3352
f 3357/3357 3342/3342 3353/3353
f 3352/3352 3358/3358 3344/3344
f 3345/3345 3359/3359 3346/3346
f 3360/3360 3345/3345 3354/3354
f 3347/3347 3346/3346 3359/3359
f 3348/3348 3347/3347 3361/3361
f 3348/3348 3362/3362 3349/3349
f 3349/3349 3363/3363 3353/3353
f 3351/3351 3342/3342 3357/3357
f 3356/3356 3343/3343 3355/3355
f 3351/3351 3357/3357 3355/3355
f 3352/3352 3356/3356 3364/3364
f 3353/3353 3363/3363 3357/3357
f 3358/3358 3352/3352 3364/3364
f 3345/3345 3360/3360 3359/3359
f 3360/3360 3354/3354 3365/3365
f 3359/3359 3366/3366 3347/3347
f 3361/3361 3347/3347 3366/3366
f 3361/3361 3367/3367 3348/3348
f 3348/3348 3367/3367 3362/3362
f 3349/3349 3362/3362 3363/3363
f 3356/3356 3355/3355 3368/3368
f 3357/3357 3368/3368 3355/3355
f 3356/3356 3368/3368 3364/3364
f 3363/3363 3368/3368 3357/3357
f 3364/3364 3369/3369 3358/3358
f 3360/3360 3370/3370 3359/3359
f 3370/3370 3360/3360 3365/3365
f 3370/3370 3366/3366 3359/3359
f 3361/3361 3366/3366 3371/3371
f 3367/3367 3361/3361 3371/3371
f 3372/3372 3362/3362 3367/3367
f 3362/3362 3372/3372 3363/3363
f 3368/3368 3369/3369 3364/3364
f 3363/3363 3373/3373 3368/3368
f 3369/3369 3374/3374 3358/3358
f 3371/3371 3366/3366 3370/3370
f 3371/3371 3375/3375 3367/3367
f 3367/3367 3376/3376 3372/3372
f 3363/3363 3372/3372 3373/3373
f 3369/3369 3368/3368 3377/3377
f 3368/3368 3373/3373 3377/3377
f 3369/3369 3377/3377 3374/3374
f 3376/3376 3367/3367 3375/3375
f 3372/3372 3376/3376 3378/3378
f 3377/3377 3373/3373 3372/3372
f 3374/3374 3377/3377 3379/3379
f 3375/3375 3380/3380 3376/3376
f 3377/3377 3372/3372 3378/3378
f 3378/3378 3376/3376 3380/3380
f 3377/3377 3378/3378 3379/3379
f 3375/3375 3381/3381 3380/3380
f 3380/3380 3382/3382 3378/3378
f 3378/3378 3382/3382 3379/3379
f 3380/3380 3381/3381 3382/3382
f 3383/3383 3384/3384 3385/3385
f 3383/3383 3386/3386 3384/3384
f 3386/3386 3383/3383 3387/3387
f 3194/3194 3384/3384 3386/3386
f 3388/3388 3386/3386 3387/3387
f 3386/3386 3206/3206 3194/3194
f 3389/3389 3386/3386 3388/3388
f 3389/3389 3206/3206 3386/3386
f 3390/3390 3391/3391 3392/3392
f 3392/3392 3393/3393 3390/3390
f 3393/3393 3392/3392 3394/3394
f 3393/3393 3395/3395 3390/3390
f 3392/3392 3396/3396 3394/3394
f 3394/3394 3397/3397 3393/3393
f 3393/3393 3398/3398 3395/3395
f 3396/3396 3399/3399 3394/3394
f 3394/3394 3399/3399 3397/3397
f 3397/3397 3398/3398 3393/3393
f 3400/3400 3399/3399 3396/3396
f 3399/3399 3401/3401 3397/3397
f 3399/3399 3400/3400 3402/3402
f 3403/3403 3400/3400 3396/3396
f 3399/3399 3402/3402 3401/3401
f 2631/2631 2621/2621 2623/2623
f 3404/3404 3405/3405 3406/3406
f 3407/3407 3405/3405 3404/3404
f 3408/3408 3409/3409 3410/3410
f 3408/3408 3411/3411 3409/3409
f 3412/3412 3410/3410 3409/3409
f 3410/3410 3413/3413 3408/3408
f 3411/3411 3408/3408 3414/3414
f 3409/3409 3411/3411 3415/3415
f 3412/3412 3416/3416 3410/3410
f 3412/3412 3409/3409 3417/3417
f 3410/3410 3418/3418 3413/3413
f 3413/3413 3414/3414 3408/3408
f 3411/3411 3414/3414 3415/3415
f 3419/3419 3410/3410 3416/3416
f 3420/3420 3416/3416 3412/3412
f 3410/3410 3419/3419 3418/3418
f 3418/3418 3421/3421 3413/3413
f 3421/3421 3414/3414 3413/3413
f 3415/3415 3414/3414 3390/3390
f 3419/3419 3416/3416 3420/3420
f 3421/3421 3390/3390 3414/3414
f 3418/3418 3406/3406 3422/3422
f 3423/3423 3406/3406 3418/3418
f 3418/3418 3422/3422 3421/3421
f 3406/3406 3423/3423 3404/3404
f 3418/3418 3419/3419 3423/3423
f 3424/3424 3404/3404 3423/3423
f 3424/3424 3423/3423 3419/3419
f 3425/3425 3426/3426 3427/3427
f 3428/3428 3426/3426 3425/3425
f 3426/3426 3429/3429 3427/3427
f 3430/3430 3425/3425 3427/3427
f 3431/3431 3426/3426 3428/3428
f 3432/3432 3428/3428 3425/3425
f 3429/3429 3426/3426 3433/3433
f 3427/3427 3429/3429 3434/3434
f 3427/3427 3435/3435 3430/3430
f 3436/3436 3425/3425 3430/3430
f 3431/3431 3437/3437 3426/3426
f 3431/3431 3428/3428 3438/3438
f 3432/3432 3425/3425 3436/3436
f 3438/3438 3428/3428 3432/3432
f 3437/3437 3433/3433 3426/3426
f 3433/3433 3439/3439 3429/3429
f 3427/3427 3434/3434 3435/3435
f 3429/3429 3440/3440 3434/3434
f 3430/3430 3435/3435 3441/3441
f 3417/3417 3436/3436 3430/3430
f 3442/3442 3437/3437 3431/3431
f 3443/3443 3431/3431 3438/3438
f 3436/3436 3444/3444 3432/3432
f 3444/3444 3438/3438 3432/3432
f 3445/3445 3433/3433 3437/3437
f 3440/3440 3429/3429 3439/3439
f 3441/3441 3446/3446 3430/3430
f 3447/3447 3436/3436 3417/3417
f 3430/3430 3446/3446 3417/3417
f 3437/3437 3442/3442 3448/3448
f 3431/3431 3449/3449 3442/3442
f 3443/3443 3449/3449 3431/3431
f 3443/3443 3438/3438 3450/3450
f 3444/3444 3436/3436 3447/3447
f 3451/3451 3438/3438 3444/3444
f 3448/3448 3445/3445 3437/3437
f 3433/3433 3445/3445 3452/3452
f 3453/3453 3447/3447 3417/3417
f 3442/3442 3454/3454 3448/3448
f 3455/3455 3442/3442 3449/3449
f 3456/3456 3449/3449 3443/3443
f 3457/3457 3443/3443 3450/3450
f 3450/3450 3438/3438 3451/3451
f 3447/3447 3451/3451 3444/3444
f 3448/3448 3458/3458 3445/3445
f 3445/3445 3458/3458 3452/3452
f 3409/3409 3453/3453 3417/3417
f 3459/3459 3447/3447 3453/3453
f 3442/3442 3455/3455 3454/3454
f 3448/3448 3454/3454 3460/3460
f 3449/3449 3454/3454 3455/3455
f 3449/3449 3456/3456 3454/3454
f 3443/3443 3461/3461 3456/3456
f 3457/3457 3450/3450 3415/3415
f 3462/3462 3443/3443 3457/3457
f 3450/3450 3451/3451 3459/3459
f 3447/3447 3459/3459 3451/3451
f 3458/3458 3448/3448 3463/3463
f 3452/3452 3458/3458 3463/3463
f 3409/3409 3464/3464 3453/3453
f 3459/3459 3453/3453 3464/3464
f 3465/3465 3460/3460 3454/3454
f 3463/3463 3448/3448 3460/3460
f 3466/3466 3454/3454 3456/3456
f 3466/3466 3456/3456 3461/3461
f 3461/3461 3443/3443 3462/3462
f 3415/3415 3450/3450 3467/3467
f 3390/3390 3457/3457 3415/3415
f 3468/3468 3462/3462 3457/3457
f 3459/3459 3467/3467 3450/3450
f 3415/3415 3464/3464 3409/3409
f 3464/3464 3467/3467 3459/3459
f 3465/3465 3454/3454 3466/3466
f 3460/3460 3465/3465 3469/3469
f 3461/3461 3470/3470 3466/3466
f 3462/3462 3468/3468 3461/3461
f 3464/3464 3415/3415 3467/3467
f 3457/3457 3390/3390 3468/3468
f 3471/3471 3465/3465 3466/3466
f 3472/3472 3469/3469 3465/3465
f 3470/3470 3473/3473 3466/3466
f 3468/3468 3470/3470 3461/3461
f 3390/3390 3474/3474 3468/3468
f 3473/3473 3471/3471 3466/3466
f 3465/3465 3471/3471 3472/3472
f 3469/3469 3472/3472 3475/3475
f 3395/3395 3473/3473 3470/3470
f 3474/3474 3470/3470 3468/3468
f 3390/3390 3395/3395 3474/3474
f 3473/3473 3476/3476 3471/3471
f 3471/3471 3476/3476 3472/3472
f 3475/3475 3472/3472 3477/3477
f 3395/3395 3398/3398 3473/3473
f 3474/3474 3395/3395 3470/3470
f 3398/3398 3476/3476 3473/3473
f 3472/3472 3476/3476 3477/3477
f 3475/3475 3477/3477 3478/3478
f 3398/3398 3479/3479 3476/3476
f 3476/3476 3480/3480 3477/3477
f 3478/3478 3477/3477 3480/3480
f 3478/3478 3481/3481 3475/3475
f 3480/3480 3476/3476 3479/3479
f 3480/3480 3482/3482 3478/3478
f 3478/3478 3483/3483 3481/3481
f 3479/3479 3482/3482 3480/3480
f 3483/3483 3478/3478 3482/3482
f 3483/3483 3484/3484 3481/3481
f 3482/3482 3485/3485 3483/3483
f 3485/3485 3484/3484 3483/3483
f 615/615 6028/6028 6029/6029
f 615/615 432/432 6028/6028
f 440/440 6011/6011 6027/6027
f 432/432 6026/6026 6028/6028
f 434/434 6027/6027 6025/6025
f 432/432 6024/6024 6026/6026
f 432/432 428/428 6024/6024
f 434/434 6025/6025 6023/6023
f 428/428 6022/6022 6024/6024
f 434/434 6023/6023 6021/6021
f 428/428 6007/6007 6022/6022
f 434/434 6021/6021 6009/6009
f 609/609 6018/6018 6020/6020
f 609/609 602/602 6018/6018
f 597/597 6019/6019 6017/6017
f 470/470 6003/6003 6016/6016
f 470/470 69/69 6003/6003
f 462/462 6014/6014 6015/6015
f 470/470 6016/6016 6013/6013
f 462/462 6015/6015 6012/6012
f 457/457 6012/6012 6010/6010
f 431/431 6009/6009 6008/6008
f 429/429 6008/6008 6006/6006
f 71/71 6005/6005 6004/6004
f 71/71 6004/6004 6001/6001
f 71/71 6001/6001 70/70
f 69/69 6002/6002 6003/6003
f 5934/5934 5955/5955 6167/6167
f 5924/5924 5934/5934 6166/6166
f 5925/5925 5927/5927 6164/6164
f 5925/5925 6163/6163 5926/5926
f 5925/5925 6161/6161 6162/6162
f 5923/5923 5924/5924 6159/6159
f 5922/5922 6155/6155 6156/6156
f 5922/5922 5923/5923 6155/6155
f 1145/1145 6152/6152 1147/1147
f 1140/1140 6149/6149 1145/1145
f 1027/1027 6141/6141 1028/1028
f 1027/1027 6139/6139 6140/6140
f 5921/5921 1238/1238 6138/6138
f 1213/1213 5921/5921 6136/6136
f 3251/3251 3487/3487 3259/3259
f 3488/3488 3487/3487 3251/3251
f 3489/3489 3259/3259 3487/3487
f 3251/3251 3490/3490 3488/3488
f 3488/3488 3491/3491 3487/3487
f 3259/3259 3489/3489 2592/2592
f 3487/3487 3491/3491 3489/3489
f 3492/3492 3488/3488 3490/3490
f 3244/3244 3490/3490 3251/3251
f 3488/3488 3493/3493 3491/3491
f 2592/2592 3489/3489 3494/3494
f 2593/2593 3259/3259 2592/2592
f 3489/3489 3491/3491 3495/3495
f 3492/3492 3496/3496 3488/3488
f 3497/3497 3492/3492 3490/3490
f 3497/3497 3490/3490 3244/3244
f 3488/3488 3496/3496 3493/3493
f 3491/3491 3493/3493 3498/3498
f 3489/3489 3499/3499 3494/3494
f 2592/2592 3494/3494 2587/2587
f 3495/3495 3491/3491 3500/3500
f 3501/3501 3489/3489 3495/3495
f 3492/3492 3502/3502 3496/3496
f 3502/3502 3492/3492 3497/3497
f 3503/3503 3497/3497 3244/3244
f 3504/3504 3493/3493 3496/3496
f 3491/3491 3498/3498 3500/3500
f 3498/3498 3493/3493 2450/2450
f 3489/3489 3501/3501 3499/3499
f 3505/3505 3494/3494 3499/3499
f 2587/2587 3494/3494 3506/3506
f 3500/3500 3507/3507 3495/3495
f 3501/3501 3495/3495 3508/3508
f 3509/3509 3496/3496 3502/3502
f 3503/3503 3502/3502 3497/3497
f 3239/3239 3503/3503 3244/3244
f 3493/3493 3504/3504 2450/2450
f 3504/3504 3496/3496 3510/3510
f 3500/3500 3498/3498 2450/2450
f 3511/3511 3499/3499 3501/3501
f 3494/3494 3505/3505 3512/3512
f 3499/3499 3511/3511 3505/3505
f 3512/3512 3506/3506 3494/3494
f 3500/3500 2457/2457 3507/3507
f 3508/3508 3495/3495 3507/3507
f 3501/3501 3508/3508 3513/3513
f 3502/3502 3514/3514 3509/3509
f 3510/3510 3496/3496 3509/3509
f 3503/3503 3514/3514 3502/3502
f 3515/3515 3503/3503 3239/3239
f 3504/3504 2433/2433 2450/2450
f 2433/2433 3504/3504 3510/3510
f 2457/2457 3500/3500 2450/2450
f 3501/3501 3513/3513 3511/3511
f 3505/3505 3516/3516 3512/3512
f 3516/3516 3505/3505 3511/3511
f 3507/3507 2457/2457 2466/2466
f 3507/3507 3517/3517 3508/3508
f 3518/3518 3509/3509 3514/3514
f 3509/3509 3519/3519 3510/3510
f 3503/3503 3518/3518 3514/3514
f 3515/3515 3520/3520 3503/3503
f 3510/3510 2432/2432 2433/2433
f 3511/3511 3513/3513 3521/3521
f 3511/3511 3521/3521 3516/3516
f 3507/3507 2466/2466 3517/3517
f 3519/3519 3509/3509 3518/3518
f 3519/3519 2432/2432 3510/3510
f 3520/3520 3518/3518 3503/3503
f 3522/3522 3520/3520 3515/3515
f 3517/3517 2466/2466 2468/2468
f 3518/3518 3523/3523 3519/3519
f 3519/3519 2439/2439 2432/2432
f 3520/3520 3523/3523 3518/3518
f 3522/3522 3523/3523 3520/3520
f 3523/3523 2439/2439 3519/3519
f 3522/3522 3524/3524 3523/3523
f 3523/3523 3525/3525 2439/2439
f 3524/3524 3525/3525 3523/3523
f 3524/3524 3526/3526 3525/3525
f 1220/1220 1213/1213 6132/6132
f 1220/1220 6130/6130 6129/6129
f 5913/5913 5915/5915 6127/6127
f 5912/5912 6125/6125 6124/6124
f 5851/5851 6122/6122 5861/5861
f 5851/5851 6120/6120 6121/6121
f 5911/5911 6118/6118 6119/6119
f 5911/5911 5870/5870 6118/6118
f 5909/5909 6117/6117 6116/6116
f 5899/5899 5903/5903 6113/6113
f 5897/5897 5899/5899 6112/6112
f 5898/5898 6110/6110 6111/6111
f 5898/5898 5897/5897 6110/6110
f 5889/5889 6106/6106 6107/6107
f 5889/5889 5888/5888 6106/6106
f 5876/5876 5878/5878 6102/6102
f 5871/5871 6099/6099 6098/6098
f 5843/5843 6092/6092 6093/6093
f 5843/5843 5844/5844 6092/6092
f 3604/3604 6087/6087 6088/6088
f 3604/3604 3600/3600 6087/6087
f 3595/3595 6086/6086 3597/3597
f 3589/3589 3590/3590 6081/6081
f 3589/3589 6079/6079 6078/6078
f 3486/3486 6077/6077 6076/6076
f 1284/1284 6074/6074 1300/1300
f 1254/1254 6068/6068 6069/6069
f 1254/1254 1247/1247 6068/6068
f 1022/1022 6067/6067 1027/1027
f 1018/1018 6065/6065 1022/1022
f 1001/1001 6056/6056 6057/6057
f 1001/1001 994/994 6056/6056
f 984/984 995/995 6052/6052
f 984/984 6051/6051 6050/6050
f 984/984 6050/6050 994/994
f 978/978 6048/6048 6049/6049
f 978/978 989/989 6048/6048
f 708/708 6044/6044 6043/6043
f 708/708 6043/6043 709/709
f 72/72 6036/6036 6037/6037
f 444/444 6033/6033 616/616
f 434/434 440/440 6027/6027
f 602/602 6017/6017 6018/6018
f 602/602 597/597 6017/6017
f 462/462 6013/6013 6014/6014
f 462/462 470/470 6013/6013
f 457/457 462/462 6012/6012
f 440/440 6010/6010 6011/6011
f 440/440 457/457 6010/6010
f 431/431 434/434 6009/6009
f 429/429 431/431 6008/6008
f 428/428 6006/6006 6007/6007
f 428/428 429/429 6006/6006
f 69/69 6001/6001 6002/6002
f 69/69 70/70 6001/6001
f 3654/3654 3652/3652 3649/3649
f 2070/2070 5998/5998 1902/1902
f 1902/1902 5998/5998 1901/1901
f 5999/5999 6000/6000 1901/1901
f 1901/1901 5998/5998 5999/5999
f 2066/2066 2055/2055 2064/2064
f 2072/2072 2064/2064 2061/2061
f 2072/2072 2071/2071 5997/5997
f 5997/5997 2064/2064 2072/2072
f 5996/5996 5985/5985 5984/5984
f 2067/2067 2066/2066 5993/5993
f 5995/5995 5994/5994 5993/5993
f 2067/2067 5993/5993 5994/5994
f 3527/3527 1468/1468 1467/1467
f 5991/5991 3654/3654 3653/3653
f 5988/5988 3653/3653 5992/5992
f 5988/5988 5991/5991 3653/3653
f 5988/5988 5987/5987 5991/5991
f 5988/5988 5990/5990 5989/5989
f 3662/3662 3664/3664 5989/5989
f 5989/5989 3664/3664 5988/5988
f 3664/3664 5987/5987 5988/5988
f 5987/5987 3664/3664 3663/3663
f 5987/5987 3663/3663 5962/5962
f 5986/5986 5966/5966 5967/5967
f 5983/5983 5984/5984 5985/5985
f 5983/5983 5982/5982 5984/5984
f 5983/5983 5981/5981 5982/5982
f 5979/5979 5982/5982 5981/5981
f 5979/5979 5981/5981 5980/5980
f 5980/5980 5978/5978 5979/5979
f 5978/5978 5977/5977 5979/5979
f 5978/5978 5976/5976 5977/5977
f 5974/5974 5977/5977 5976/5976
f 5976/5976 5975/5975 5974/5974
f 5973/5973 5974/5974 5975/5975
f 5973/5973 5972/5972 5974/5974
f 5973/5973 5971/5971 5972/5972
f 5970/5970 5972/5972 5971/5971
f 5969/5969 5970/5970 5971/5971
f 5968/5968 5970/5970 5969/5969
f 5969/5969 5967/5967 5968/5968
f 5965/5965 5968/5968 5967/5967
f 5966/5966 5965/5965 5967/5967
f 5966/5966 5964/5964 5965/5965
f 5963/5963 5965/5965 5964/5964
f 5964/5964 5958/5958 5963/5963
f 5957/5957 5963/5963 5958/5958
f 3663/3663 5961/5961 5962/5962
f 5960/5960 5962/5962 5961/5961
f 5960/5960 5961/5961 5957/5957
f 5959/5959 5960/5960 5957/5957
f 5957/5957 5958/5958 5959/5959
f 5944/5944 5951/5951 5956/5956
f 5934/5934 5944/5944 5956/5956
f 5955/5955 5934/5934 5956/5956
f 5931/5931 5954/5954 5927/5927
f 5953/5953 5927/5927 5954/5954
f 5927/5927 5953/5953 5928/5928
f 5953/5953 5945/5945 5928/5928
f 5952/5952 5949/5949 5946/5946
f 5945/5945 5952/5952 5946/5946
f 5950/5950 5951/5951 5944/5944
f 5936/5936 5950/5950 5944/5944
f 5946/5946 5949/5949 5947/5947
f 5949/5949 5948/5948 5947/5947
f 5947/5947 5948/5948 5942/5942
f 5947/5947 5942/5942 5941/5941
f 5933/5933 5947/5947 5941/5941
f 5947/5947 5933/5933 5946/5946
f 5946/5946 5929/5929 5945/5945
f 5946/5946 5933/5933 5929/5929
f 5922/5922 5929/5929 5933/5933
f 5945/5945 5929/5929 5928/5928
f 5936/5936 5944/5944 5934/5934
f 5943/5943 5937/5937 5942/5942
f 5942/5942 5937/5937 5941/5941
f 5941/5941 5940/5940 5933/5933
f 5940/5940 5941/5941 5937/5937
f 5933/5933 5940/5940 5932/5932
f 5940/5940 5935/5935 5932/5932
f 5937/5937 5935/5935 5940/5940
f 5938/5938 5939/5939 5936/5936
f 5938/5938 5936/5936 5937/5937
f 5937/5937 5936/5936 5935/5935
f 5934/5934 5935/5935 5936/5936
f 5935/5935 5934/5934 5932/5932
f 5932/5932 5934/5934 5924/5924
f 5933/5933 5932/5932 5930/5930
f 5922/5922 5933/5933 5930/5930
f 5923/5923 5932/5932 5924/5924
f 5923/5923 5930/5930 5932/5932
f 5925/5925 5931/5931 5927/5927
f 5923/5923 5922/5922 5930/5930
f 5929/5929 5922/5922 5928/5928
f 5928/5928 5922/5922 5927/5927
f 1238/1238 5921/5921 1219/1219
f 5921/5921 1205/1205 1219/1219
f 1213/1213 1205/1205 5921/5921
f 5919/5919 5918/5918 2635/2635
f 5918/5918 5919/5919 5920/5920
f 5918/5918 2634/2634 2635/2635
f 2632/2632 2634/2634 5917/5917
f 5917/5917 2634/2634 5918/5918
f 5894/5894 5896/5896 5916/5916
f 5910/5910 5865/5865 5868/5868
f 5910/5910 5868/5868 5867/5867
f 5910/5910 5867/5867 5911/5911
f 5911/5911 5867/5867 5870/5870
f 5910/5910 5792/5792 5865/5865
f 5907/5907 5878/5878 5879/5879
f 5904/5904 5906/5906 5905/5905
f 5897/5897 5904/5904 5905/5905
f 5897/5897 5905/5905 5900/5900
f 5895/5895 5904/5904 5897/5897
f 5903/5903 5899/5899 5902/5902
f 5901/5901 5902/5902 5899/5899
f 5899/5899 5900/5900 5901/5901
f 5897/5897 5900/5900 5899/5899
f 5896/5896 5897/5897 5898/5898
f 5896/5896 5895/5895 5897/5897
f 5896/5896 5894/5894 5895/5895
f 5894/5894 5892/5892 5895/5895
f 5893/5893 5892/5892 5894/5894
f 5892/5892 5893/5893 5891/5891
f 5891/5891 5886/5886 5892/5892
f 5886/5886 5891/5891 5885/5885
f 5889/5889 5887/5887 5888/5888
f 5888/5888 5887/5887 5880/5880
f 5880/5880 5887/5887 5883/5883
f 5885/5885 5884/5884 5886/5886
f 5885/5885 5879/5879 5884/5884
f 5879/5879 5877/5877 5884/5884
f 5880/5880 5883/5883 5881/5881
f 5872/5872 5882/5882 5873/5873
f 5872/5872 5881/5881 5882/5882
f 5881/5881 5872/5872 5880/5880
f 5878/5878 5877/5877 5879/5879
f 5878/5878 5876/5876 5877/5877
f 5875/5875 5877/5877 5876/5876
f 5875/5875 5876/5876 5874/5874
f 5874/5874 5871/5871 5875/5875
f 5872/5872 5873/5873 5871/5871
f 5870/5870 5869/5869 3486/3486
f 5869/5869 5870/5870 5867/5867
f 5867/5867 5866/5866 5869/5869
f 5868/5868 5865/5865 5867/5867
f 5867/5867 5865/5865 5866/5866
f 5865/5865 5799/5799 5866/5866
f 5799/5799 5865/5865 5792/5792
f 5862/5862 5864/5864 5856/5856
f 5830/5830 5860/5860 5863/5863
f 5861/5861 5862/5862 5849/5849
f 5848/5848 5849/5849 5862/5862
f 5862/5862 5856/5856 5848/5848
f 5850/5850 5851/5851 5861/5861
f 5861/5861 5849/5849 5850/5850
f 5830/5830 5857/5857 5860/5860
f 5860/5860 5857/5857 5858/5858
f 5859/5859 5858/5858 5831/5831
f 5831/5831 5858/5858 5857/5857
f 5857/5857 5830/5830 5831/5831
f 5848/5848 5856/5856 5847/5847
f 5855/5855 5835/5835 5838/5838
f 5841/5841 5855/5855 5838/5838
f 5841/5841 5854/5854 5855/5855
f 5853/5853 5854/5854 5841/5841
f 5845/5845 5853/5853 5841/5841
f 5842/5842 5840/5840 5852/5852
f 5837/5837 5852/5852 5840/5840
f 5846/5846 5850/5850 5849/5849
f 5849/5849 5848/5848 5846/5846
f 5847/5847 5846/5846 5848/5848
f 5845/5845 5846/5846 5847/5847
f 5846/5846 5845/5845 5843/5843
f 5843/5843 5845/5845 5841/5841
f 5844/5844 5843/5843 5842/5842
f 5843/5843 5841/5841 5842/5842
f 5842/5842 5841/5841 5840/5840
f 5841/5841 5838/5838 5840/5840
f 5840/5840 5839/5839 5837/5837
f 5837/5837 5839/5839 5836/5836
f 5839/5839 5840/5840 5838/5838
f 5836/5836 5839/5839 5838/5838
f 5838/5838 5835/5835 5836/5836
f 5834/5834 5837/5837 5836/5836
f 5836/5836 5835/5835 5834/5834
f 5833/5833 5834/5834 5835/5835
f 5835/5835 5776/5776 5833/5833
f 5834/5834 5833/5833 5787/5787
f 5833/5833 5776/5776 5787/5787
f 5832/5832 5827/5827 5820/5820
f 5817/5817 5832/5832 5820/5820
f 5816/5816 5832/5832 5817/5817
f 5828/5828 5831/5831 5830/5830
f 5829/5829 5828/5828 5830/5830
f 5828/5828 5829/5829 5826/5826
f 5826/5826 5824/5824 5828/5828
f 5823/5823 5828/5828 5824/5824
f 5827/5827 5828/5828 5823/5823
f 5827/5827 5823/5823 5820/5820
f 5820/5820 5823/5823 5821/5821
f 5824/5824 5826/5826 5825/5825
f 5825/5825 5822/5822 5824/5824
f 5823/5823 5824/5824 5822/5822
f 5822/5822 5821/5821 5823/5823
f 5821/5821 5822/5822 5819/5819
f 5820/5820 5821/5821 5819/5819
f 5817/5817 5820/5820 5819/5819
f 5817/5817 5819/5819 5818/5818
f 5818/5818 5808/5808 5817/5817
f 5817/5817 5814/5814 5816/5816
f 5814/5814 5817/5817 5808/5808
f 5814/5814 5815/5815 5816/5816
f 5795/5795 5815/5815 5814/5814
f 5795/5795 5814/5814 5808/5808
f 5812/5812 5813/5813 5805/5805
f 5810/5810 5805/5805 5813/5813
f 5812/5812 5805/5805 5811/5811
f 5811/5811 5777/5777 5806/5806
f 5805/5805 5777/5777 5811/5811
f 5800/5800 5805/5805 5810/5810
f 5809/5809 5800/5800 5810/5810
f 5800/5800 5809/5809 5804/5804
f 5790/5790 5807/5807 5798/5798
f 5795/5795 5808/5808 5807/5807
f 5795/5795 5807/5807 5790/5790
f 5777/5777 5780/5780 5806/5806
f 5780/5780 5796/5796 5806/5806
f 5778/5778 5777/5777 5805/5805
f 5800/5800 5778/5778 5805/5805
f 5804/5804 5802/5802 5800/5800
f 5799/5799 5801/5801 5803/5803
f 5801/5801 5802/5802 5803/5803
f 5802/5802 5801/5801 5800/5800
f 5791/5791 5801/5801 5799/5799
f 5791/5791 5779/5779 5801/5801
f 5801/5801 5779/5779 5800/5800
f 5779/5779 5778/5778 5800/5800
f 5792/5792 5791/5791 5799/5799
f 5790/5790 5798/5798 5797/5797
f 5785/5785 5790/5790 5797/5797
f 5785/5785 5797/5797 5793/5793
f 5780/5780 5794/5794 5796/5796
f 5789/5789 5795/5795 5790/5790
f 5780/5780 5782/5782 5794/5794
f 5794/5794 5782/5782 5793/5793
f 5782/5782 5785/5785 5793/5793
f 5791/5791 5792/5792 5788/5788
f 5791/5791 5786/5786 5779/5779
f 5791/5791 5788/5788 5786/5786
f 5789/5789 5790/5790 5785/5785
f 5783/5783 5789/5789 5784/5784
f 5785/5785 5784/5784 5789/5789
f 5788/5788 5787/5787 5786/5786
f 5787/5787 5775/5775 5786/5786
f 5787/5787 5776/5776 5775/5775
f 5786/5786 5775/5775 5779/5779
f 5784/5784 5785/5785 5782/5782
f 5783/5783 5784/5784 5782/5782
f 5773/5773 5783/5783 5781/5781
f 5782/5782 5781/5781 5783/5783
f 5781/5781 5782/5782 5780/5780
f 5773/5773 5781/5781 5774/5774
f 5780/5780 5774/5774 5781/5781
f 5774/5774 5780/5780 5777/5777
f 5778/5778 5779/5779 5775/5775
f 5775/5775 5777/5777 5778/5778
f 5777/5777 5775/5775 5774/5774
f 5776/5776 5772/5772 5775/5775
f 5775/5775 5772/5772 5774/5774
f 5772/5772 5773/5773 5774/5774
f 5771/5771 5728/5728 5750/5750
f 5750/5750 5758/5758 5771/5771
f 5764/5764 5770/5770 5765/5765
f 5771/5771 5758/5758 5767/5767
f 5765/5765 5770/5770 5769/5769
f 5765/5765 5769/5769 5768/5768
f 5758/5758 5759/5759 5767/5767
f 5759/5759 5765/5765 5768/5768
f 5767/5767 5759/5759 5768/5768
f 5758/5758 5753/5753 5759/5759
f 5766/5766 5763/5763 5757/5757
f 5762/5762 5763/5763 5766/5766
f 5765/5765 5759/5759 5761/5761
f 5761/5761 5764/5764 5765/5765
f 5757/5757 5763/5763 5760/5760
f 5757/5757 5760/5760 5754/5754
f 5762/5762 5764/5764 5761/5761
f 5763/5763 5762/5762 5760/5760
f 5760/5760 5762/5762 5761/5761
f 5759/5759 5753/5753 5754/5754
f 5760/5760 5761/5761 5759/5759
f 5759/5759 5754/5754 5760/5760
f 5758/5758 5750/5750 5731/5731
f 5753/5753 5758/5758 5731/5731
f 5754/5754 5756/5756 5757/5757
f 5755/5755 5756/5756 5754/5754
f 5754/5754 5752/5752 5755/5755
f 5754/5754 5753/5753 5752/5752
f 5731/5731 5752/5752 5753/5753
f 5731/5731 5751/5751 5752/5752
f 5731/5731 5750/5750 5728/5728
f 5749/5749 5748/5748 2632/2632
f 5748/5748 5725/5725 2633/2633
f 2632/2632 5748/5748 2633/2633
f 5746/5746 4699/4699 5747/5747
f 5746/5746 4686/4686 4699/4699
f 4683/4683 4686/4686 5746/5746
f 1530/1530 5745/5745 1536/1536
f 1528/1528 5745/5745 1530/1530
f 1528/1528 1526/1526 5745/5745
f 1525/1525 5743/5743 1526/1526
f 1526/1526 5743/5743 5745/5745
f 5745/5745 5743/5743 5744/5744
f 5739/5739 5744/5744 5738/5738
f 5744/5744 5743/5743 5738/5738
f 5743/5743 1525/1525 5738/5738
f 1522/1522 1521/1521 2571/2571
f 1525/1525 1523/1523 5738/5738
f 5742/5742 5732/5732 5741/5741
f 5732/5732 5742/5742 5735/5735
f 2573/2573 5661/5661 5740/5740
f 5734/5734 5741/5741 5732/5732
f 5734/5734 5740/5740 5741/5741
f 2573/2573 5740/5740 5734/5734
f 5738/5738 5737/5737 5739/5739
f 1523/1523 5733/5733 5738/5738
f 5738/5738 5733/5733 5737/5737
f 5736/5736 5737/5737 5733/5733
f 5736/5736 5733/5733 5735/5735
f 5733/5733 5732/5732 5735/5735
f 2571/2571 2573/2573 5734/5734
f 2571/2571 5734/5734 1522/1522
f 5734/5734 5732/5732 1522/1522
f 1523/1523 1522/1522 5733/5733
f 1522/1522 5732/5732 5733/5733
f 2636/2636 2633/2633 3527/3527
f 2636/2636 3527/3527 5664/5664
f 5728/5728 5730/5730 5731/5731
f 5730/5730 5728/5728 1422/1422
f 5729/5729 5664/5664 3527/3527
f 3527/3527 1467/1467 5729/5729
f 5728/5728 1423/1423 1422/1422
f 5728/5728 1467/1467 1423/1423
f 5728/5728 5729/5729 1467/1467
f 5727/5727 5722/5722 5718/5718
f 5726/5726 5727/5727 5718/5718
f 5725/5725 5726/5726 5718/5718
f 2633/2633 5725/5725 5718/5718
f 2633/2633 5718/5718 5717/5717
f 5717/5717 3527/3527 2633/2633
f 1423/1423 5719/5719 1424/1424
f 1423/1423 1468/1468 5719/5719
f 5721/5721 5724/5724 5723/5723
f 5723/5723 5720/5720 5721/5721
f 5720/5720 5723/5723 5719/5719
f 5718/5718 5722/5722 5721/5721
f 5718/5718 5721/5721 5720/5720
f 1468/1468 3527/3527 5717/5717
f 5718/5718 5720/5720 5719/5719
f 5717/5717 5719/5719 1468/1468
f 3528/3528 3529/3529 3530/3530
f 3531/3531 3529/3529 3528/3528
f 3532/3532 3530/3530 3529/3529
f 3533/3533 3528/3528 3530/3530
f 3528/3528 3534/3534 3531/3531
f 3531/3531 3535/3535 3529/3529
f 3530/3530 3532/3532 3524/3524
f 3532/3532 3529/3529 3536/3536
f 3528/3528 3533/3533 3537/3537
f 3530/3530 3538/3538 3533/3533
f 3534/3534 3528/3528 3539/3539
f 3540/3540 3531/3531 3534/3534
f 3535/3535 3531/3531 3541/3541
f 3529/3529 3535/3535 3536/3536
f 3530/3530 3524/3524 3538/3538
f 3532/3532 3526/3526 3524/3524
f 3526/3526 3532/3532 3536/3536
f 3542/3542 3537/3537 3533/3533
f 3537/3537 3539/3539 3528/3528
f 3533/3533 3538/3538 3543/3543
f 3544/3544 3534/3534 3539/3539
f 3541/3541 3531/3531 3540/3540
f 3540/3540 3534/3534 3544/3544
f 3541/3541 3545/3545 3535/3535
f 3535/3535 3546/3546 3536/3536
f 3524/3524 3522/3522 3538/3538
f 3536/3536 3546/3546 3526/3526
f 3537/3537 3542/3542 3547/3547
f 3533/3533 3543/3543 3542/3542
f 3547/3547 3539/3539 3537/3537
f 3543/3543 3538/3538 3548/3548
f 3549/3549 3544/3544 3539/3539
f 3540/3540 3550/3550 3541/3541
f 3544/3544 3551/3551 3540/3540
f 3541/3541 3552/3552 3545/3545
f 3546/3546 3535/3535 3545/3545
f 3548/3548 3538/3538 3522/3522
f 3547/3547 3542/3542 3553/3553
f 3554/3554 3542/3542 3543/3543
f 3549/3549 3539/3539 3547/3547
f 3543/3543 3548/3548 3554/3554
f 3549/3549 3551/3551 3544/3544
f 3550/3550 3555/3555 3541/3541
f 3556/3556 3540/3540 3551/3551
f 3557/3557 3552/3552 3541/3541
f 3515/3515 3548/3548 3522/3522
f 3558/3558 3553/3553 3542/3542
f 3553/3553 3559/3559 3547/3547
f 3560/3560 3542/3542 3554/3554
f 3549/3549 3547/3547 3561/3561
f 3562/3562 3554/3554 3548/3548
f 3563/3563 3551/3551 3549/3549
f 3550/3550 3564/3564 3555/3555
f 3555/3555 3565/3565 3541/3541
f 3563/3563 3556/3556 3551/3551
f 3566/3566 3540/3540 3556/3556
f 3541/3541 3565/3565 3557/3557
f 3562/3562 3548/3548 3515/3515
f 3558/3558 3559/3559 3553/3553
f 3558/3558 3542/3542 3560/3560
f 3561/3561 3547/3547 3559/3559
f 3560/3560 3554/3554 3223/3223
f 3561/3561 3563/3563 3549/3549
f 3223/3223 3554/3554 3562/3562
f 3566/3566 3564/3564 3550/3550
f 3564/3564 3565/3565 3555/3555
f 3567/3567 3556/3556 3563/3563
f 3556/3556 3568/3568 3566/3566
f 3569/3569 3557/3557 3565/3565
f 3239/3239 3562/3562 3515/3515
f 3570/3570 3559/3559 3558/3558
f 3560/3560 3220/3220 3558/3558
f 3570/3570 3561/3561 3559/3559
f 3220/3220 3560/3560 3223/3223
f 3561/3561 3571/3571 3563/3563
f 3223/3223 3562/3562 3239/3239
f 3572/3572 3564/3564 3566/3566
f 3564/3564 3569/3569 3565/3565
f 3568/3568 3556/3556 3567/3567
f 3571/3571 3567/3567 3563/3563
f 3573/3573 3566/3566 3568/3568
f 3569/3569 3574/3574 3557/3557
f 3570/3570 3558/3558 3575/3575
f 3575/3575 3558/3558 3220/3220
f 3571/3571 3561/3561 3570/3570
f 3566/3566 3573/3573 3572/3572
f 3572/3572 3569/3569 3564/3564
f 3576/3576 3568/3568 3567/3567
f 3571/3571 3576/3576 3567/3567
f 3568/3568 3577/3577 3573/3573
f 3578/3578 3574/3574 3569/3569
f 3570/3570 3575/3575 3579/3579
f 3222/3222 3575/3575 3220/3220
f 3579/3579 3571/3571 3570/3570
f 3580/3580 3572/3572 3573/3573
f 3578/3578 3569/3569 3572/3572
f 3577/3577 3568/3568 3576/3576
f 3571/3571 3579/3579 3576/3576
f 3581/3581 3573/3573 3577/3577
f 3582/3582 3574/3574 3578/3578
f 3583/3583 3579/3579 3575/3575
f 3584/3584 3575/3575 3222/3222
f 3573/3573 3585/3585 3580/3580
f 3581/3581 3577/3577 3576/3576
f 3586/3586 3576/3576 3579/3579
f 3585/3585 3573/3573 3581/3581
f 3575/3575 3584/3584 3583/3583
f 3579/3579 3583/3583 3586/3586
f 3222/3222 3232/3232 3584/3584
f 3581/3581 3576/3576 3586/3586
f 3581/3581 3587/3587 3585/3585
f 3584/3584 3588/3588 3583/3583
f 3232/3232 3588/3588 3584/3584
f 3586/3586 3587/3587 3581/3581
f 5717/5717 5718/5718 5719/5719
f 5715/5715 5661/5661 2573/2573
f 5661/5661 5715/5715 5713/5713
f 5661/5661 5714/5714 5662/5662
f 5713/5713 5714/5714 5661/5661
f 5662/5662 5716/5716 5700/5700
f 5714/5714 5716/5716 5662/5662
f 5700/5700 5716/5716 5708/5708
f 5714/5714 5708/5708 5716/5716
f 2578/2578 2622/2622 2576/2576
f 2574/2574 2630/2630 2572/2572
f 2573/2573 2572/2572 5715/5715
f 2630/2630 2629/2629 2631/2631
f 2631/2631 2572/2572 2630/2630
f 2622/2622 2578/2578 5710/5710
f 2623/2623 2622/2622 5710/5710
f 2631/2631 5715/5715 2572/2572
f 2631/2631 5713/5713 5715/5715
f 2623/2623 5713/5713 2631/2631
f 5712/5712 5708/5708 5714/5714
f 5714/5714 5713/5713 5712/5712
f 2623/2623 5712/5712 5713/5713
f 5712/5712 2623/2623 5710/5710
f 5712/5712 5710/5710 5708/5708
f 5709/5709 5711/5711 2582/2582
f 5709/5709 2578/2578 5711/5711
f 5709/5709 5710/5710 2578/2578
f 3591/3591 3590/3590 3589/3589
f 5708/5708 5710/5710 5709/5709
f 5708/5708 5709/5709 2582/2582
f 5708/5708 2582/2582 5700/5700
f 5706/5706 5701/5701 5707/5707
f 5707/5707 5702/5702 5705/5705
f 5701/5701 5702/5702 5707/5707
f 3593/3593 3590/3590 3591/3591
f 3589/3589 3594/3594 3591/3591
f 5706/5706 5700/5700 5701/5701
f 5705/5705 5702/5702 5704/5704
f 5702/5702 5703/5703 5704/5704
f 2579/2579 5703/5703 5702/5702
f 2580/2580 2579/2579 5702/5702
f 5702/5702 5701/5701 2580/2580
f 5701/5701 5700/5700 2580/2580
f 3589/3589 3592/3592 3594/3594
f 3596/3596 3593/3593 3591/3591
f 3591/3591 3594/3594 3592/3592
f 5700/5700 2582/2582 2580/2580
f 5698/5698 5699/5699 5697/5697
f 5696/5696 5698/5698 5697/5697
f 5696/5696 5697/5697 5694/5694
f 5695/5695 5696/5696 5694/5694
f 5692/5692 5695/5695 5694/5694
f 5692/5692 5694/5694 5693/5693
f 5692/5692 5693/5693 5691/5691
f 3598/3598 3592/3592 3595/3595
f 3591/3591 3599/3599 3596/3596
f 3599/3599 3591/3591 3592/3592
f 5690/5690 5692/5692 5691/5691
f 5690/5690 5691/5691 5688/5688
f 5690/5690 5688/5688 5689/5689
f 5685/5685 5689/5689 5688/5688
f 5688/5688 5687/5687 5685/5685
f 5686/5686 5685/5685 5687/5687
f 5685/5685 5686/5686 5684/5684
f 3595/3595 3597/3597 3600/3600
f 3598/3598 3595/3595 3601/3601
f 3602/3602 3592/3592 3598/3598
f 3599/3599 3592/3592 3602/3602
f 5674/5674 5685/5685 5684/5684
f 5684/5684 5672/5672 5674/5674
f 5683/5683 5681/5681 5682/5682
f 5681/5681 5679/5679 5682/5682
f 5681/5681 5680/5680 5679/5679
f 5679/5679 5680/5680 5678/5678
f 3601/3601 3595/3595 3600/3600
f 3603/3603 3599/3599 3602/3602
f 5677/5677 5679/5679 5676/5676
f 5676/5676 5679/5679 5678/5678
f 5676/5676 5678/5678 5675/5675
f 5667/5667 5677/5677 5670/5670
f 5677/5677 5676/5676 5670/5670
f 5670/5670 5676/5676 5675/5675
f 3604/3604 3601/3601 3600/3600
f 3602/3602 3605/3605 3603/3603
f 5675/5675 5668/5668 5670/5670
f 5674/5674 5672/5672 5673/5673
f 5673/5673 5672/5672 5671/5671
f 5672/5672 5666/5666 5671/5671
f 5671/5671 5666/5666 5669/5669
f 5667/5667 5670/5670 5668/5668
f 5666/5666 5668/5668 5669/5669
f 5666/5666 5667/5667 5668/5668
f 2636/2636 5664/5664 5665/5665
f 3605/3605 3602/3602 3606/3606
f 5661/5661 5662/5662 5663/5663
f 1728/1728 1722/1722 1742/1742
f 1724/1724 1742/1742 1722/1722
f 1785/1785 1790/1790 1795/1795
f 3550/3550 3540/3540 3566/3566
f 167/167 5660/5660 165/165
f 5659/5659 4866/4866 4857/4857
f 4857/4857 5658/5658 5659/5659
f 2518/2518 1470/1470 1469/1469
f 5657/5657 523/523 522/522
f 5057/5057 5324/5324 5326/5326
f 5056/5056 5324/5324 5057/5057
f 1473/1473 1471/1471 1470/1470
f 484/484 460/460 473/473
f 3880/3880 3904/3904 3874/3874
f 4167/4167 350/350 4156/4156
f 4155/4155 4167/4167 4156/4156
f 2053/2053 5241/5241 5184/5184
f 5241/5241 2053/2053 2048/2048
f 2033/2033 3954/3954 2041/2041
f 4184/4184 5330/5330 4170/4170
f 4170/4170 5330/5330 4180/4180
f 1466/1466 1413/1413 1410/1410
f 3871/3871 3876/3876 3872/3872
f 1884/1884 5656/5656 5654/5654
f 1882/1882 1884/1884 5654/5654
f 5655/5655 1878/1878 1882/1882
f 1882/1882 5654/5654 5655/5655
f 1770/1770 1756/1756 1772/1772
f 5638/5638 5653/5653 5650/5650
f 5638/5638 5640/5640 5653/5653
f 5638/5638 5650/5650 5644/5644
f 5650/5650 5652/5652 5651/5651
f 5643/5643 5651/5651 5646/5646
f 5643/5643 5644/5644 5650/5650
f 5650/5650 5651/5651 5643/5643
f 5649/5649 5647/5647 5646/5646
f 5649/5649 5648/5648 5647/5647
f 5648/5648 5641/5641 5647/5647
f 5646/5646 5647/5647 5641/5641
f 5646/5646 5641/5641 5643/5643
f 5638/5638 5644/5644 5639/5639
f 5645/5645 5639/5639 5644/5644
f 5642/5642 5645/5645 5644/5644
f 5643/5643 5642/5642 5644/5644
f 5641/5641 5642/5642 5643/5643
f 5638/5638 5639/5639 5640/5640
f 1759/1759 1766/1766 1775/1775
f 1751/1751 1746/1746 1759/1759
f 1727/1727 1730/1730 1768/1768
f 1763/1763 1745/1745 1741/1741
f 5004/5004 327/327 334/334
f 2783/2783 2778/2778 2785/2785
f 2775/2775 2769/2769 2783/2783
f 2779/2779 2775/2775 5637/5637
f 5637/5637 2783/2783 2785/2785
f 2775/2775 2783/2783 5637/5637
f 1805/1805 1813/1813 5636/5636
f 5636/5636 1813/1813 5634/5634
f 5634/5634 1813/1813 5632/5632
f 1813/1813 1791/1791 5632/5632
f 1782/1782 5632/5632 1791/1791
f 5632/5632 1782/1782 1774/1774
f 1774/1774 1783/1783 5633/5633
f 5633/5633 1783/1783 5635/5635
f 5635/5635 5634/5634 5633/5633
f 5633/5633 5632/5632 1774/1774
f 5632/5632 5633/5633 5634/5634
f 2504/2504 2516/2516 2491/2491
f 2495/2495 2491/2491 2516/2516
f 5629/5629 5626/5626 5631/5631
f 5625/5625 5631/5631 5626/5626
f 5630/5630 5625/5625 5628/5628
f 5629/5629 5627/5627 5626/5626
f 5627/5627 5628/5628 5625/5625
f 5625/5625 5626/5626 5627/5627
f 2502/2502 5624/5624 2518/2518
f 5624/5624 2522/2522 2518/2518
f 2512/2512 2522/2522 5624/5624
f 2512/2512 5624/5624 2502/2502
f 2409/2409 3066/3066 2407/2407
f 2051/2051 5139/5139 2044/2044
f 5139/5139 5158/5158 5131/5131
f 5622/5622 5611/5611 5620/5620
f 5621/5621 5623/5623 5616/5616
f 5622/5622 5097/5097 5099/5099
f 5098/5098 5623/5623 5621/5621
f 5611/5611 5098/5098 5621/5621
f 5622/5622 5099/5099 5611/5611
f 5611/5611 5099/5099 5098/5098
f 5609/5609 5621/5621 5616/5616
f 5621/5621 5609/5609 5611/5611
f 5620/5620 5611/5611 5617/5617
f 5620/5620 5617/5617 5618/5618
f 3607/3607 3608/3608 3609/3609
f 3610/3610 3608/3608 3607/3607
f 3611/3611 3609/3609 3608/3608
f 3609/3609 3612/3612 3607/3607
f 3610/3610 3613/3613 3608/3608
f 3610/3610 3607/3607 3614/3614
f 3615/3615 3609/3609 3611/3611
f 3616/3616 3611/3611 3608/3608
f 3612/3612 3617/3617 3607/3607
f 3615/3615 3612/3612 3609/3609
f 3613/3613 3610/3610 3614/3614
f 3608/3608 3613/3613 3616/3616
f 3614/3614 3607/3607 3618/3618
f 3611/3611 3619/3619 3615/3615
f 3611/3611 3616/3616 3619/3619
f 3612/3612 3620/3620 3617/3617
f 3617/3617 3621/3621 3607/3607
f 3615/3615 3622/3622 3612/3612
f 3623/3623 3613/3613 3614/3614
f 3613/3613 3624/3624 3616/3616
f 3614/3614 3618/3618 3623/3623
f 3625/3625 3618/3618 3607/3607
f 3622/3622 3615/3615 3619/3619
f 3619/3619 3616/3616 3626/3626
f 3621/3621 3617/3617 3620/3620
f 3607/3607 3621/3621 3625/3625
f 3627/3627 3612/3612 3622/3622
f 3623/3623 3624/3624 3613/3613
f 3626/3626 3616/3616 3624/3624
f 3623/3623 3618/3618 3628/3628
f 3618/3618 3625/3625 3628/3628
f 3629/3629 3622/3622 3619/3619
f 3626/3626 3629/3629 3619/3619
f 3622/3622 3630/3630 3627/3627
f 3631/3631 3626/3626 3624/3624
f 3629/3629 3630/3630 3622/3622
f 3629/3629 3626/3626 3630/3630
f 3632/3632 3627/3627 3630/3630
f 3624/3624 3633/3633 3631/3631
f 3630/3630 3626/3626 3631/3631
f 3632/3632 3634/3634 3627/3627
f 3631/3631 3632/3632 3630/3630
f 3624/3624 3635/3635 3633/3633
f 3633/3633 3636/3636 3631/3631
f 3634/3634 3637/3637 3627/3627
f 3632/3632 3631/3631 3634/3634
f 3633/3633 3635/3635 3636/3636
f 3631/3631 3636/3636 3638/3638
f 3639/3639 3637/3637 3634/3634
f 3634/3634 3631/3631 3638/3638
f 3635/3635 3640/3640 3636/3636
f 3641/3641 3638/3638 3636/3636
f 3639/3639 3642/3642 3637/3637
f 3638/3638 3639/3639 3634/3634
f 3635/3635 3643/3643 3640/3640
f 3636/3636 3640/3640 3643/3643
f 3636/3636 3643/3643 3641/3641
f 3642/3642 3638/3638 3641/3641
f 3639/3639 3638/3638 3642/3642
f 3637/3637 3642/3642 3644/3644
f 3641/3641 3643/3643 3645/3645
f 3641/3641 3645/3645 3642/3642
f 3644/3644 3642/3642 3645/3645
f 3645/3645 3643/3643 3644/3644
f 3646/3646 3647/3647 3648/3648
f 3649/3649 3647/3647 3646/3646
f 3647/3647 3649/3649 3648/3648
f 3648/3648 3650/3650 3646/3646
f 3651/3651 3649/3649 3646/3646
f 3649/3649 3652/3652 3648/3648
f 3648/3648 3652/3652 3650/3650
f 3653/3653 3649/3649 3651/3651
f 3653/3653 3654/3654 3649/3649
f 3655/3655 3656/3656 3657/3657
f 326/326 3656/3656 3655/3655
f 3657/3657 3658/3658 3655/3655
f 326/326 3655/3655 3659/3659
f 3658/3658 3659/3659 3655/3655
f 3659/3659 3660/3660 326/326
f 3659/3659 3658/3658 3661/3661
f 3659/3659 1960/1960 3660/3660
f 3660/3660 325/325 326/326
f 1960/1960 3659/3659 3661/3661
f 3660/3660 1960/1960 1962/1962
f 1962/1962 325/325 3660/3660
f 3661/3661 1963/1963 1960/1960
f 3662/3662 3663/3663 3664/3664
f 3665/3665 3666/3666 3667/3667
f 3668/3668 3666/3666 3665/3665
f 3669/3669 3667/3667 3666/3666
f 3667/3667 3670/3670 3665/3665
f 3671/3671 3666/3666 3668/3668
f 3668/3668 3665/3665 3672/3672
f 3666/3666 3671/3671 3669/3669
f 3669/3669 3673/3673 3667/3667
f 3665/3665 3670/3670 3672/3672
f 3667/3667 3674/3674 3670/3670
f 3671/3671 3668/3668 3675/3675
f 3668/3668 3672/3672 3676/3676
f 3669/3669 3671/3671 3677/3677
f 3678/3678 3673/3673 3669/3669
f 3667/3667 3673/3673 3674/3674
f 3670/3670 3679/3679 3672/3672
f 3674/3674 3680/3680 3670/3670
f 3675/3675 3668/3668 3681/3681
f 3671/3671 3675/3675 3682/3682
f 3681/3681 3668/3668 3676/3676
f 3676/3676 3672/3672 3683/3683
f 3682/3682 3677/3677 3671/3671
f 3684/3684 3669/3669 3677/3677
f 3685/3685 3673/3673 3678/3678
f 3684/3684 3678/3678 3669/3669
f 3685/3685 3674/3674 3673/3673
f 3680/3680 3679/3679 3670/3670
f 3672/3672 3679/3679 3686/3686
f 3674/3674 3687/3687 3680/3680
f 3675/3675 3681/3681 3688/3688
f 3675/3675 3688/3688 3682/3682
f 3681/3681 3676/3676 3689/3689
f 3672/3672 3690/3690 3683/3683
f 3676/3676 3683/3683 3691/3691
f 3692/3692 3677/3677 3682/3682
f 3692/3692 3684/3684 3677/3677
f 3678/3678 3684/3684 3693/3693
f 3685/3685 3694/3694 3674/3674
f 3679/3679 3680/3680 3695/3695
f 3686/3686 3690/3690 3672/3672
f 3679/3679 3696/3696 3686/3686
f 3674/3674 3694/3694 3687/3687
f 3697/3697 3680/3680 3687/3687
f 3688/3688 3681/3681 3698/3698
f 3681/3681 3689/3689 3698/3698
f 3676/3676 3699/3699 3689/3689
f 3683/3683 3690/3690 3700/3700
f 3683/3683 3701/3701 3691/3691
f 3676/3676 3691/3691 3699/3699
f 3684/3684 3692/3692 3693/3693
f 3680/3680 3697/3697 3695/3695
f 3695/3695 3696/3696 3679/3679
f 3690/3690 3686/3686 3702/3702
f 3686/3686 3696/3696 3702/3702
f 3697/3697 3687/3687 3694/3694
f 3703/3703 3698/3698 3689/3689
f 3689/3689 3699/3699 3704/3704
f 3705/3705 3700/3700 3690/3690
f 3683/3683 3700/3700 3701/3701
f 3706/3706 3691/3691 3701/3701
f 3699/3699 3691/3691 3706/3706
f 3707/3707 3693/3693 3692/3692
f 3708/3708 3696/3696 3695/3695
f 3705/3705 3690/3690 3702/3702
f 3696/3696 3709/3709 3702/3702
f 3689/3689 3704/3704 3703/3703
f 3704/3704 3699/3699 3710/3710
f 3700/3700 3705/3705 3711/3711
f 3701/3701 3700/3700 3711/3711
f 3706/3706 3701/3701 3712/3712
f 3699/3699 3706/3706 3710/3710
f 3693/3693 3707/3707 3713/3713
f 3709/3709 3696/3696 3708/3708
f 3695/3695 3714/3714 3708/3708
f 3702/3702 3715/3715 3705/3705
f 3702/3702 3709/3709 3715/3715
f 3703/3703 3704/3704 3710/3710
f 3705/3705 3716/3716 3711/3711
f 3711/3711 3712/3712 3701/3701
f 3717/3717 3706/3706 3712/3712
f 3709/3709 3708/3708 3718/3718
f 3714/3714 3719/3719 3708/3708
f 3705/3705 3715/3715 3716/3716
f 3715/3715 3709/3709 3720/3720
f 3711/3711 3716/3716 3721/3721
f 3722/3722 3712/3712 3711/3711
f 3722/3722 3717/3717 3712/3712
f 3708/3708 3723/3723 3718/3718
f 3709/3709 3718/3718 3724/3724
f 3708/3708 3719/3719 3723/3723
f 3716/3716 3715/3715 3725/3725
f 3720/3720 3709/3709 3724/3724
f 3715/3715 3720/3720 3725/3725
f 3716/3716 3726/3726 3721/3721
f 3722/3722 3711/3711 3721/3721
f 3717/3717 3722/3722 3727/3727
f 3718/3718 3723/3723 3724/3724
f 3723/3723 3719/3719 3728/3728
f 3726/3726 3716/3716 3725/3725
f 3720/3720 3724/3724 3729/3729
f 3725/3725 3720/3720 3729/3729
f 3721/3721 3726/3726 3730/3730
f 3731/3731 3722/3722 3721/3721
f 3727/3727 3722/3722 3731/3731
f 3724/3724 3723/3723 3732/3732
f 3728/3728 3732/3732 3723/3723
f 3725/3725 3733/3733 3726/3726
f 3724/3724 3734/3734 3729/3729
f 3733/3733 3725/3725 3729/3729
f 3726/3726 3733/3733 3730/3730
f 3721/3721 3730/3730 3731/3731
f 3727/3727 3731/3731 3735/3735
f 3734/3734 3724/3724 3732/3732
f 3736/3736 3732/3732 3728/3728
f 3729/3729 3734/3734 3737/3737
f 3737/3737 3733/3733 3729/3729
f 3730/3730 3733/3733 3738/3738
f 3731/3731 3730/3730 3735/3735
f 3735/3735 3739/3739 3727/3727
f 3736/3736 3734/3734 3732/3732
f 3734/3734 3740/3740 3737/3737
f 3733/3733 3737/3737 3741/3741
f 3741/3741 3738/3738 3733/3733
f 3738/3738 3742/3742 3730/3730
f 3735/3735 3730/3730 3742/3742
f 3739/3739 3735/3735 3743/3743
f 3734/3734 3736/3736 3740/3740
f 3737/3737 3740/3740 3744/3744
f 3744/3744 3741/3741 3737/3737
f 3738/3738 3741/3741 3745/3745
f 3738/3738 3745/3745 3742/3742
f 3735/3735 3742/3742 3746/3746
f 3747/3747 3739/3739 3743/3743
f 3743/3743 3735/3735 3748/3748
f 3744/3744 3740/3740 3749/3749
f 3741/3741 3744/3744 3749/3749
f 3741/3741 3750/3750 3745/3745
f 3735/3735 3746/3746 3748/3748
f 3750/3750 3741/3741 3749/3749
f 3751/3751 3752/3752 3753/3753
f 3751/3751 3754/3754 3752/3752
f 3755/3755 3753/3753 3752/3752
f 3752/3752 3754/3754 1921/1921
f 3755/3755 3752/3752 3756/3756
f 3755/3755 3736/3736 3753/3753
f 3752/3752 1921/1921 3757/3757
f 1922/1922 1921/1921 3754/3754
f 3752/3752 3757/3757 3756/3756
f 3755/3755 3756/3756 3758/3758
f 3736/3736 3759/3759 3753/3753
f 3740/3740 3736/3736 3755/3755
f 3757/3757 1921/1921 3760/3760
f 3756/3756 3757/3757 3761/3761
f 3758/3758 3756/3756 3762/3762
f 3740/3740 3755/3755 3758/3758
f 3728/3728 3759/3759 3736/3736
f 3757/3757 3760/3760 3761/3761
f 1917/1917 3760/3760 1921/1921
f 3756/3756 3761/3761 3762/3762
f 3749/3749 3758/3758 3762/3762
f 3740/3740 3758/3758 3749/3749
f 3763/3763 3759/3759 3728/3728
f 3764/3764 3761/3761 3760/3760
f 3760/3760 1917/1917 1935/1935
f 3765/3765 3762/3762 3761/3761
f 3762/3762 3765/3765 3749/3749
f 3728/3728 3766/3766 3763/3763
f 3763/3763 3767/3767 3759/3759
f 3764/3764 3765/3765 3761/3761
f 3764/3764 3760/3760 1935/1935
f 3749/3749 3765/3765 3768/3768
f 3766/3766 3728/3728 3769/3769
f 3770/3770 3763/3763 3766/3766
f 3763/3763 3771/3771 3767/3767
f 3765/3765 3764/3764 3772/3772
f 3773/3773 3764/3764 1935/1935
f 3768/3768 3750/3750 3749/3749
f 3765/3765 3774/3774 3768/3768
f 3766/3766 3769/3769 3775/3775
f 3719/3719 3769/3769 3728/3728
f 3766/3766 3776/3776 3770/3770
f 3763/3763 3770/3770 3771/3771
f 3767/3767 3771/3771 3777/3777
f 3772/3772 3764/3764 3773/3773
f 3772/3772 3774/3774 3765/3765
f 1944/1944 3773/3773 1935/1935
f 3769/3769 3778/3778 3775/3775
f 3775/3775 3779/3779 3766/3766
f 3778/3778 3769/3769 3719/3719
f 3766/3766 3779/3779 3776/3776
f 3780/3780 3770/3770 3776/3776
f 3780/3780 3771/3771 3770/3770
f 3775/3775 3778/3778 3781/3781
f 3779/3779 3775/3775 3781/3781
f 3714/3714 3778/3778 3719/3719
f 3776/3776 3779/3779 3782/3782
f 3776/3776 3783/3783 3780/3780
f 3781/3781 3778/3778 3784/3784
f 3782/3782 3779/3779 3781/3781
f 3784/3784 3778/3778 3714/3714
f 3776/3776 3782/3782 3785/3785
f 3783/3783 3776/3776 3785/3785
f 3783/3783 3786/3786 3780/3780
f 3781/3781 3784/3784 3787/3787
f 3781/3781 3788/3788 3782/3782
f 3789/3789 3784/3784 3714/3714
f 3782/3782 3790/3790 3785/3785
f 3785/3785 3791/3791 3783/3783
f 3783/3783 3792/3792 3786/3786
f 3793/3793 3787/3787 3784/3784
f 3781/3781 3787/3787 3794/3794
f 3794/3794 3788/3788 3781/3781
f 3788/3788 3795/3795 3782/3782
f 3695/3695 3789/3789 3714/3714
f 3784/3784 3789/3789 3793/3793
f 3795/3795 3790/3790 3782/3782
f 3785/3785 3790/3790 3791/3791
f 3783/3783 3791/3791 3792/3792
f 3786/3786 3792/3792 3796/3796
f 3797/3797 3787/3787 3793/3793
f 3794/3794 3787/3787 3798/3798
f 3799/3799 3788/3788 3794/3794
f 3795/3795 3788/3788 3799/3799
f 3695/3695 3793/3793 3789/3789
f 3795/3795 3800/3800 3790/3790
f 3790/3790 3801/3801 3791/3791
f 3802/3802 3792/3792 3791/3791
f 3792/3792 3802/3802 3796/3796
f 3798/3798 3787/3787 3797/3797
f 3697/3697 3797/3797 3793/3793
f 3803/3803 3794/3794 3798/3798
f 3799/3799 3794/3794 3803/3803
f 3799/3799 3800/3800 3795/3795
f 3793/3793 3695/3695 3697/3697
f 3801/3801 3790/3790 3800/3800
f 3791/3791 3801/3801 3804/3804
f 3791/3791 3805/3805 3802/3802
f 3796/3796 3802/3802 3805/3805
f 3806/3806 3798/3798 3797/3797
f 3803/3803 3798/3798 3806/3806
f 3803/3803 3807/3807 3799/3799
f 3799/3799 3808/3808 3800/3800
f 3800/3800 3808/3808 3801/3801
f 3809/3809 3804/3804 3801/3801
f 3804/3804 3810/3810 3791/3791
f 3810/3810 3805/3805 3791/3791
f 3799/3799 3807/3807 3811/3811
f 3803/3803 3812/3812 3807/3807
f 3811/3811 3808/3808 3799/3799
f 3808/3808 3809/3809 3801/3801
f 3808/3808 3811/3811 3809/3809
f 3813/3813 3814/3814 3815/3815
f 3813/3813 3816/3816 3814/3814
f 3815/3815 3814/3814 3817/3817
f 3817/3817 3814/3814 3816/3816
f 3818/3818 3819/3819 3820/3820
f 3818/3818 3821/3821 3819/3819
f 3820/3820 3819/3819 3822/3822
f 3823/3823 3818/3818 3820/3820
f 3824/3824 3819/3819 3821/3821
f 3821/3821 3818/3818 3825/3825
f 3819/3819 3826/3826 3822/3822
f 3822/3822 3827/3827 3820/3820
f 3818/3818 3823/3823 3828/3828
f 3820/3820 3829/3829 3823/3823
f 3826/3826 3819/3819 3824/3824
f 3824/3824 3821/3821 3830/3830
f 3825/3825 3818/3818 3831/3831
f 3832/3832 3821/3821 3825/3825
f 3822/3822 3826/3826 3833/3833
f 3827/3827 3822/3822 3834/3834
f 3820/3820 3827/3827 3835/3835
f 3828/3828 3831/3831 3818/3818
f 3836/3836 3828/3828 3823/3823
f 3823/3823 3829/3829 3837/3837
f 3835/3835 3829/3829 3820/3820
f 3824/3824 3833/3833 3826/3826
f 3821/3821 3838/3838 3830/3830
f 3830/3830 3833/3833 3824/3824
f 3838/3838 3821/3821 3832/3832
f 3833/3833 3834/3834 3822/3822
f 3834/3834 3839/3839 3827/3827
f 3840/3840 3835/3835 3827/3827
f 3836/3836 3823/3823 3841/3841
f 3841/3841 3823/3823 3837/3837
f 3837/3837 3829/3829 3840/3840
f 3829/3829 3835/3835 3840/3840
f 3830/3830 3838/3838 3842/3842
f 3833/3833 3830/3830 3843/3843
f 3832/3832 3842/3842 3838/3838
f 3843/3843 3834/3834 3833/3833
f 3834/3834 3844/3844 3839/3839
f 3845/3845 3827/3827 3839/3839
f 3827/3827 3845/3845 3840/3840
f 3846/3846 3836/3836 3841/3841
f 3847/3847 3841/3841 3837/3837
f 3840/3840 3848/3848 3837/3837
f 3842/3842 3843/3843 3830/3830
f 3849/3849 3842/3842 3832/3832
f 3843/3843 3850/3850 3834/3834
f 3834/3834 3850/3850 3844/3844
f 3839/3839 3844/3844 3851/3851
f 3848/3848 3840/3840 3845/3845
f 3841/3841 3852/3852 3846/3846
f 3841/3841 3847/3847 3852/3852
f 3837/3837 3848/3848 3847/3847
f 3842/3842 3853/3853 3843/3843
f 3842/3842 3849/3849 3854/3854
f 3853/3853 3850/3850 3843/3843
f 3850/3850 3851/3851 3844/3844
f 3845/3845 3855/3855 3848/3848
f 3852/3852 3856/3856 3846/3846
f 3847/3847 3857/3857 3852/3852
f 3848/3848 3857/3857 3847/3847
f 3854/3854 3853/3853 3842/3842
f 3853/3853 3858/3858 3850/3850
f 3851/3851 3850/3850 3859/3859
f 3857/3857 3848/3848 3855/3855
f 3856/3856 3852/3852 3857/3857
f 3858/3858 3853/3853 3860/3860
f 3850/3850 3858/3858 3859/3859
f 3859/3859 3861/3861 3851/3851
f 3855/3855 3862/3862 3857/3857
f 3863/3863 3856/3856 3857/3857
f 3859/3859 3858/3858 3860/3860
f 3861/3861 3859/3859 3864/3864
f 3851/3851 3861/3861 3865/3865
f 3863/3863 3857/3857 3862/3862
f 3863/3863 3866/3866 3856/3856
f 3860/3860 3864/3864 3859/3859
f 3864/3864 3867/3867 3861/3861
f 3861/3861 3868/3868 3865/3865
f 3862/3862 3869/3869 3863/3863
f 3869/3869 3866/3866 3863/3863
f 3870/3870 3856/3856 3866/3866
f 3864/3864 3860/3860 3871/3871
f 3864/3864 3872/3872 3867/3867
f 3868/3868 3861/3861 3867/3867
f 3865/3865 3868/3868 3873/3873
f 3869/3869 3862/3862 3874/3874
f 3869/3869 3874/3874 3866/3866
f 3870/3870 3866/3866 3875/3875
f 3864/3864 3871/3871 3872/3872
f 3860/3860 3876/3876 3871/3871
f 3872/3872 3877/3877 3867/3867
f 3867/3867 3878/3878 3868/3868
f 3868/3868 3879/3879 3873/3873
f 3862/3862 3880/3880 3874/3874
f 3874/3874 3881/3881 3866/3866
f 3866/3866 3881/3881 3875/3875
f 3882/3882 3876/3876 3860/3860
f 3878/3878 3867/3867 3877/3877
f 3878/3878 3883/3883 3868/3868
f 3868/3868 3883/3883 3879/3879
f 3873/3873 3879/3879 3884/3884
f 3881/3881 3874/3874 3885/3885
f 3881/3881 3886/3886 3875/3875
f 3876/3876 3882/3882 3887/3887
f 3888/3888 3882/3882 3860/3860
f 3878/3878 3877/3877 3889/3889
f 3883/3883 3878/3878 3889/3889
f 3879/3879 3883/3883 3890/3890
f 3884/3884 3879/3879 3890/3890
f 3873/3873 3884/3884 3891/3891
f 3874/3874 3892/3892 3885/3885
f 3885/3885 3886/3886 3881/3881
f 3886/3886 3893/3893 3875/3875
f 3887/3887 3894/3894 3876/3876
f 3895/3895 3887/3887 3882/3882
f 3895/3895 3882/3882 3888/3888
f 3896/3896 3884/3884 3890/3890
f 3897/3897 3873/3873 3891/3891
f 3884/3884 3896/3896 3891/3891
f 3874/3874 3898/3898 3892/3892
f 3885/3885 3899/3899 3886/3886
f 3893/3893 3886/3886 3899/3899
f 3894/3894 3887/3887 3900/3900
f 3895/3895 3901/3901 3887/3887
f 3902/3902 3895/3895 3888/3888
f 3880/3880 3897/3897 3891/3891
f 3891/3891 3896/3896 3903/3903
f 3874/3874 3904/3904 3898/3898
f 3892/3892 3898/3898 3905/3905
f 3906/3906 3893/3893 3899/3899
f 3887/3887 3901/3901 3900/3900
f 3907/3907 3894/3894 3900/3900
f 3908/3908 3901/3901 3895/3895
f 3902/3902 3908/3908 3895/3895
f 3880/3880 3891/3891 3903/3903
f 3898/3898 3903/3903 3896/3896
f 3904/3904 3903/3903 3898/3898
f 3898/3898 3896/3896 3905/3905
f 3909/3909 3900/3900 3901/3901
f 3907/3907 3900/3900 3910/3910
f 3901/3901 3908/3908 3911/3911
f 3912/3912 3908/3908 3902/3902
f 3904/3904 3880/3880 3903/3903
f 3913/3913 3900/3900 3909/3909
f 3901/3901 3911/3911 3909/3909
f 3900/3900 3913/3913 3910/3910
f 3914/3914 3907/3907 3910/3910
f 3912/3912 3911/3911 3908/3908
f 3915/3915 3912/3912 3902/3902
f 3916/3916 3913/3913 3909/3909
f 3911/3911 3917/3917 3909/3909
f 3910/3910 3913/3913 3918/3918
f 3910/3910 3919/3919 3914/3914
f 3920/3920 3911/3911 3912/3912
f 3912/3912 3915/3915 3920/3920
f 3902/3902 3921/3921 3915/3915
f 3922/3922 3913/3913 3916/3916
f 3909/3909 3917/3917 3916/3916
f 3923/3923 3917/3917 3911/3911
f 3918/3918 3913/3913 3922/3922
f 3919/3919 3910/3910 3918/3918
f 3911/3911 3920/3920 3923/3923
f 3915/3915 3924/3924 3920/3920
f 3921/3921 3902/3902 3925/3925
f 3921/3921 3926/3926 3915/3915
f 3916/3916 3927/3927 3922/3922
f 3916/3916 3917/3917 3927/3927
f 3923/3923 3928/3928 3917/3917
f 3918/3918 3922/3922 3929/3929
f 3918/3918 3929/3929 3919/3919
f 3924/3924 3923/3923 3920/3920
f 3926/3926 3924/3924 3915/3915
f 3930/3930 3921/3921 3925/3925
f 3921/3921 3930/3930 3926/3926
f 3931/3931 3922/3922 3927/3927
f 3927/3927 3917/3917 3932/3932
f 3933/3933 3928/3928 3923/3923
f 3917/3917 3928/3928 3932/3932
f 3929/3929 3922/3922 3934/3934
f 3919/3919 3929/3929 3935/3935
f 3924/3924 3933/3933 3923/3923
f 3926/3926 3933/3933 3924/3924
f 3930/3930 3936/3936 3926/3926
f 3931/3931 3927/3927 3932/3932
f 3931/3931 3937/3937 3922/3922
f 3938/3938 3928/3928 3933/3933
f 3932/3932 3928/3928 3939/3939
f 3922/3922 3937/3937 3934/3934
f 3929/3929 3934/3934 3935/3935
f 3926/3926 3936/3936 3933/3933
f 3930/3930 3940/3940 3936/3936
f 3941/3941 3931/3931 3932/3932
f 3937/3937 3931/3931 3942/3942
f 3928/3928 3938/3938 3939/3939
f 3943/3943 3938/3938 3933/3933
f 3932/3932 3939/3939 3944/3944
f 3934/3934 3937/3937 3945/3945
f 3935/3935 3934/3934 3946/3946
f 3933/3933 3936/3936 3943/3943
f 3947/3947 3936/3936 3940/3940
f 3948/3948 3931/3931 3941/3941
f 3944/3944 3941/3941 3932/3932
f 3937/3937 3942/3942 3945/3945
f 3948/3948 3942/3942 3931/3931
f 2041/2041 3939/3939 3938/3938
f 3943/3943 3949/3949 3938/3938
f 2041/2041 3944/3944 3939/3939
f 3945/3945 3946/3946 3934/3934
f 3935/3935 3946/3946 3950/3950
f 3936/3936 3947/3947 3943/3943
f 3941/3941 3944/3944 3948/3948
f 3951/3951 3945/3945 3942/3942
f 3952/3952 3942/3942 3948/3948
f 3949/3949 2041/2041 3938/3938
f 3953/3953 3949/3949 3943/3943
f 3954/3954 3944/3944 2041/2041
f 3946/3946 3945/3945 3955/3955
f 3956/3956 3950/3950 3946/3946
f 3953/3953 3943/3943 3947/3947
f 3954/3954 3948/3948 3944/3944
f 3955/3955 3945/3945 3951/3951
f 3952/3952 3951/3951 3942/3942
f 3957/3957 3952/3952 3948/3948
f 3958/3958 2041/2041 3949/3949
f 3949/3949 3953/3953 3959/3959
f 3946/3946 3955/3955 3956/3956
f 3953/3953 3947/3947 3960/3960
f 3957/3957 3948/3948 3954/3954
f 3961/3961 3955/3955 3951/3951
f 3952/3952 3962/3962 3951/3951
f 3957/3957 3963/3963 3952/3952
f 3958/3958 2038/2038 2041/2041
f 3949/3949 3959/3959 3958/3958
f 3953/3953 3964/3964 3959/3959
f 3956/3956 3955/3955 3965/3965
f 3960/3960 3966/3966 3953/3953
f 3957/3957 3954/3954 2032/2032
f 3965/3965 3955/3955 3961/3961
f 3961/3961 3951/3951 3967/3967
f 3963/3963 3962/3962 3952/3952
f 3962/3962 3967/3967 3951/3951
f 3957/3957 2040/2040 3963/3963
f 2038/2038 3958/3958 3968/3968
f 3968/3968 3958/3958 3959/3959
f 3953/3953 3966/3966 3964/3964
f 3959/3959 3964/3964 3969/3969
f 3970/3970 3966/3966 3960/3960
f 2040/2040 3957/3957 2032/2032
f 3965/3965 3961/3961 3971/3971
f 3972/3972 3961/3961 3967/3967
f 3973/3973 3962/3962 3963/3963
f 3967/3967 3962/3962 3972/3972
f 3963/3963 2040/2040 2039/2039
f 2035/2035 2038/2038 3968/3968
f 3968/3968 3959/3959 3974/3974
f 3966/3966 3970/3970 3964/3964
f 3974/3974 3959/3959 3969/3969
f 3969/3969 3964/3964 3975/3975
f 3971/3971 3961/3961 3976/3976
f 3961/3961 3972/3972 3976/3976
f 3973/3973 3977/3977 3962/3962
f 3978/3978 3973/3973 3963/3963
f 3977/3977 3972/3972 3962/3962
f 3979/3979 3963/3963 2039/2039
f 3974/3974 2035/2035 3968/3968
f 3974/3974 3969/3969 3980/3980
f 3981/3981 3969/3969 3975/3975
f 3971/3971 3976/3976 3982/3982
f 3976/3976 3972/3972 3983/3983
f 3984/3984 3977/3977 3973/3973
f 3973/3973 3978/3978 3984/3984
f 3978/3978 3963/3963 3979/3979
f 3972/3972 3977/3977 3985/3985
f 2039/2039 3986/3986 3979/3979
f 3987/3987 2035/2035 3974/3974
f 3988/3988 3974/3974 3980/3980
f 3980/3980 3969/3969 3981/3981
f 3976/3976 3983/3983 3982/3982
f 3985/3985 3983/3983 3972/3972
f 3977/3977 3984/3984 3989/3989
f 3989/3989 3985/3985 3977/3977
f 3986/3986 2039/2039 3990/3990
f 3986/3986 3980/3980 3979/3979
f 2036/2036 2035/2035 3987/3987
f 3987/3987 3974/3974 3988/3988
f 3988/3988 3980/3980 3986/3986
f 3980/3980 3981/3981 3979/3979
f 3982/3982 3983/3983 3991/3991
f 3983/3983 3985/3985 3991/3991
f 3985/3985 3989/3989 3992/3992
f 2034/2034 3990/3990 2039/2039
f 3990/3990 3988/3988 3986/3986
f 3990/3990 2036/2036 3987/3987
f 3987/3987 3988/3988 3990/3990
f 3982/3982 3991/3991 3993/3993
f 3991/3991 3985/3985 3992/3992
f 3990/3990 2034/2034 2036/2036
f 3993/3993 3994/3994 3982/3982
f 3993/3993 3991/3991 3992/3992
f 3995/3995 3993/3993 3992/3992
f 3996/3996 3997/3997 3998/3998
f 3996/3996 3999/3999 3997/3997
f 3998/3998 4000/4000 3996/3996
f 4001/4001 3999/3999 3996/3996
f 3999/3999 4002/4002 3997/3997
f 4000/4000 4001/4001 3996/3996
f 4001/4001 4003/4003 3999/3999
f 4002/4002 3999/3999 4003/4003
f 3997/3997 4002/4002 4004/4004
f 4001/4001 4005/4005 4003/4003
f 4003/4003 4006/4006 4002/4002
f 4004/4004 4002/4002 4007/4007
f 4002/4002 4006/4006 4008/4008
f 4006/4006 4003/4003 4009/4009
f 4008/4008 4007/4007 4002/4002
f 3853/3853 3888/3888 3860/3860
f 4010/4010 4011/4011 4012/4012
f 4011/4011 4010/4010 4013/4013
f 4011/4011 4014/4014 4012/4012
f 4012/4012 4015/4015 4010/4010
f 4016/4016 4013/4013 4010/4010
f 4013/4013 4017/4017 4011/4011
f 4017/4017 4014/4014 4011/4011
f 4012/4012 4014/4014 4018/4018
f 4019/4019 4010/4010 4015/4015
f 4015/4015 4012/4012 4020/4020
f 4013/4013 4016/4016 4021/4021
f 4010/4010 4019/4019 4016/4016
f 4022/4022 4017/4017 4013/4013
f 4017/4017 4023/4023 4014/4014
f 4024/4024 4018/4018 4014/4014
f 4018/4018 4020/4020 4012/4012
f 4019/4019 4015/4015 4025/4025
f 4020/4020 4026/4026 4015/4015
f 4021/4021 4022/4022 4013/4013
f 4021/4021 4016/4016 4027/4027
f 4028/4028 4016/4016 4019/4019
f 4022/4022 4023/4023 4017/4017
f 4014/4014 4023/4023 4029/4029
f 4014/4014 4030/4030 4024/4024
f 4031/4031 4018/4018 4024/4024
f 4018/4018 4032/4032 4020/4020
f 4033/4033 4019/4019 4025/4025
f 4015/4015 4034/4034 4025/4025
f 4026/4026 4034/4034 4015/4015
f 4026/4026 4020/4020 4032/4032
f 4021/4021 4035/4035 4022/4022
f 4036/4036 4027/4027 4016/4016
f 4027/4027 4037/4037 4021/4021
f 4016/4016 4028/4028 4036/4036
f 4019/4019 4033/4033 4028/4028
f 4022/4022 4035/4035 4023/4023
f 4029/4029 4030/4030 4014/4014
f 4029/4029 4023/4023 4038/4038
f 4039/4039 4024/4024 4030/4030
f 4024/4024 4040/4040 4031/4031
f 4041/4041 4018/4018 4031/4031
f 4032/4032 4018/4018 4042/4042
f 4025/4025 4043/4043 4033/4033
f 4034/4034 4044/4044 4025/4025
f 4034/4034 4026/4026 4045/4045
f 4026/4026 4032/4032 4046/4046
f 4021/4021 4037/4037 4035/4035
f 4037/4037 4027/4027 4036/4036
f 4035/4035 4047/4047 4023/4023
f 4029/4029 4038/4038 4030/4030
f 4023/4023 4048/4048 4038/4038
f 4038/4038 4039/4039 4030/4030
f 4040/4040 4024/4024 4039/4039
f 4040/4040 4049/4049 4031/4031
f 4041/4041 4042/4042 4018/4018
f 4050/4050 4041/4041 4031/4031
f 4042/4042 4051/4051 4032/4032
f 4052/4052 4033/4033 4043/4043
f 4044/4044 4043/4043 4025/4025
f 4044/4044 4034/4034 4045/4045
f 4026/4026 4046/4046 4045/4045
f 4032/4032 4053/4053 4046/4046
f 4037/4037 4054/4054 4035/4035
f 4054/4054 4037/4037 4036/4036
f 4023/4023 4047/4047 4048/4048
f 4055/4055 4038/4038 4048/4048
f 4039/4039 4038/4038 4055/4055
f 4055/4055 4040/4040 4039/4039
f 4049/4049 4056/4056 4031/4031
f 4049/4049 4040/4040 4055/4055
f 4042/4042 4041/4041 4057/4057
f 4041/4041 4050/4050 4058/4058
f 4059/4059 4050/4050 4031/4031
f 4057/4057 4051/4051 4042/4042
f 4051/4051 4053/4053 4032/4032
f 4048/4048 4060/4060 4055/4055
f 4056/4056 4059/4059 4031/4031
f 4061/4061 4056/4056 4049/4049
f 4055/4055 4061/4061 4049/4049
f 4041/4041 4062/4062 4057/4057
f 4063/4063 4058/4058 4050/4050
f 4058/4058 4064/4064 4041/4041
f 4065/4065 4050/4050 4059/4059
f 4066/4066 4051/4051 4057/4057
f 4053/4053 4051/4051 4067/4067
f 4060/4060 4061/4061 4055/4055
f 4056/4056 4065/4065 4059/4059
f 4061/4061 4068/4068 4056/4056
f 4064/4064 4062/4062 4041/4041
f 4062/4062 4069/4069 4057/4057
f 4070/4070 4058/4058 4063/4063
f 4063/4063 4050/4050 4071/4071
f 4072/4072 4064/4064 4058/4058
f 4071/4071 4050/4050 4065/4065
f 4067/4067 4051/4051 4066/4066
f 4057/4057 4073/4073 4066/4066
f 4061/4061 4060/4060 4068/4068
f 4056/4056 4068/4068 4065/4065
f 4064/4064 4074/4074 4062/4062
f 4074/4074 4069/4069 4062/4062
f 4057/4057 4069/4069 4075/4075
f 4076/4076 4058/4058 4070/4070
f 4071/4071 4070/4070 4063/4063
f 4064/4064 4072/4072 4077/4077
f 4078/4078 4072/4072 4058/4058
f 4068/4068 4071/4071 4065/4065
f 4073/4073 4057/4057 4075/4075
f 4066/4066 4073/4073 4079/4079
f 4068/4068 4060/4060 4080/4080
f 4081/4081 4074/4074 4064/4064
f 4075/4075 4069/4069 4074/4074
f 4076/4076 4078/4078 4058/4058
f 4082/4082 4076/4076 4070/4070
f 4071/4071 4080/4080 4070/4070
f 4083/4083 4064/4064 4077/4077
f 4077/4077 4072/4072 4084/4084
f 4072/4072 4078/4078 4084/4084
f 4068/4068 4080/4080 4071/4071
f 4073/4073 4075/4075 4085/4085
f 4073/4073 4085/4085 4079/4079
f 4066/4066 4079/4079 4086/4086
f 4080/4080 4060/4060 4087/4087
f 4081/4081 4088/4088 4074/4074
f 4083/4083 4081/4081 4064/4064
f 4075/4075 4074/4074 4088/4088
f 4082/4082 4089/4089 4076/4076
f 4090/4090 4082/4082 4070/4070
f 4070/4070 4080/4080 4090/4090
f 4091/4091 4083/4083 4077/4077
f 4077/4077 4084/4084 4091/4091
f 4088/4088 4085/4085 4075/4075
f 4079/4079 4085/4085 4092/4092
f 4093/4093 4066/4066 4086/4086
f 4086/4086 4079/4079 4094/4094
f 4080/4080 4087/4087 4090/4090
f 4081/4081 4095/4095 4088/4088
f 4081/4081 4083/4083 4096/4096
f 4082/4082 4090/4090 4089/4089
f 4083/4083 4091/4091 4096/4096
f 4085/4085 4088/4088 4095/4095
f 4095/4095 4092/4092 4085/4085
f 4092/4092 4094/4094 4079/4079
f 4093/4093 4086/4086 4097/4097
f 4086/4086 4094/4094 4097/4097
f 4087/4087 4098/4098 4090/4090
f 4095/4095 4081/4081 4099/4099
f 4081/4081 4096/4096 4100/4100
f 4089/4089 4090/4090 4098/4098
f 4099/4099 4092/4092 4095/4095
f 4094/4094 4092/4092 4101/4101
f 4097/4097 4102/4102 4093/4093
f 4097/4097 4094/4094 4101/4101
f 4099/4099 4081/4081 4100/4100
f 4099/4099 4103/4103 4092/4092
f 4101/4101 4092/4092 4104/4104
f 4105/4105 4102/4102 4097/4097
f 4105/4105 4097/4097 4101/4101
f 4106/4106 4099/4099 4100/4100
f 4092/4092 4103/4103 4104/4104
f 4107/4107 4103/4103 4099/4099
f 4104/4104 4108/4108 4101/4101
f 4109/4109 4102/4102 4105/4105
f 4101/4101 4108/4108 4105/4105
f 4106/4106 4107/4107 4099/4099
f 4110/4110 4106/4106 4100/4100
f 4104/4104 4103/4103 4111/4111
f 4103/4103 4107/4107 4111/4111
f 4104/4104 4112/4112 4108/4108
f 4105/4105 4113/4113 4109/4109
f 4108/4108 4113/4113 4105/4105
f 4107/4107 4106/4106 4114/4114
f 4106/4106 4110/4110 4115/4115
f 4104/4104 4111/4111 4116/4116
f 4107/4107 4117/4117 4111/4111
f 4113/4113 4108/4108 4112/4112
f 4116/4116 4112/4112 4104/4104
f 4109/4109 4113/4113 4118/4118
f 4117/4117 4107/4107 4114/4114
f 4106/4106 4119/4119 4114/4114
f 4115/4115 4119/4119 4106/4106
f 4110/4110 4120/4120 4115/4115
f 4116/4116 4111/4111 4121/4121
f 4117/4117 4122/4122 4111/4111
f 4113/4113 4112/4112 4123/4123
f 4112/4112 4116/4116 4124/4124
f 4113/4113 4125/4125 4118/4118
f 4114/4114 4126/4126 4117/4117
f 4114/4114 4119/4119 4127/4127
f 4119/4119 4115/4115 4127/4127
f 4128/4128 4115/4115 4120/4120
f 4116/4116 4121/4121 4124/4124
f 4111/4111 4122/4122 4121/4121
f 4117/4117 4129/4129 4122/4122
f 4125/4125 4113/4113 4123/4123
f 4112/4112 4124/4124 4123/4123
f 4117/4117 4126/4126 4129/4129
f 4126/4126 4114/4114 4130/4130
f 4127/4127 4131/4131 4114/4114
f 4127/4127 4115/4115 4132/4132
f 4132/4132 4115/4115 4128/4128
f 4128/4128 4120/4120 4133/4133
f 4121/4121 4134/4134 4124/4124
f 4122/4122 4135/4135 4121/4121
f 4122/4122 4129/4129 4136/4136
f 4123/4123 4137/4137 4125/4125
f 4124/4124 4134/4134 4123/4123
f 4130/4130 4129/4129 4126/4126
f 4130/4130 4114/4114 4131/4131
f 4131/4131 4127/4127 4138/4138
f 4138/4138 4127/4127 4132/4132
f 4132/4132 4128/4128 4139/4139
f 4128/4128 4133/4133 4139/4139
f 4135/4135 4134/4134 4121/4121
f 4122/4122 4136/4136 4135/4135
f 344/344 4136/4136 4129/4129
f 4137/4137 4123/4123 4140/4140
f 4125/4125 4137/4137 4141/4141
f 4134/4134 4142/4142 4123/4123
f 347/347 4129/4129 4130/4130
f 4130/4130 4131/4131 4143/4143
f 4138/4138 4143/4143 4131/4131
f 4139/4139 4138/4138 4132/4132
f 4144/4144 4139/4139 4133/4133
f 4134/4134 4135/4135 4145/4145
f 4135/4135 4136/4136 4145/4145
f 4136/4136 344/344 4146/4146
f 4129/4129 347/347 344/344
f 4142/4142 4140/4140 4123/4123
f 4147/4147 4137/4137 4140/4140
f 4141/4141 4137/4137 4147/4147
f 4142/4142 4134/4134 4148/4148
f 351/351 347/347 4130/4130
f 4130/4130 4143/4143 351/351
f 4143/4143 4138/4138 4149/4149
f 4138/4138 4139/4139 4149/4149
f 4144/4144 4133/4133 4150/4150
f 4139/4139 4144/4144 4149/4149
f 4134/4134 4145/4145 4148/4148
f 4136/4136 4151/4151 4145/4145
f 4152/4152 4136/4136 4146/4146
f 344/344 346/346 4146/4146
f 4142/4142 4153/4153 4140/4140
f 4140/4140 4154/4154 4147/4147
f 4148/4148 4153/4153 4142/4142
f 4149/4149 351/351 4143/4143
f 4150/4150 4155/4155 4144/4144
f 4144/4144 4156/4156 4149/4149
f 4148/4148 4145/4145 4151/4151
f 4136/4136 4152/4152 4151/4151
f 4146/4146 4157/4157 4152/4152
f 346/346 4158/4158 4146/4146
f 4140/4140 4153/4153 4159/4159
f 4154/4154 4140/4140 4159/4159
f 4153/4153 4148/4148 4160/4160
f 4156/4156 351/351 4149/4149
f 4156/4156 4144/4144 4155/4155
f 4151/4151 4160/4160 4148/4148
f 4161/4161 4151/4151 4152/4152
f 4146/4146 4158/4158 4157/4157
f 4162/4162 4152/4152 4157/4157
f 4163/4163 4158/4158 346/346
f 4159/4159 4153/4153 4164/4164
f 4153/4153 4160/4160 4164/4164
f 4156/4156 348/348 351/351
f 4160/4160 4151/4151 4161/4161
f 4161/4161 4152/4152 4162/4162
f 4158/4158 4165/4165 4157/4157
f 350/350 4163/4163 346/346
f 4158/4158 4163/4163 4165/4165
f 4164/4164 4160/4160 4161/4161
f 4156/4156 350/350 348/348
f 4164/4164 4161/4161 4162/4162
f 4166/4166 4163/4163 350/350
f 350/350 4167/4167 4166/4166
f 4167/4167 4168/4168 4166/4166
f 4167/4167 4169/4169 4168/4168
f 4155/4155 4169/4169 4167/4167
f 4170/4170 4171/4171 4172/4172
f 4173/4173 4171/4171 4170/4170
f 4171/4171 4174/4174 4172/4172
f 4170/4170 4172/4172 4175/4175
f 4176/4176 4173/4173 4170/4170
f 4173/4173 4177/4177 4171/4171
f 4178/4178 4175/4175 4172/4172
f 4175/4175 4179/4179 4170/4170
f 4176/4176 4170/4170 4180/4180
f 4181/4181 4175/4175 4178/4178
f 4172/4172 4182/4182 4178/4178
f 4183/4183 4179/4179 4175/4175
f 4184/4184 4170/4170 4179/4179
f 4180/4180 4185/4185 4176/4176
f 4181/4181 4183/4183 4175/4175
f 4183/4183 4186/4186 4179/4179
f 4179/4179 4186/4186 4184/4184
f 4181/4181 4186/4186 4183/4183
f 4120/4120 4187/4187 4188/4188
f 4120/4120 4189/4189 4187/4187
f 4188/4188 4187/4187 4190/4190
f 4120/4120 4188/4188 4133/4133
f 4189/4189 4191/4191 4187/4187
f 4120/4120 4110/4110 4189/4189
f 4188/4188 4190/4190 4192/4192
f 4187/4187 4193/4193 4190/4190
f 4133/4133 4188/4188 4194/4194
f 4189/4189 4195/4195 4191/4191
f 4191/4191 4193/4193 4187/4187
f 4110/4110 4196/4196 4189/4189
f 4192/4192 4190/4190 4197/4197
f 4192/4192 4194/4194 4188/4188
f 4193/4193 4198/4198 4190/4190
f 4133/4133 4194/4194 4150/4150
f 4189/4189 4199/4199 4195/4195
f 4191/4191 4195/4195 4200/4200
f 4191/4191 4200/4200 4193/4193
f 4100/4100 4196/4196 4110/4110
f 4196/4196 4199/4199 4189/4189
f 4190/4190 4198/4198 4197/4197
f 4192/4192 4197/4197 4201/4201
f 4194/4194 4192/4192 4202/4202
f 4193/4193 4203/4203 4198/4198
f 4202/4202 4150/4150 4194/4194
f 4199/4199 4204/4204 4195/4195
f 4195/4195 4205/4205 4200/4200
f 4200/4200 4203/4203 4193/4193
f 4196/4196 4100/4100 4096/4096
f 4196/4196 4206/4206 4199/4199
f 4197/4197 4198/4198 4207/4207
f 4202/4202 4192/4192 4201/4201
f 4208/4208 4201/4201 4197/4197
f 4198/4198 4203/4203 4209/4209
f 4202/4202 4210/4210 4150/4150
f 4204/4204 4199/4199 4206/4206
f 4204/4204 4211/4211 4195/4195
f 4205/4205 4209/4209 4200/4200
f 4209/4209 4203/4203 4200/4200
f 4096/4096 4212/4212 4196/4196
f 4212/4212 4206/4206 4196/4196
f 4209/4209 4207/4207 4198/4198
f 4197/4197 4207/4207 4213/4213
f 4214/4214 4202/4202 4201/4201
f 4197/4197 4213/4213 4208/4208
f 4201/4201 4208/4208 4215/4215
f 4216/4216 4210/4210 4202/4202
f 4206/4206 4217/4217 4204/4204
f 4204/4204 4218/4218 4211/4211
f 4219/4219 4209/4209 4205/4205
f 4096/4096 4091/4091 4212/4212
f 4206/4206 4212/4212 4091/4091
f 4207/4207 4209/4209 4219/4219
f 4213/4213 4207/4207 4220/4220
f 4202/4202 4214/4214 4221/4221
f 4214/4214 4201/4201 4215/4215
f 4208/4208 4213/4213 4220/4220
f 4222/4222 4215/4215 4208/4208
f 4216/4216 4223/4223 4210/4210
f 4221/4221 4216/4216 4202/4202
f 4091/4091 4217/4217 4206/4206
f 4217/4217 4218/4218 4204/4204
f 4211/4211 4218/4218 4224/4224
f 4219/4219 4225/4225 4207/4207
f 4220/4220 4207/4207 4225/4225
f 4221/4221 4214/4214 4226/4226
f 4214/4214 4215/4215 4227/4227
f 4208/4208 4220/4220 4228/4228
f 4215/4215 4222/4222 4227/4227
f 4222/4222 4208/4208 4228/4228
f 4223/4223 4216/4216 4229/4229
f 4229/4229 4216/4216 4221/4221
f 4230/4230 4217/4217 4091/4091
f 4218/4218 4217/4217 4231/4231
f 4224/4224 4218/4218 4232/4232
f 4225/4225 4233/4233 4220/4220
f 4226/4226 4214/4214 4234/4234
f 4226/4226 4229/4229 4221/4221
f 4227/4227 4234/4234 4214/4214
f 4220/4220 4233/4233 4228/4228
f 4227/4227 4222/4222 4235/4235
f 4222/4222 4228/4228 4236/4236
f 4237/4237 4230/4230 4091/4091
f 4217/4217 4230/4230 4238/4238
f 4231/4231 4217/4217 4238/4238
f 4232/4232 4218/4218 4231/4231
f 4224/4224 4232/4232 4239/4239
f 4226/4226 4234/4234 4240/4240
f 4229/4229 4226/4226 4241/4241
f 4227/4227 4235/4235 4234/4234
f 4228/4228 4233/4233 4236/4236
f 4242/4242 4235/4235 4222/4222
f 4236/4236 4242/4242 4222/4222
f 4084/4084 4237/4237 4091/4091
f 4237/4237 4243/4243 4230/4230
f 4230/4230 4244/4244 4238/4238
f 4231/4231 4238/4238 4244/4244
f 4245/4245 4232/4232 4231/4231
f 4224/4224 4239/4239 4246/4246
f 4239/4239 4232/4232 4245/4245
f 4247/4247 4240/4240 4234/4234
f 4240/4240 4248/4248 4226/4226
f 4241/4241 4226/4226 4248/4248
f 4234/4234 4235/4235 4247/4247
f 4247/4247 4235/4235 4242/4242
f 4084/4084 4243/4243 4237/4237
f 4243/4243 4249/4249 4230/4230
f 4244/4244 4230/4230 4249/4249
f 4245/4245 4231/4231 4244/4244
f 4250/4250 4246/4246 4239/4239
f 4239/4239 4245/4245 4250/4250
f 4240/4240 4247/4247 4251/4251
f 4248/4248 4240/4240 4252/4252
f 4253/4253 4241/4241 4248/4248
f 4242/4242 2125/2125 4247/4247
f 4078/4078 4243/4243 4084/4084
f 4249/4249 4243/4243 4078/4078
f 4249/4249 4254/4254 4244/4244
f 4254/4254 4245/4245 4244/4244
f 4250/4250 4255/4255 4246/4246
f 4254/4254 4250/4250 4245/4245
f 4252/4252 4240/4240 4251/4251
f 4251/4251 4247/4247 2132/2132
f 4253/4253 4248/4248 4252/4252
f 4241/4241 4253/4253 4256/4256
f 2125/2125 2132/2132 4247/4247
f 4078/4078 4257/4257 4249/4249
f 4254/4254 4249/4249 4258/4258
f 4259/4259 4255/4255 4250/4250
f 4250/4250 4254/4254 4259/4259
f 4251/4251 4260/4260 4252/4252
f 4251/4251 2132/2132 4260/4260
f 4253/4253 4252/4252 4261/4261
f 4256/4256 4253/4253 4262/4262
f 4257/4257 4078/4078 4076/4076
f 4258/4258 4249/4249 4257/4257
f 4259/4259 4254/4254 4258/4258
f 4252/4252 4260/4260 4261/4261
f 4263/4263 4253/4253 4261/4261
f 4253/4253 4263/4263 4262/4262
f 4256/4256 4262/4262 4264/4264
f 4089/4089 4257/4257 4076/4076
f 4258/4258 4257/4257 4089/4089
f 4098/4098 4259/4259 4258/4258
f 4263/4263 4261/4261 4265/4265
f 4264/4264 4262/4262 4263/4263
f 4266/4266 4256/4256 4264/4264
f 4098/4098 4258/4258 4089/4089
f 4267/4267 4263/4263 4265/4265
f 4264/4264 4263/4263 4267/4267
f 4264/4264 4267/4267 4266/4266
f 4268/4268 4177/4177 4269/4269
f 4270/4270 4271/4271 4272/4272
f 4271/4271 4270/4270 4273/4273
f 4272/4272 4271/4271 4274/4274
f 4272/4272 4275/4275 4270/4270
f 4273/4273 4270/4270 4276/4276
f 4273/4273 4277/4277 4271/4271
f 4271/4271 4278/4278 4274/4274
f 4279/4279 4272/4272 4274/4274
f 4280/4280 4275/4275 4272/4272
f 4275/4275 4276/4276 4270/4270
f 4273/4273 4276/4276 4281/4281
f 4277/4277 4273/4273 4282/4282
f 4277/4277 4283/4283 4271/4271
f 4274/4274 4278/4278 4284/4284
f 4278/4278 4271/4271 4285/4285
f 4279/4279 4274/4274 4284/4284
f 4272/4272 4279/4279 4286/4286
f 4275/4275 4280/4280 4276/4276
f 4280/4280 4272/4272 4287/4287
f 4281/4281 4276/4276 4288/4288
f 4281/4281 4282/4282 4273/4273
f 4283/4283 4277/4277 4282/4282
f 4285/4285 4271/4271 4283/4283
f 4284/4284 4278/4278 4289/4289
f 4289/4289 4278/4278 4285/4285
f 4284/4284 4290/4290 4279/4279
f 4291/4291 4286/4286 4279/4279
f 4286/4286 4287/4287 4272/4272
f 4280/4280 4292/4292 4276/4276
f 4292/4292 4280/4280 4287/4287
f 4276/4276 4292/4292 4288/4288
f 4288/4288 4293/4293 4281/4281
f 4294/4294 4282/4282 4281/4281
f 4282/4282 4295/4295 4283/4283
f 4285/4285 4283/4283 4296/4296
f 4290/4290 4284/4284 4289/4289
f 4297/4297 4289/4289 4285/4285
f 4279/4279 4290/4290 4291/4291
f 4298/4298 4286/4286 4291/4291
f 4299/4299 4287/4287 4286/4286
f 4299/4299 4292/4292 4287/4287
f 4292/4292 4300/4300 4288/4288
f 4293/4293 4288/4288 4300/4300
f 4301/4301 4281/4281 4293/4293
f 4282/4282 4294/4294 4295/4295
f 4281/4281 4302/4302 4294/4294
f 4296/4296 4283/4283 4295/4295
f 4296/4296 4297/4297 4285/4285
f 4290/4290 4289/4289 4297/4297
f 4291/4291 4290/4290 4303/4303
f 4298/4298 4299/4299 4286/4286
f 4291/4291 4304/4304 4298/4298
f 4299/4299 4305/4305 4292/4292
f 4306/4306 4300/4300 4292/4292
f 4300/4300 4307/4307 4293/4293
f 4301/4301 4302/4302 4281/4281
f 4293/4293 4307/4307 4301/4301
f 4295/4295 4294/4294 4308/4308
f 4302/4302 4308/4308 4294/4294
f 4309/4309 4296/4296 4295/4295
f 4297/4297 4296/4296 4310/4310
f 4303/4303 4290/4290 4297/4297
f 4311/4311 4291/4291 4303/4303
f 4312/4312 4299/4299 4298/4298
f 4304/4304 4291/4291 4311/4311
f 4298/4298 4304/4304 4313/4313
f 4305/4305 4306/4306 4292/4292
f 4314/4314 4305/4305 4299/4299
f 4300/4300 4306/4306 4315/4315
f 4300/4300 4316/4316 4307/4307
f 4302/4302 4301/4301 4317/4317
f 4318/4318 4301/4301 4307/4307
f 4309/4309 4295/4295 4308/4308
f 4308/4308 4302/4302 4319/4319
f 4310/4310 4296/4296 4309/4309
f 4310/4310 4320/4320 4297/4297
f 4303/4303 4297/4297 4321/4321
f 4321/4321 4311/4311 4303/4303
f 4314/4314 4299/4299 4312/4312
f 4322/4322 4312/4312 4298/4298
f 4311/4311 4323/4323 4304/4304
f 4322/4322 4298/4298 4313/4313
f 4313/4313 4304/4304 4323/4323
f 4324/4324 4306/4306 4305/4305
f 4325/4325 4305/4305 4314/4314
f 4315/4315 4306/4306 4324/4324
f 4315/4315 4326/4326 4300/4300
f 4326/4326 4316/4316 4300/4300
f 4307/4307 4316/4316 4327/4327
f 4317/4317 4301/4301 4318/4318
f 4317/4317 4319/4319 4302/4302
f 4327/4327 4318/4318 4307/4307
f 4309/4309 4308/4308 4328/4328
f 4319/4319 4328/4328 4308/4308
f 4329/4329 4310/4310 4309/4309
f 4329/4329 4320/4320 4310/4310
f 4321/4321 4297/4297 4320/4320
f 4321/4321 4330/4330 4311/4311
f 4331/4331 4314/4314 4312/4312
f 4312/4312 4322/4322 4332/4332
f 4333/4333 4323/4323 4311/4311
f 4322/4322 4313/4313 4332/4332
f 4332/4332 4313/4313 4323/4323
f 4324/4324 4305/4305 4325/4325
f 4314/4314 4331/4331 4325/4325
f 4315/4315 4334/4334 4326/4326
f 4326/4326 4335/4335 4316/4316
f 4318/4318 4327/4327 4317/4317
f 4336/4336 4319/4319 4317/4317
f 4328/4328 4337/4337 4309/4309
f 4319/4319 4338/4338 4328/4328
f 4329/4329 4309/4309 4339/4339
f 4320/4320 4329/4329 4339/4339
f 4321/4321 4320/4320 4340/4340
f 4330/4330 4333/4333 4311/4311
f 4341/4341 4330/4330 4321/4321
f 4331/4331 4312/4312 4342/4342
f 4332/4332 4342/4342 4312/4312
f 4333/4333 4343/4343 4323/4323
f 4343/4343 4332/4332 4323/4323
f 4344/4344 4324/4324 4325/4325
f 4345/4345 4325/4325 4331/4331
f 4335/4335 4326/4326 4334/4334
f 4319/4319 4336/4336 4338/4338
f 4337/4337 4328/4328 4338/4338
f 4339/4339 4309/4309 4337/4337
f 4340/4340 4320/4320 4339/4339
f 4321/4321 4340/4340 4341/4341
f 4343/4343 4333/4333 4330/4330
f 4330/4330 4341/4341 4346/4346
f 4342/4342 4347/4347 4331/4331
f 4348/4348 4342/4342 4332/4332
f 4348/4348 4332/4332 4343/4343
f 4344/4344 4325/4325 4345/4345
f 4347/4347 4345/4345 4331/4331
f 4338/4338 4336/4336 4349/4349
f 4337/4337 4338/4338 4350/4350
f 4351/4351 4339/4339 4337/4337
f 4340/4340 4339/4339 4351/4351
f 4340/4340 4352/4352 4341/4341
f 4353/4353 4343/4343 4330/4330
f 4346/4346 4341/4341 4354/4354
f 4355/4355 4330/4330 4346/4346
f 4347/4347 4342/4342 4356/4356
f 4356/4356 4342/4342 4348/4348
f 4343/4343 4357/4357 4348/4348
f 4345/4345 4358/4358 4344/4344
f 4347/4347 4359/4359 4345/4345
f 4360/4360 4338/4338 4349/4349
f 4361/4361 4337/4337 4350/4350
f 4350/4350 4338/4338 4360/4360
f 4351/4351 4337/4337 4361/4361
f 4352/4352 4340/4340 4351/4351
f 4362/4362 4341/4341 4352/4352
f 4343/4343 4353/4353 4357/4357
f 4353/4353 4330/4330 4363/4363
f 4341/4341 4364/4364 4354/4354
f 4346/4346 4354/4354 4365/4365
f 4355/4355 4363/4363 4330/4330
f 4355/4355 4346/4346 4366/4366
f 4356/4356 4367/4367 4347/4347
f 4356/4356 4348/4348 4353/4353
f 4353/4353 4348/4348 4357/4357
f 4358/4358 4345/4345 4368/4368
f 4367/4367 4359/4359 4347/4347
f 4368/4368 4345/4345 4359/4359
f 4360/4360 4349/4349 4369/4369
f 4362/4362 4361/4361 4350/4350
f 4370/4370 4350/4350 4360/4360
f 4361/4361 4352/4352 4351/4351
f 4341/4341 4362/4362 4371/4371
f 4352/4352 4361/4361 4362/4362
f 4372/4372 4353/4353 4363/4363
f 4371/4371 4364/4364 4341/4341
f 4354/4354 4364/4364 4373/4373
f 4374/4374 4365/4365 4354/4354
f 4366/4366 4346/4346 4365/4365
f 4375/4375 4363/4363 4355/4355
f 4355/4355 4366/4366 4376/4376
f 4367/4367 4356/4356 4377/4377
f 4353/4353 4372/4372 4356/4356
f 4378/4378 4358/4358 4368/4368
f 4359/4359 4367/4367 4379/4379
f 4359/4359 4380/4380 4368/4368
f 4369/4369 4381/4381 4360/4360
f 4362/4362 4350/4350 4370/4370
f 4371/4371 4370/4370 4360/4360
f 4370/4370 4371/4371 4362/4362
f 4363/4363 4375/4375 4372/4372
f 4364/4364 4371/4371 4382/4382
f 4364/4364 4383/4383 4373/4373
f 4354/4354 4373/4373 4384/4384
f 4384/4384 4374/4374 4354/4354
f 4366/4366 4365/4365 4374/4374
f 4385/4385 4375/4375 4355/4355
f 4376/4376 4366/4366 4386/4386
f 4387/4387 4355/4355 4376/4376
f 4377/4377 4356/4356 4372/4372
f 4379/4379 4367/4367 4377/4377
f 4358/4358 4378/4378 4388/4388
f 4389/4389 4378/4378 4368/4368
f 4359/4359 4379/4379 4390/4390
f 4389/4389 4368/4368 4380/4380
f 4359/4359 4391/4391 4380/4380
f 4381/4381 4369/4369 4392/4392
f 4393/4393 4360/4360 4381/4381
f 4371/4371 4360/4360 4393/4393
f 4394/4394 4372/4372 4375/4375
f 4393/4393 4382/4382 4371/4371
f 4364/4364 4382/4382 4383/4383
f 4373/4373 4383/4383 4395/4395
f 4384/4384 4373/4373 4396/4396
f 4397/4397 4374/4374 4384/4384
f 4374/4374 4386/4386 4366/4366
f 4385/4385 4398/4398 4375/4375
f 4385/4385 4355/4355 4399/4399
f 4400/4400 4376/4376 4386/4386
f 4376/4376 4401/4401 4387/4387
f 4399/4399 4355/4355 4387/4387
f 4394/4394 4377/4377 4372/4372
f 4379/4379 4377/4377 4394/4394
f 4402/4402 4388/4388 4378/4378
f 4402/4402 4378/4378 4389/4389
f 4403/4403 4390/4390 4379/4379
f 4391/4391 4359/4359 4390/4390
f 4389/4389 4380/4380 4391/4391
f 4404/4404 4381/4381 4392/4392
f 4383/4383 4393/4393 4381/4381
f 4375/4375 4398/4398 4394/4394
f 4382/4382 4393/4393 4383/4383
f 4383/4383 4404/4404 4395/4395
f 4373/4373 4395/4395 4396/4396
f 4384/4384 4396/4396 4405/4405
f 4397/4397 4384/4384 4406/4406
f 4400/4400 4374/4374 4397/4397
f 4386/4386 4374/4374 4400/4400
f 4398/4398 4385/4385 4407/4407
f 4408/4408 4385/4385 4399/4399
f 4409/4409 4376/4376 4400/4400
f 4401/4401 4376/4376 4410/4410
f 4387/4387 4401/4401 4411/4411
f 4412/4412 4399/4399 4387/4387
f 4379/4379 4394/4394 4398/4398
f 4413/4413 4390/4390 4403/4403
f 4398/4398 4403/4403 4379/4379
f 4390/4390 4413/4413 4391/4391
f 4383/4383 4381/4381 4404/4404
f 4404/4404 4392/4392 4395/4395
f 4405/4405 4414/4414 4384/4384
f 4406/4406 4415/4415 4397/4397
f 4406/4406 4384/4384 4416/4416
f 4400/4400 4397/4397 4415/4415
f 4407/4407 4403/4403 4398/4398
f 4407/4407 4385/4385 4408/4408
f 4408/4408 4399/4399 4412/4412
f 4417/4417 4409/4409 4400/4400
f 4409/4409 4418/4418 4376/4376
f 4410/4410 4376/4376 4418/4418
f 4401/4401 4419/4419 4411/4411
f 4420/4420 4387/4387 4411/4411
f 4421/4421 4412/4412 4387/4387
f 4403/4403 4422/4422 4413/4413
f 4391/4391 4413/4413 4423/4423
f 4416/4416 4384/4384 4414/4414
f 4424/4424 4414/4414 4405/4405
f 4415/4415 4406/4406 4425/4425
f 4406/4406 4416/4416 4426/4426
f 4400/4400 4415/4415 4417/4417
f 4427/4427 4403/4403 4407/4407
f 4408/4408 4428/4428 4407/4407
f 4421/4421 4408/4408 4412/4412
f 4417/4417 4429/4429 4409/4409
f 4418/4418 4409/4409 4429/4429
f 4410/4410 4418/4418 4430/4430
f 4420/4420 4411/4411 4419/4419
f 4420/4420 4421/4421 4387/4387
f 4403/4403 4427/4427 4422/4422
f 4423/4423 4413/4413 4422/4422
f 4431/4431 4391/4391 4423/4423
f 4416/4416 4414/4414 4424/4424
f 4425/4425 4406/4406 4432/4432
f 4417/4417 4415/4415 4425/4425
f 4424/4424 4426/4426 4416/4416
f 4426/4426 4432/4432 4406/4406
f 4433/4433 4427/4427 4407/4407
f 4428/4428 4408/4408 4421/4421
f 4433/4433 4407/4407 4428/4428
f 4429/4429 4417/4417 4434/4434
f 4418/4418 4429/4429 4430/4430
f 4435/4435 4421/4421 4420/4420
f 4423/4423 4422/4422 4427/4427
f 4431/4431 4423/4423 4436/4436
f 4437/4437 4425/4425 4432/4432
f 4425/4425 4438/4438 4417/4417
f 4439/4439 4427/4427 4433/4433
f 4421/4421 4435/4435 4428/4428
f 4439/4439 4433/4433 4428/4428
f 4434/4434 4440/4440 4429/4429
f 4434/4434 4417/4417 4438/4438
f 4430/4430 4429/4429 4440/4440
f 4427/4427 4436/4436 4423/4423
f 4431/4431 4436/4436 4439/4439
f 4441/4441 4425/4425 4437/4437
f 4438/4438 4425/4425 4441/4441
f 4439/4439 4436/4436 4427/4427
f 4439/4439 4428/4428 4435/4435
f 4440/4440 4434/4434 4442/4442
f 4434/4434 4438/4438 4441/4441
f 4442/4442 4434/4434 4441/4441
f 4443/4443 4444/4444 4445/4445
f 4446/4446 4444/4444 4443/4443
f 4444/4444 4447/4447 4445/4445
f 4444/4444 4446/4446 4447/4447
f 4446/4446 4443/4443 4448/4448
f 4445/4445 4447/4447 4449/4449
f 4446/4446 4450/4450 4447/4447
f 4451/4451 4446/4446 4448/4448
f 4447/4447 4452/4452 4449/4449
f 4451/4451 4450/4450 4446/4446
f 4450/4450 4452/4452 4447/4447
f 4449/4449 4452/4452 4453/4453
f 4454/4454 4450/4450 4451/4451
f 4454/4454 4452/4452 4450/4450
f 4449/4449 4453/4453 4455/4455
f 4452/4452 4454/4454 4453/4453
f 4454/4454 4451/4451 4456/4456
f 4453/4453 4457/4457 4455/4455
f 4455/4455 4458/4458 4449/4449
f 4454/4454 4459/4459 4453/4453
f 4454/4454 4456/4456 4396/4396
f 4459/4459 4457/4457 4453/4453
f 4455/4455 4457/4457 4460/4460
f 4455/4455 4461/4461 4458/4458
f 4462/4462 4459/4459 4454/4454
f 4405/4405 4396/4396 4456/4456
f 4396/4396 4462/4462 4454/4454
f 4459/4459 4463/4463 4457/4457
f 4457/4457 4463/4463 4460/4460
f 4460/4460 4461/4461 4455/4455
f 4459/4459 4462/4462 4463/4463
f 4396/4396 4464/4464 4462/4462
f 4463/4463 4465/4465 4460/4460
f 4461/4461 4460/4460 4369/4369
f 4462/4462 4464/4464 4463/4463
f 4395/4395 4464/4464 4396/4396
f 4460/4460 4465/4465 4392/4392
f 4464/4464 4465/4465 4463/4463
f 4392/4392 4369/4369 4460/4460
f 4395/4395 4465/4465 4464/4464
f 4395/4395 4392/4392 4465/4465
f 4466/4466 4467/4467 4468/4468
f 4467/4467 4466/4466 4456/4456
f 4468/4468 4467/4467 4469/4469
f 4470/4470 4466/4466 4468/4468
f 4471/4471 4456/4456 4466/4466
f 4456/4456 4472/4472 4467/4467
f 4468/4468 4469/4469 4473/4473
f 4469/4469 4467/4467 4474/4474
f 4470/4470 4468/4468 4475/4475
f 4471/4471 4466/4466 4470/4470
f 4476/4476 4456/4456 4471/4471
f 4477/4477 4467/4467 4472/4472
f 4456/4456 4451/4451 4472/4472
f 4473/4473 4469/4469 4474/4474
f 4473/4473 4475/4475 4468/4468
f 4467/4467 4477/4477 4474/4474
f 4478/4478 4470/4470 4475/4475
f 4479/4479 4471/4471 4470/4470
f 4476/4476 4480/4480 4456/4456
f 4481/4481 4476/4476 4471/4471
f 4477/4477 4472/4472 4482/4482
f 4472/4472 4451/4451 4483/4483
f 4474/4474 4484/4484 4473/4473
f 4475/4475 4473/4473 4485/4485
f 4474/4474 4477/4477 4486/4486
f 4487/4487 4470/4470 4478/4478
f 4478/4478 4475/4475 4485/4485
f 4479/4479 4488/4488 4471/4471
f 4479/4479 4470/4470 4487/4487
f 4456/4456 4480/4480 4405/4405
f 4476/4476 4481/4481 4480/4480
f 4471/4471 4488/4488 4481/4481
f 4486/4486 4477/4477 4482/4482
f 4482/4482 4472/4472 4483/4483
f 4448/4448 4483/4483 4451/4451
f 4486/4486 4484/4484 4474/4474
f 4485/4485 4473/4473 4484/4484
f 4489/4489 4487/4487 4478/4478
f 4478/4478 4485/4485 4490/4490
f 4479/4479 4491/4491 4488/4488
f 4489/4489 4479/4479 4487/4487
f 4480/4480 4492/4492 4405/4405
f 4481/4481 4493/4493 4480/4480
f 4491/4491 4481/4481 4488/4488
f 4494/4494 4486/4486 4482/4482
f 4483/4483 4448/4448 4482/4482
f 4484/4484 4486/4486 4495/4495
f 4484/4484 4496/4496 4485/4485
f 4478/4478 4497/4497 4489/4489
f 4498/4498 4490/4490 4485/4485
f 4490/4490 4499/4499 4478/4478
f 4479/4479 4500/4500 4491/4491
f 4479/4479 4489/4489 4500/4500
f 4501/4501 4492/4492 4480/4480
f 4424/4424 4405/4405 4492/4492
f 4502/4502 4493/4493 4481/4481
f 4493/4493 4503/4503 4480/4480
f 4502/4502 4481/4481 4491/4491
f 4486/4486 4494/4494 4504/4504
f 4482/4482 4505/4505 4494/4494
f 4482/4482 4448/4448 4505/4505
f 4495/4495 4486/4486 4506/4506
f 4495/4495 4496/4496 4484/4484
f 4485/4485 4496/4496 4498/4498
f 4497/4497 4478/4478 4507/4507
f 4508/4508 4489/4489 4497/4497
f 4490/4490 4498/4498 4509/4509
f 4510/4510 4499/4499 4490/4490
f 4499/4499 4507/4507 4478/4478
f 4511/4511 4491/4491 4500/4500
f 4512/4512 4500/4500 4489/4489
f 4501/4501 4424/4424 4492/4492
f 4503/4503 4501/4501 4480/4480
f 4513/4513 4503/4503 4493/4493
f 4511/4511 4502/4502 4491/4491
f 4514/4514 4504/4504 4494/4494
f 4504/4504 4506/4506 4486/4486
f 4494/4494 4505/4505 4515/4515
f 4505/4505 4448/4448 4515/4515
f 4516/4516 4495/4495 4506/4506
f 4495/4495 4516/4516 4496/4496
f 4498/4498 4496/4496 4517/4517
f 4497/4497 4507/4507 4518/4518
f 4508/4508 4497/4497 4518/4518
f 4512/4512 4489/4489 4508/4508
f 4509/4509 4498/4498 4519/4519
f 4510/4510 4490/4490 4509/4509
f 4499/4499 4510/4510 4520/4520
f 4507/4507 4499/4499 4521/4521
f 4522/4522 4511/4511 4500/4500
f 4523/4523 4500/4500 4512/4512
f 4524/4524 4424/4424 4501/4501
f 4524/4524 4501/4501 4503/4503
f 4503/4503 4513/4513 4524/4524
f 4525/4525 4502/4502 4511/4511
f 4526/4526 4514/4514 4494/4494
f 4504/4504 4527/4527 4506/4506
f 4515/4515 4526/4526 4494/4494
f 4448/4448 4528/4528 4515/4515
f 4516/4516 4506/4506 4527/4527
f 4496/4496 4516/4516 4517/4517
f 4498/4498 4517/4517 4519/4519
f 4518/4518 4507/4507 4529/4529
f 4518/4518 4530/4530 4508/4508
f 4531/4531 4512/4512 4508/4508
f 4510/4510 4509/4509 4520/4520
f 4532/4532 4499/4499 4520/4520
f 4529/4529 4507/4507 4521/4521
f 4521/4521 4499/4499 4532/4532
f 4511/4511 4522/4522 4533/4533
f 4500/4500 4523/4523 4522/4522
f 4534/4534 4523/4523 4512/4512
f 4426/4426 4424/4424 4524/4524
f 4535/4535 4524/4524 4513/4513
f 4511/4511 4533/4533 4525/4525
f 4514/4514 4526/4526 4536/4536
f 4504/4504 4537/4537 4527/4527
f 4528/4528 4526/4526 4515/4515
f 4448/4448 4443/4443 4528/4528
f 4527/4527 4538/4538 4516/4516
f 4539/4539 4517/4517 4516/4516
f 4540/4540 4519/4519 4517/4517
f 4518/4518 4529/4529 4541/4541
f 4530/4530 4518/4518 4542/4542
f 4543/4543 4512/4512 4531/4531
f 4544/4544 4532/4532 4520/4520
f 4529/4529 4521/4521 4545/4545
f 4532/4532 4545/4545 4521/4521
f 4546/4546 4533/4533 4522/4522
f 4523/4523 4546/4546 4522/4522
f 4547/4547 4523/4523 4534/4534
f 4512/4512 4543/4543 4534/4534
f 4432/4432 4426/4426 4524/4524
f 4524/4524 4535/4535 4432/4432
f 4513/4513 4548/4548 4535/4535
f 4549/4549 4536/4536 4526/4526
f 4537/4537 4550/4550 4527/4527
f 4526/4526 4528/4528 4443/4443
f 4527/4527 4551/4551 4538/4538
f 4516/4516 4538/4538 4539/4539
f 4539/4539 4540/4540 4517/4517
f 4541/4541 4529/4529 4552/4552
f 4542/4542 4518/4518 4541/4541
f 4542/4542 4553/4553 4530/4530
f 4545/4545 4532/4532 4544/4544
f 4544/4544 4520/4520 4554/4554
f 4545/4545 4552/4552 4529/4529
f 4546/4546 4555/4555 4533/4533
f 4523/4523 4547/4547 4546/4546
f 4556/4556 4432/4432 4535/4535
f 4556/4556 4535/4535 4548/4548
f 4533/4533 4548/4548 4513/4513
f 4526/4526 4443/4443 4549/4549
f 4549/4549 4445/4445 4536/4536
f 4537/4537 4557/4557 4550/4550
f 4527/4527 4550/4550 4551/4551
f 4538/4538 4551/4551 4558/4558
f 4539/4539 4538/4538 4559/4559
f 4539/4539 4559/4559 4540/4540
f 4542/4542 4541/4541 4560/4560
f 4553/4553 4542/4542 4561/4561
f 4545/4545 4544/4544 4562/4562
f 4554/4554 4562/4562 4544/4544
f 4552/4552 4545/4545 4562/4562
f 4546/4546 4563/4563 4555/4555
f 4555/4555 4548/4548 4533/4533
f 4547/4547 4563/4563 4546/4546
f 4437/4437 4432/4432 4556/4556
f 4555/4555 4556/4556 4548/4548
f 4443/4443 4445/4445 4549/4549
f 4550/4550 4557/4557 4551/4551
f 4558/4558 4551/4551 4564/4564
f 4559/4559 4538/4538 4558/4558
f 4561/4561 4542/4542 4560/4560
f 4556/4556 4565/4565 4437/4437
f 4555/4555 4565/4565 4556/4556
f 4551/4551 4557/4557 4566/4566
f 4551/4551 4566/4566 4564/4564
f 4558/4558 4564/4564 4567/4567
f 4558/4558 4567/4567 4559/4559
f 4568/4568 4569/4569 4570/4570
f 4570/4570 4569/4569 4571/4571
f 4568/4568 4570/4570 4572/4572
f 4571/4571 4569/4569 4573/4573
f 4574/4574 4570/4570 4571/4571
f 4572/4572 4570/4570 4574/4574
f 4568/4568 4572/4572 4575/4575
f 4571/4571 4573/4573 4576/4576
f 4577/4577 4574/4574 4571/4571
f 4578/4578 4572/4572 4574/4574
f 4575/4575 4572/4572 4578/4578
f 4568/4568 4575/4575 4579/4579
f 4576/4576 4573/4573 4580/4580
f 4576/4576 4581/4581 4571/4571
f 4577/4577 4571/4571 4581/4581
f 4582/4582 4574/4574 4577/4577
f 4578/4578 4574/4574 4583/4583
f 4583/4583 4575/4575 4578/4578
f 4579/4579 4575/4575 4584/4584
f 4585/4585 4576/4576 4580/4580
f 4576/4576 4585/4585 4581/4581
f 4581/4581 4586/4586 4577/4577
f 4587/4587 4574/4574 4582/4582
f 4582/4582 4577/4577 4588/4588
f 4583/4583 4574/4574 4587/4587
f 4584/4584 4575/4575 4583/4583
f 4589/4589 4579/4579 4584/4584
f 4580/4580 4590/4590 4585/4585
f 4581/4581 4585/4585 4586/4586
f 4577/4577 4586/4586 4591/4591
f 4582/4582 4588/4588 4587/4587
f 4588/4588 4577/4577 4591/4591
f 4592/4592 4583/4583 4587/4587
f 4592/4592 4584/4584 4583/4583
f 4593/4593 4589/4589 4584/4584
f 4580/4580 4594/4594 4590/4590
f 4590/4590 4595/4595 4585/4585
f 4596/4596 4586/4586 4585/4585
f 4591/4591 4586/4586 4596/4596
f 4587/4587 4588/4588 4597/4597
f 4598/4598 4588/4588 4591/4591
f 4587/4587 4597/4597 4592/4592
f 4593/4593 4584/4584 4592/4592
f 4599/4599 4589/4589 4593/4593
f 4580/4580 4600/4600 4594/4594
f 4594/4594 4601/4601 4590/4590
f 4590/4590 4601/4601 4595/4595
f 4585/4585 4595/4595 4596/4596
f 4596/4596 4602/4602 4591/4591
f 4588/4588 4598/4598 4597/4597
f 4591/4591 4602/4602 4598/4598
f 4592/4592 4597/4597 4603/4603
f 4592/4592 4604/4604 4593/4593
f 4593/4593 4605/4605 4599/4599
f 4600/4600 4606/4606 4594/4594
f 4594/4594 4606/4606 4601/4601
f 4601/4601 4607/4607 4595/4595
f 4608/4608 4596/4596 4595/4595
f 4596/4596 4608/4608 4602/4602
f 4597/4597 4598/4598 4609/4609
f 4598/4598 4602/4602 4610/4610
f 4603/4603 4597/4597 4609/4609
f 4604/4604 4592/4592 4603/4603
f 4611/4611 4593/4593 4604/4604
f 4605/4605 4593/4593 4611/4611
f 4605/4605 4612/4612 4599/4599
f 4601/4601 4606/4606 4607/4607
f 4607/4607 4608/4608 4595/4595
f 4602/4602 4608/4608 4613/4613
f 4598/4598 4610/4610 4609/4609
f 4613/4613 4610/4610 4602/4602
f 4603/4603 4609/4609 4614/4614
f 4615/4615 4604/4604 4603/4603
f 4615/4615 4611/4611 4604/4604
f 4611/4611 4616/4616 4605/4605
f 4605/4605 4616/4616 4612/4612
f 4612/4612 4617/4617 4599/4599
f 4607/4607 4618/4618 4608/4608
f 4608/4608 4619/4619 4613/4613
f 4614/4614 4609/4609 4610/4610
f 4610/4610 4613/4613 4620/4620
f 4621/4621 4603/4603 4614/4614
f 4621/4621 4615/4615 4603/4603
f 4615/4615 4622/4622 4611/4611
f 4611/4611 4623/4623 4616/4616
f 4624/4624 4612/4612 4616/4616
f 4625/4625 4617/4617 4612/4612
f 4618/4618 4607/4607 4626/4626
f 4619/4619 4608/4608 4618/4618
f 4619/4619 4627/4627 4613/4613
f 4620/4620 4614/4614 4610/4610
f 4628/4628 4620/4620 4613/4613
f 4621/4621 4614/4614 4629/4629
f 4630/4630 4615/4615 4621/4621
f 4630/4630 4622/4622 4615/4615
f 4611/4611 4622/4622 4631/4631
f 4624/4624 4616/4616 4623/4623
f 4611/4611 4631/4631 4623/4623
f 4632/4632 4612/4612 4624/4624
f 4632/4632 4625/4625 4612/4612
f 4617/4617 4625/4625 4633/4633
f 4626/4626 4607/4607 4634/4634
f 4635/4635 4618/4618 4626/4626
f 4619/4619 4618/4618 4636/4636
f 4619/4619 4636/4636 4627/4627
f 4613/4613 4627/4627 4637/4637
f 4629/4629 4614/4614 4620/4620
f 4628/4628 4629/4629 4620/4620
f 4613/4613 4637/4637 4628/4628
f 4638/4638 4621/4621 4629/4629
f 4638/4638 4630/4630 4621/4621
f 4639/4639 4622/4622 4630/4630
f 4622/4622 4639/4639 4631/4631
f 4624/4624 4623/4623 4640/4640
f 4640/4640 4623/4623 4631/4631
f 4641/4641 4632/4632 4624/4624
f 4625/4625 4632/4632 4642/4642
f 4642/4642 4633/4633 4625/4625
f 4643/4643 4626/4626 4634/4634
f 4618/4618 4635/4635 4636/4636
f 4635/4635 4626/4626 4643/4643
f 4627/4627 4636/4636 4644/4644
f 4637/4637 4627/4627 4644/4644
f 4645/4645 4629/4629 4628/4628
f 4629/4629 4646/4646 4638/4638
f 4647/4647 4630/4630 4638/4638
f 4647/4647 4639/4639 4630/4630
f 4639/4639 4640/4640 4631/4631
f 4641/4641 4624/4624 4640/4640
f 4648/4648 4632/4632 4641/4641
f 4648/4648 4642/4642 4632/4632
f 4649/4649 4633/4633 4642/4642
f 4643/4643 4634/4634 4650/4650
f 4636/4636 4635/4635 4651/4651
f 4635/4635 4643/4643 4652/4652
f 4644/4644 4636/4636 4651/4651
f 4645/4645 4646/4646 4629/4629
f 4646/4646 4653/4653 4638/4638
f 4653/4653 4647/4647 4638/4638
f 4654/4654 4639/4639 4647/4647
f 4639/4639 4654/4654 4640/4640
f 4640/4640 4655/4655 4641/4641
f 4656/4656 4648/4648 4641/4641
f 4657/4657 4642/4642 4648/4648
f 4643/4643 4650/4650 4652/4652
f 4645/4645 4658/4658 4646/4646
f 4646/4646 4659/4659 4653/4653
f 4647/4647 4653/4653 4660/4660
f 4660/4660 4654/4654 4647/4647
f 4654/4654 4660/4660 4640/4640
f 4656/4656 4641/4641 4655/4655
f 4640/4640 4660/4660 4655/4655
f 4661/4661 4648/4648 4656/4656
f 4648/4648 4662/4662 4657/4657
f 4663/4663 4646/4646 4658/4658
f 4653/4653 4659/4659 4660/4660
f 4646/4646 4663/4663 4659/4659
f 4664/4664 4656/4656 4655/4655
f 4665/4665 4655/4655 4660/4660
f 4656/4656 4666/4666 4661/4661
f 4648/4648 4661/4661 4667/4667
f 4648/4648 4667/4667 4662/4662
f 4658/4658 4668/4668 4663/4663
f 4669/4669 4660/4660 4659/4659
f 4663/4663 4669/4669 4659/4659
f 4655/4655 4670/4670 4664/4664
f 4656/4656 4664/4664 4666/4666
f 4671/4671 4655/4655 4665/4665
f 4660/4660 4672/4672 4665/4665
f 4666/4666 4667/4667 4661/4661
f 4663/4663 4668/4668 4669/4669
f 4669/4669 4672/4672 4660/4660
f 4655/4655 4671/4671 4670/4670
f 4670/4670 4666/4666 4664/4664
f 4665/4665 4673/4673 4671/4671
f 4674/4674 4665/4665 4672/4672
f 4675/4675 4669/4669 4668/4668
f 4675/4675 4672/4672 4669/4669
f 4673/4673 4670/4670 4671/4671
f 4665/4665 4674/4674 4673/4673
f 4676/4676 4674/4674 4672/4672
f 4677/4677 4672/4672 4675/4675
f 4676/4676 4673/4673 4674/4674
f 4672/4672 4677/4677 4676/4676
f 4678/4678 4679/4679 4680/4680
f 4681/4681 4679/4679 4678/4678
f 4682/4682 4680/4680 4679/4679
f 4678/4678 4680/4680 4683/4683
f 4681/4681 4684/4684 4679/4679
f 4681/4681 4678/4678 4685/4685
f 4680/4680 4682/4682 4686/4686
f 4687/4687 4682/4682 4679/4679
f 4680/4680 4686/4686 4683/4683
f 4688/4688 4684/4684 4681/4681
f 4689/4689 4679/4679 4684/4684
f 4688/4688 4681/4681 4685/4685
f 4682/4682 4690/4690 4686/4686
f 4687/4687 4690/4690 4682/4682
f 4679/4679 4689/4689 4687/4687
f 4691/4691 4684/4684 4688/4688
f 4689/4689 4684/4684 4692/4692
f 4688/4688 4685/4685 4693/4693
f 4690/4690 4694/4694 4686/4686
f 4690/4690 4687/4687 4689/4689
f 4695/4695 4684/4684 4691/4691
f 4691/4691 4688/4688 4696/4696
f 4697/4697 4689/4689 4692/4692
f 4692/4692 4684/4684 4695/4695
f 4688/4688 4693/4693 4698/4698
f 4694/4694 4699/4699 4686/4686
f 4690/4690 4700/4700 4694/4694
f 4701/4701 4690/4690 4689/4689
f 4695/4695 4691/4691 4702/4702
f 4698/4698 4696/4696 4688/4688
f 4696/4696 4703/4703 4691/4691
f 4689/4689 4697/4697 4701/4701
f 4692/4692 4704/4704 4697/4697
f 4704/4704 4692/4692 4695/4695
f 4705/4705 4698/4698 4693/4693
f 4699/4699 4694/4694 4706/4706
f 4694/4694 4700/4700 4707/4707
f 4701/4701 4700/4700 4690/4690
f 4702/4702 4708/4708 4695/4695
f 4702/4702 4691/4691 4703/4703
f 4698/4698 4709/4709 4696/4696
f 4696/4696 4710/4710 4703/4703
f 4697/4697 4711/4711 4701/4701
f 4712/4712 4697/4697 4704/4704
f 4704/4704 4695/4695 4713/4713
f 4705/4705 4714/4714 4698/4698
f 4694/4694 4707/4707 4706/4706
f 4715/4715 4707/4707 4700/4700
f 4716/4716 4700/4700 4701/4701
f 4702/4702 4717/4717 4708/4708
f 4713/4713 4695/4695 4708/4708
f 4703/4703 4718/4718 4702/4702
f 4709/4709 4719/4719 4696/4696
f 4720/4720 4709/4709 4698/4698
f 4719/4719 4710/4710 4696/4696
f 4710/4710 4721/4721 4703/4703
f 4722/4722 4711/4711 4697/4697
f 4711/4711 4716/4716 4701/4701
f 4713/4713 4712/4712 4704/4704
f 4712/4712 4723/4723 4697/4697
f 4714/4714 4720/4720 4698/4698
f 4724/4724 4714/4714 4705/4705
f 4706/4706 4707/4707 4725/4725
f 4707/4707 4715/4715 4726/4726
f 4716/4716 4715/4715 4700/4700
f 4727/4727 4717/4717 4702/4702
f 4717/4717 4728/4728 4708/4708
f 4708/4708 4729/4729 4713/4713
f 4718/4718 4727/4727 4702/4702
f 4703/4703 4721/4721 4718/4718
f 4730/4730 4719/4719 4709/4709
f 4709/4709 4720/4720 4730/4730
f 4710/4710 4719/4719 4721/4721
f 4722/4722 4731/4731 4711/4711
f 4697/4697 4723/4723 4722/4722
f 4716/4716 4711/4711 4732/4732
f 4733/4733 4712/4712 4713/4713
f 4734/4734 4723/4723 4712/4712
f 4730/4730 4720/4720 4714/4714
f 4724/4724 4730/4730 4714/4714
f 4707/4707 4726/4726 4725/4725
f 4716/4716 4726/4726 4715/4715
f 4727/4727 4735/4735 4717/4717
f 4735/4735 4728/4728 4717/4717
f 4728/4728 4736/4736 4708/4708
f 4737/4737 4713/4713 4729/4729
f 4736/4736 4729/4729 4708/4708
f 4721/4721 4727/4727 4718/4718
f 4738/4738 4719/4719 4730/4730
f 4721/4721 4719/4719 4739/4739
f 4731/4731 4722/4722 4740/4740
f 4711/4711 4731/4731 4741/4741
f 4734/4734 4722/4722 4723/4723
f 4711/4711 4742/4742 4732/4732
f 4732/4732 4743/4743 4716/4716
f 4733/4733 4744/4744 4712/4712
f 4737/4737 4733/4733 4713/4713
f 4745/4745 4734/4734 4712/4712
f 4738/4738 4730/4730 4724/4724
f 4726/4726 4746/4746 4725/4725
f 4747/4747 4726/4726 4716/4716
f 4735/4735 4727/4727 4748/4748
f 4735/4735 4749/4749 4728/4728
f 4728/4728 4749/4749 4736/4736
f 4729/4729 4750/4750 4737/4737
f 4729/4729 4736/4736 4750/4750
f 4721/4721 4748/4748 4727/4727
f 4739/4739 4751/4751 4721/4721
f 4752/4752 4740/4740 4722/4722
f 4731/4731 4740/4740 4753/4753
f 4711/4711 4741/4741 4742/4742
f 4731/4731 4754/4754 4741/4741
f 4752/4752 4722/4722 4734/4734
f 4742/4742 4755/4755 4732/4732
f 4743/4743 4747/4747 4716/4716
f 4743/4743 4732/4732 4756/4756
f 4757/4757 4744/4744 4733/4733
f 4745/4745 4712/4712 4744/4744
f 4733/4733 4737/4737 4758/4758
f 4759/4759 4734/4734 4745/4745
f 4760/4760 4746/4746 4726/4726
f 4747/4747 4760/4760 4726/4726
f 4749/4749 4735/4735 4748/4748
f 4736/4736 4749/4749 4750/4750
f 4750/4750 4761/4761 4737/4737
f 4748/4748 4721/4721 4751/4751
f 4753/4753 4754/4754 4731/4731
f 4741/4741 3354/3354 4742/4742
f 4741/4741 4754/4754 3354/3354
f 4752/4752 4734/4734 4759/4759
f 4732/4732 4755/4755 4756/4756
f 4762/4762 4755/4755 4742/4742
f 4743/4743 4763/4763 4747/4747
f 4764/4764 4743/4743 4756/4756
f 4733/4733 4758/4758 4757/4757
f 4744/4744 4757/4757 4765/4765
f 4766/4766 4745/4745 4744/4744
f 4737/4737 4761/4761 4758/4758
f 4759/4759 4745/4745 4766/4766
f 4760/4760 4767/4767 4746/4746
f 4763/4763 4760/4760 4747/4747
f 4749/4749 4748/4748 4768/4768
f 4749/4749 4761/4761 4750/4750
f 4768/4768 4748/4748 4751/4751
f 4753/4753 3365/3365 4754/4754
f 4762/4762 4742/4742 3354/3354
f 4754/4754 3365/3365 3354/3354
f 4752/4752 4759/4759 4769/4769
f 4770/4770 4756/4756 4755/4755
f 4755/4755 4762/4762 3326/3326
f 4763/4763 4743/4743 4771/4771
f 4743/4743 4764/4764 4771/4771
f 4772/4772 4764/4764 4756/4756
f 4758/4758 4765/4765 4757/4757
f 4744/4744 4765/4765 4773/4773
f 4773/4773 4766/4766 4744/4744
f 4761/4761 4774/4774 4758/4758
f 4769/4769 4759/4759 4766/4766
f 4760/4760 4771/4771 4767/4767
f 4746/4746 4767/4767 4775/4775
f 4760/4760 4763/4763 4771/4771
f 4768/4768 4774/4774 4749/4749
f 4749/4749 4774/4774 4761/4761
f 3335/3335 4762/4762 3354/3354
f 4776/4776 4752/4752 4769/4769
f 4770/4770 4772/4772 4756/4756
f 3326/3326 4770/4770 4755/4755
f 3335/3335 3326/3326 4762/4762
f 4771/4771 4764/4764 4777/4777
f 4764/4764 4772/4772 4777/4777
f 4774/4774 4765/4765 4758/4758
f 4765/4765 4778/4778 4773/4773
f 4766/4766 4773/4773 4778/4778
f 4766/4766 4779/4779 4769/4769
f 4777/4777 4767/4767 4771/4771
f 4780/4780 4775/4775 4767/4767
f 4769/4769 4781/4781 4776/4776
f 4772/4772 4780/4780 4777/4777
f 4774/4774 4782/4782 4765/4765
f 4778/4778 4765/4765 4782/4782
f 4766/4766 4778/4778 4779/4779
f 4779/4779 4781/4781 4769/4769
f 4777/4777 4780/4780 4767/4767
f 4782/4782 4783/4783 4778/4778
f 4778/4778 4784/4784 4779/4779
f 4784/4784 4781/4781 4779/4779
f 4783/4783 4785/4785 4778/4778
f 4785/4785 4784/4784 4778/4778
f 4781/4781 4784/4784 4786/4786
f 4785/4785 4786/4786 4784/4784
f 4787/4787 2639/2639 4788/4788
f 2637/2637 2639/2639 4787/4787
f 4789/4789 4787/4787 4788/4788
f 2637/2637 4787/4787 4790/4790
f 4788/4788 4791/4791 4789/4789
f 4792/4792 4787/4787 4789/4789
f 4787/4787 4792/4792 4790/4790
f 2643/2643 2637/2637 4790/4790
f 4793/4793 4789/4789 4791/4791
f 4789/4789 4794/4794 4792/4792
f 2648/2648 4790/4790 4792/4792
f 2648/2648 2643/2643 4790/4790
f 4791/4791 4795/4795 4793/4793
f 4793/4793 4796/4796 4789/4789
f 4797/4797 4794/4794 4789/4789
f 4794/4794 4798/4798 4792/4792
f 4792/4792 4799/4799 2648/2648
f 4793/4793 4795/4795 4800/4800
f 4791/4791 3063/3063 4795/4795
f 4796/4796 4793/4793 4801/4801
f 4797/4797 4789/4789 4796/4796
f 4794/4794 4797/4797 4802/4802
f 4798/4798 4794/4794 4802/4802
f 4792/4792 4798/4798 4799/4799
f 4799/4799 4803/4803 2648/2648
f 4801/4801 4793/4793 4800/4800
f 4795/4795 3059/3059 4800/4800
f 4795/4795 3063/3063 3060/3060
f 4801/4801 4804/4804 4796/4796
f 4796/4796 4804/4804 4797/4797
f 4797/4797 4805/4805 4802/4802
f 4802/4802 4806/4806 4798/4798
f 4798/4798 4806/4806 4799/4799
f 4799/4799 4806/4806 4803/4803
f 2648/2648 4803/4803 2653/2653
f 4801/4801 4800/4800 4807/4807
f 3059/3059 4795/4795 3060/3060
f 4800/4800 3059/3059 3056/3056
f 4801/4801 4807/4807 4804/4804
f 4808/4808 4797/4797 4804/4804
f 4805/4805 4797/4797 4808/4808
f 4805/4805 4809/4809 4802/4802
f 4802/4802 4809/4809 4806/4806
f 4806/4806 4810/4810 4803/4803
f 4803/4803 4811/4811 2653/2653
f 4800/4800 3056/3056 4807/4807
f 4807/4807 4808/4808 4804/4804
f 4808/4808 4812/4812 4805/4805
f 4809/4809 4805/4805 4812/4812
f 4806/4806 4809/4809 4813/4813
f 4806/4806 4814/4814 4810/4810
f 4803/4803 4810/4810 4811/4811
f 2653/2653 4811/4811 2661/2661
f 3056/3056 3052/3052 4807/4807
f 3049/3049 4808/4808 4807/4807
f 3049/3049 4812/4812 4808/4808
f 4812/4812 4815/4815 4809/4809
f 3216/3216 4813/4813 4809/4809
f 4813/4813 4814/4814 4806/4806
f 4814/4814 4816/4816 4810/4810
f 4817/4817 4811/4811 4810/4810
f 4811/4811 4817/4817 2661/2661
f 4807/4807 3052/3052 3049/3049
f 3049/3049 3045/3045 4812/4812
f 4815/4815 4812/4812 3208/3208
f 4815/4815 3216/3216 4809/4809
f 4813/4813 3216/3216 3214/3214
f 4814/4814 4813/4813 3214/3214
f 4814/4814 4818/4818 4816/4816
f 4810/4810 4816/4816 4817/4817
f 3200/3200 4812/4812 3045/3045
f 3208/3208 3216/3216 4815/4815
f 3208/3208 4812/4812 4819/4819
f 4818/4818 4814/4814 3214/3214
f 4820/4820 4816/4816 4818/4818
f 4816/4816 4821/4821 4817/4817
f 4819/4819 4812/4812 3200/3200
f 3208/3208 4819/4819 3202/3202
f 3214/3214 3204/3204 4818/4818
f 4818/4818 4822/4822 4820/4820
f 4816/4816 4820/4820 4821/4821
f 4819/4819 3200/3200 3202/3202
f 4823/4823 4818/4818 3204/3204
f 4818/4818 4823/4823 4822/4822
f 4820/4820 4822/4822 4824/4824
f 4823/4823 4825/4825 4822/4822
f 4822/4822 4825/4825 4824/4824
f 4637/4637 4740/4740 4628/4628
f 4637/4637 4644/4644 4740/4740
f 4628/4628 4740/4740 4645/4645
f 4644/4644 4753/4753 4740/4740
f 4645/4645 4740/4740 4752/4752
f 4644/4644 4826/4826 4753/4753
f 4776/4776 4645/4645 4752/4752
f 4826/4826 4644/4644 4827/4827
f 3365/3365 4753/4753 4826/4826
f 4644/4644 4828/4828 4827/4827
f 4827/4827 3370/3370 4826/4826
f 3365/3365 4826/4826 3370/3370
f 4828/4828 4829/4829 4827/4827
f 4651/4651 4828/4828 4644/4644
f 3371/3371 3370/3370 4827/4827
f 4829/4829 3371/3371 4827/4827
f 4828/4828 4830/4830 4829/4829
f 4828/4828 4651/4651 4830/4830
f 3375/3375 3371/3371 4829/4829
f 4831/4831 4829/4829 4830/4830
f 4651/4651 4635/4635 4830/4830
f 4829/4829 4831/4831 3375/3375
f 3381/3381 4831/4831 4830/4830
f 4635/4635 4832/4832 4830/4830
f 4831/4831 3381/3381 3375/3375
f 4830/4830 4833/4833 3381/3381
f 4635/4635 4652/4652 4832/4832
f 4830/4830 4832/4832 4833/4833
f 4833/4833 4834/4834 3381/3381
f 4832/4832 4652/4652 4835/4835
f 4833/4833 4832/4832 4835/4835
f 4834/4834 4833/4833 4835/4835
f 4834/4834 4835/4835 4652/4652
f 2728/2728 4836/4836 2720/2720
f 4836/4836 2728/2728 4837/4837
f 4836/4836 4838/4838 2720/2720
f 4836/4836 4837/4837 4839/4839
f 4838/4838 4836/4836 4840/4840
f 4841/4841 2720/2720 4838/4838
f 4839/4839 4837/4837 4842/4842
f 4840/4840 4836/4836 4839/4839
f 4838/4838 4840/4840 4843/4843
f 2720/2720 4841/4841 2715/2715
f 4838/4838 4844/4844 4841/4841
f 4839/4839 4842/4842 4845/4845
f 4839/4839 4846/4846 4840/4840
f 4843/4843 4840/4840 4847/4847
f 4848/4848 4838/4838 4843/4843
f 2715/2715 4841/4841 4849/4849
f 4838/4838 4848/4848 4844/4844
f 4841/4841 4844/4844 4850/4850
f 4845/4845 4851/4851 4839/4839
f 4846/4846 4839/4839 4851/4851
f 4846/4846 4847/4847 4840/4840
f 4852/4852 4843/4843 4847/4847
f 4848/4848 4843/4843 4853/4853
f 2715/2715 4849/4849 4854/4854
f 4850/4850 4849/4849 4841/4841
f 4855/4855 4844/4844 4848/4848
f 4856/4856 4850/4850 4844/4844
f 4851/4851 4845/4845 4857/4857
f 4851/4851 4858/4858 4846/4846
f 4846/4846 4858/4858 4847/4847
f 4858/4858 4852/4852 4847/4847
f 4852/4852 4859/4859 4843/4843
f 4853/4853 4843/4843 4859/4859
f 4860/4860 4848/4848 4853/4853
f 4849/4849 2704/2704 4854/4854
f 2715/2715 4854/4854 2705/2705
f 4850/4850 4861/4861 4849/4849
f 4855/4855 4856/4856 4844/4844
f 4855/4855 4848/4848 4860/4860
f 4850/4850 4856/4856 4862/4862
f 4857/4857 4863/4863 4851/4851
f 4858/4858 4851/4851 4863/4863
f 4858/4858 4863/4863 4852/4852
f 4859/4859 4852/4852 4864/4864
f 4860/4860 4853/4853 4859/4859
f 2705/2705 4854/4854 2704/2704
f 4861/4861 2704/2704 4849/4849
f 4862/4862 4861/4861 4850/4850
f 4865/4865 4856/4856 4855/4855
f 4860/4860 4865/4865 4855/4855
f 4856/4856 4865/4865 4862/4862
f 4857/4857 4866/4866 4863/4863
f 4863/4863 4867/4867 4852/4852
f 4852/4852 4867/4867 4864/4864
f 4864/4864 4868/4868 4859/4859
f 4859/4859 4869/4869 4860/4860
f 2704/2704 4861/4861 2706/2706
f 4861/4861 4862/4862 4870/4870
f 4869/4869 4865/4865 4860/4860
f 4871/4871 4862/4862 4865/4865
f 4867/4867 4863/4863 4866/4866
f 4868/4868 4869/4869 4859/4859
f 4868/4868 4864/4864 4872/4872
f 4861/4861 4873/4873 2706/2706
f 4862/4862 4874/4874 4870/4870
f 4873/4873 4861/4861 4870/4870
f 4865/4865 4869/4869 4875/4875
f 4862/4862 4871/4871 4876/4876
f 4875/4875 4871/4871 4865/4865
f 4869/4869 4868/4868 4875/4875
f 4868/4868 4872/4872 4875/4875
f 4864/4864 4877/4877 4872/4872
f 4876/4876 4874/4874 4862/4862
f 4874/4874 4873/4873 4870/4870
f 4875/4875 4876/4876 4871/4871
f 4872/4872 4877/4877 4875/4875
f 4864/4864 4878/4878 4877/4877
f 4879/4879 4876/4876 4875/4875
f 4877/4877 4878/4878 4875/4875
f 4878/4878 4879/4879 4875/4875
f 4880/4880 4881/4881 4882/4882
f 4881/4881 4880/4880 4883/4883
f 4882/4882 4881/4881 4884/4884
f 4880/4880 4882/4882 4885/4885
f 4883/4883 4884/4884 4881/4881
f 4886/4886 4883/4883 4880/4880
f 4884/4884 4887/4887 4882/4882
f 4885/4885 4882/4882 4888/4888
f 4885/4885 4889/4889 4880/4880
f 4890/4890 4884/4884 4883/4883
f 4886/4886 4890/4890 4883/4883
f 4880/4880 4891/4891 4886/4886
f 4887/4887 4888/4888 4882/4882
f 4892/4892 4887/4887 4884/4884
f 4893/4893 4885/4885 4888/4888
f 4894/4894 4889/4889 4885/4885
f 4889/4889 4895/4895 4880/4880
f 4890/4890 4236/4236 4884/4884
f 4896/4896 4890/4890 4886/4886
f 4891/4891 4880/4880 4895/4895
f 4896/4896 4886/4886 4891/4891
f 4897/4897 4888/4888 4887/4887
f 4236/4236 4892/4892 4884/4884
f 4898/4898 4887/4887 4892/4892
f 4899/4899 4885/4885 4893/4893
f 4888/4888 4900/4900 4893/4893
f 4885/4885 4901/4901 4894/4894
f 4889/4889 4894/4894 4895/4895
f 4242/4242 4236/4236 4890/4890
f 4896/4896 4242/4242 4890/4890
f 4902/4902 4891/4891 4895/4895
f 4891/4891 4903/4903 4896/4896
f 4897/4897 4887/4887 4224/4224
f 4897/4897 4900/4900 4888/4888
f 4892/4892 4236/4236 4233/4233
f 4892/4892 4195/4195 4898/4898
f 4898/4898 4224/4224 4887/4887
f 4893/4893 4904/4904 4899/4899
f 4899/4899 4901/4901 4885/4885
f 4893/4893 4900/4900 4904/4904
f 4901/4901 4905/4905 4894/4894
f 4906/4906 4895/4895 4894/4894
f 2125/2125 4242/4242 4896/4896
f 4895/4895 4907/4907 4902/4902
f 4903/4903 4891/4891 4902/4902
f 4908/4908 4896/4896 4903/4903
f 4224/4224 4909/4909 4897/4897
f 4897/4897 4909/4909 4900/4900
f 4892/4892 4233/4233 4205/4205
f 4195/4195 4211/4211 4898/4898
f 4892/4892 4205/4205 4195/4195
f 4898/4898 4211/4211 4224/4224
f 4910/4910 4904/4904 4900/4900
f 4894/4894 4905/4905 4911/4911
f 4906/4906 4894/4894 4911/4911
f 4907/4907 4895/4895 4906/4906
f 4896/4896 4908/4908 2125/2125
f 4902/4902 4907/4907 4912/4912
f 4902/4902 4913/4913 4903/4903
f 4914/4914 4908/4908 4903/4903
f 4246/4246 4909/4909 4224/4224
f 4900/4900 4909/4909 4910/4910
f 4205/4205 4233/4233 4219/4219
f 4915/4915 4906/4906 4911/4911
f 4915/4915 4907/4907 4906/4906
f 4914/4914 2125/2125 4908/4908
f 2093/2093 4902/4902 4912/4912
f 4912/4912 4907/4907 4915/4915
f 4913/4913 4902/4902 2093/2093
f 4913/4913 4914/4914 4903/4903
f 4909/4909 4246/4246 4255/4255
f 4255/4255 4910/4910 4909/4909
f 4233/4233 4225/4225 4219/4219
f 4911/4911 4916/4916 4915/4915
f 4914/4914 2116/2116 2125/2125
f 2093/2093 4912/4912 2087/2087
f 2087/2087 4912/4912 4915/4915
f 2093/2093 2105/2105 4913/4913
f 2105/2105 4914/4914 4913/4913
f 4915/4915 4916/4916 2087/2087
f 2116/2116 4914/4914 2105/2105
f 2087/2087 4916/4916 2086/2086
f 4917/4917 4168/4168 4918/4918
f 4917/4917 4919/4919 4168/4168
f 4918/4918 4168/4168 4169/4169
f 4917/4917 4918/4918 4920/4920
f 4919/4919 4921/4921 4168/4168
f 4919/4919 4917/4917 4920/4920
f 4918/4918 4169/4169 4922/4922
f 4920/4920 4918/4918 4922/4922
f 4923/4923 4921/4921 4919/4919
f 4168/4168 4921/4921 4166/4166
f 4922/4922 4169/4169 4155/4155
f 4924/4924 4920/4920 4922/4922
f 4919/4919 4925/4925 4923/4923
f 4921/4921 4923/4923 4163/4163
f 4163/4163 4166/4166 4921/4921
f 4922/4922 4155/4155 4150/4150
f 4150/4150 4924/4924 4922/4922
f 4925/4925 4165/4165 4923/4923
f 4165/4165 4163/4163 4923/4923
f 4210/4210 4924/4924 4150/4150
f 4223/4223 4924/4924 4210/4210
f 4926/4926 4924/4924 4223/4223
f 4927/4927 4928/4928 4929/4929
f 4928/4928 4930/4930 4929/4929
f 4929/4929 4931/4931 4927/4927
f 4930/4930 4932/4932 4929/4929
f 4927/4927 4931/4931 4933/4933
f 4932/4932 4931/4931 4929/4929
f 4934/4934 4933/4933 4931/4931
f 4927/4927 4933/4933 4935/4935
f 4935/4935 4933/4933 4934/4934
f 4931/4931 4936/4936 4934/4934
f 4927/4927 4935/4935 4937/4937
f 4938/4938 4935/4935 4934/4934
f 4931/4931 4939/4939 4936/4936
f 4934/4934 4936/4936 4940/4940
f 4938/4938 4937/4937 4935/4935
f 4927/4927 4937/4937 4941/4941
f 4942/4942 4938/4938 4934/4934
f 4936/4936 4939/4939 4943/4943
f 4940/4940 4936/4936 4943/4943
f 4942/4942 4934/4934 4940/4940
f 4938/4938 4944/4944 4937/4937
f 4941/4941 4937/4937 4944/4944
f 4938/4938 4942/4942 4945/4945
f 4943/4943 4946/4946 4940/4940
f 4940/4940 4947/4947 4942/4942
f 4944/4944 4938/4938 4945/4945
f 4941/4941 4944/4944 4948/4948
f 4946/4946 4947/4947 4940/4940
f 4943/4943 4949/4949 4946/4946
f 4948/4948 4944/4944 4945/4945
f 4946/4946 4949/4949 4947/4947
f 2032/2032 3954/3954 2033/2033
f 4950/4950 4951/4951 4952/4952
f 4950/4950 4953/4953 4951/4951
f 4952/4952 4951/4951 4954/4954
f 4950/4950 4952/4952 4955/4955
f 4950/4950 4956/4956 4953/4953
f 4951/4951 4953/4953 4957/4957
f 4954/4954 4958/4958 4952/4952
f 4954/4954 4951/4951 4957/4957
f 4956/4956 4950/4950 4955/4955
f 4955/4955 4952/4952 4959/4959
f 4953/4953 4956/4956 4960/4960
f 4953/4953 4961/4961 4957/4957
f 4952/4952 4958/4958 4962/4962
f 4954/4954 4963/4963 4958/4958
f 4957/4957 4963/4963 4954/4954
f 4964/4964 4956/4956 4955/4955
f 4965/4965 4959/4959 4952/4952
f 4955/4955 4959/4959 4966/4966
f 4960/4960 4956/4956 4967/4967
f 4968/4968 4953/4953 4960/4960
f 4961/4961 4953/4953 4968/4968
f 4961/4961 4969/4969 4957/4957
f 4952/4952 4962/4962 4965/4965
f 4958/4958 4963/4963 4970/4970
f 4963/4963 4957/4957 4971/4971
f 4964/4964 4967/4967 4956/4956
f 4972/4972 4964/4964 4955/4955
f 4959/4959 4965/4965 4973/4973
f 4966/4966 4959/4959 4973/4973
f 4972/4972 4955/4955 4966/4966
f 4967/4967 4974/4974 4960/4960
f 4960/4960 4975/4975 4968/4968
f 4968/4968 4976/4976 4961/4961
f 4976/4976 4969/4969 4961/4961
f 4957/4957 4969/4969 4977/4977
f 4978/4978 4965/4965 4962/4962
f 4971/4971 4970/4970 4963/4963
f 4971/4971 4957/4957 4977/4977
f 4979/4979 4967/4967 4964/4964
f 4972/4972 3905/3905 4964/4964
f 4980/4980 4973/4973 4965/4965
f 3899/3899 4966/4966 4973/4973
f 4981/4981 4972/4972 4966/4966
f 4982/4982 4974/4974 4967/4967
f 4960/4960 4974/4974 4983/4983
f 4975/4975 4960/4960 4983/4983
f 4976/4976 4968/4968 4975/4975
f 4969/4969 4976/4976 4984/4984
f 4984/4984 4977/4977 4969/4969
f 4965/4965 4978/4978 4980/4980
f 4970/4970 4971/4971 4985/4985
f 4971/4971 4977/4977 4986/4986
f 4979/4979 4982/4982 4967/4967
f 3896/3896 4979/4979 4964/4964
f 3905/3905 3896/3896 4964/4964
f 3892/3892 3905/3905 4972/4972
f 4973/4973 4980/4980 3899/3899
f 4981/4981 4966/4966 3899/3899
f 4981/4981 3892/3892 4972/4972
f 4987/4987 4974/4974 4982/4982
f 4974/4974 4987/4987 4983/4983
f 4983/4983 4988/4988 4975/4975
f 4989/4989 4976/4976 4975/4975
f 4990/4990 4984/4984 4976/4976
f 4977/4977 4984/4984 4991/4991
f 4980/4980 4978/4978 4992/4992
f 4985/4985 4971/4971 4993/4993
f 4993/4993 4971/4971 4986/4986
f 4986/4986 4977/4977 4991/4991
f 4979/4979 3890/3890 4982/4982
f 3890/3890 4979/4979 3896/3896
f 3899/3899 4980/4980 4994/4994
f 4981/4981 3899/3899 3885/3885
f 3892/3892 4981/4981 3885/3885
f 4982/4982 3883/3883 4987/4987
f 4983/4983 4987/4987 4995/4995
f 4996/4996 4988/4988 4983/4983
f 4975/4975 4988/4988 4989/4989
f 4976/4976 4989/4989 4990/4990
f 4984/4984 4990/4990 4991/4991
f 4992/4992 4978/4978 4985/4985
f 4980/4980 4992/4992 4997/4997
f 4985/4985 4993/4993 4998/4998
f 4999/4999 4993/4993 4986/4986
f 4986/4986 4991/4991 5000/5000
f 3890/3890 3883/3883 4982/4982
f 3899/3899 4994/4994 3906/3906
f 4997/4997 4994/4994 4980/4980
f 3883/3883 3889/3889 4987/4987
f 3914/3914 4995/4995 4987/4987
f 4983/4983 4995/4995 4996/4996
f 5001/5001 4988/4988 4996/4996
f 4988/4988 5001/5001 4989/4989
f 4990/4990 4989/4989 5002/5002
f 4991/4991 4990/4990 5003/5003
f 5004/5004 4992/4992 4985/4985
f 4997/4997 4992/4992 5005/5005
f 4998/4998 4993/4993 5006/5006
f 5007/5007 4985/4985 4998/4998
f 4999/4999 4986/4986 5008/5008
f 4999/4999 5006/5006 4993/4993
f 5008/5008 4986/4986 5000/5000
f 5009/5009 5000/5000 4991/4991
f 5010/5010 3906/3906 4994/4994
f 4994/4994 4997/4997 5010/5010
f 3889/3889 5011/5011 4987/4987
f 5011/5011 3914/3914 4987/4987
f 4995/4995 3914/3914 4996/4996
f 5001/5001 4996/4996 5012/5012
f 4989/4989 5001/5001 5002/5002
f 5002/5002 5013/5013 4990/4990
f 5003/5003 4990/4990 5014/5014
f 4991/4991 5003/5003 5009/5009
f 5005/5005 4992/4992 5004/5004
f 4985/4985 5007/5007 5004/5004
f 4997/4997 5005/5005 5015/5015
f 4998/4998 5006/5006 5016/5016
f 4998/4998 5017/5017 5007/5007
f 5008/5008 5018/5018 4999/4999
f 5006/5006 4999/4999 5016/5016
f 5008/5008 5000/5000 5018/5018
f 5019/5019 5000/5000 5009/5009
f 5010/5010 4997/4997 5020/5020
f 3877/3877 5011/5011 3889/3889
f 5011/5011 5021/5021 3914/3914
f 3914/3914 3919/3919 4996/4996
f 5022/5022 5001/5001 5012/5012
f 4996/4996 3919/3919 5012/5012
f 5002/5002 5001/5001 5022/5022
f 5013/5013 5002/5002 5022/5022
f 4990/4990 5013/5013 5014/5014
f 5003/5003 5014/5014 5023/5023
f 5023/5023 5009/5009 5003/5003
f 5015/5015 5005/5005 5004/5004
f 327/327 5004/5004 5007/5007
f 5024/5024 4997/4997 5015/5015
f 5017/5017 4998/4998 5016/5016
f 5007/5007 5017/5017 5025/5025
f 5016/5016 4999/4999 5018/5018
f 5019/5019 5018/5018 5000/5000
f 5009/5009 5023/5023 5019/5019
f 5020/5020 4997/4997 1963/1963
f 3661/3661 5010/5010 5020/5020
f 3877/3877 5021/5021 5011/5011
f 5021/5021 3907/3907 3914/3914
f 3950/3950 5022/5022 5012/5012
f 3919/3919 3935/3935 5012/5012
f 5022/5022 5026/5026 5013/5013
f 5023/5023 5014/5014 5013/5013
f 5015/5015 5004/5004 334/334
f 5007/5007 328/328 327/327
f 4997/4997 5024/5024 1963/1963
f 334/334 5024/5024 5015/5015
f 5016/5016 5027/5027 5017/5017
f 328/328 5007/5007 5025/5025
f 5025/5025 5017/5017 5028/5028
f 5016/5016 5018/5018 5027/5027
f 5019/5019 5029/5029 5018/5018
f 5019/5019 5023/5023 5030/5030
f 3661/3661 5020/5020 1963/1963
f 3877/3877 3872/3872 5021/5021
f 3894/3894 3907/3907 5021/5021
f 5022/5022 3950/3950 3956/3956
f 5012/5012 3935/3935 3950/3950
f 5031/5031 5013/5013 5026/5026
f 3956/3956 5026/5026 5022/5022
f 5013/5013 5031/5031 5023/5023
f 1963/1963 5024/5024 334/334
f 5017/5017 5027/5027 5028/5028
f 5018/5018 5029/5029 5027/5027
f 5030/5030 5029/5029 5019/5019
f 5023/5023 5031/5031 5030/5030
f 3876/3876 5021/5021 3872/3872
f 5021/5021 3876/3876 3894/3894
f 5026/5026 5032/5032 5031/5031
f 5033/5033 5026/5026 3956/3956
f 5027/5027 5034/5034 5028/5028
f 5027/5027 5029/5029 5034/5034
f 5034/5034 5029/5029 5030/5030
f 5031/5031 5035/5035 5030/5030
f 5032/5032 5035/5035 5031/5031
f 5032/5032 5026/5026 5033/5033
f 5033/5033 3956/3956 3965/3965
f 5030/5030 5036/5036 5034/5034
f 5030/5030 5035/5035 5036/5036
f 5032/5032 5037/5037 5035/5035
f 5032/5032 5033/5033 5037/5037
f 5037/5037 5033/5033 3965/3965
f 5038/5038 5034/5034 5036/5036
f 5035/5035 5039/5039 5036/5036
f 5039/5039 5035/5035 5037/5037
f 5037/5037 3965/3965 3971/3971
f 5038/5038 5036/5036 5039/5039
f 5040/5040 5039/5039 5037/5037
f 3971/3971 5040/5040 5037/5037
f 5038/5038 5039/5039 5041/5041
f 5039/5039 5040/5040 5042/5042
f 5040/5040 3971/3971 3982/3982
f 5041/5041 5039/5039 5043/5043
f 5042/5042 5040/5040 5044/5044
f 5043/5043 5039/5039 5042/5042
f 5045/5045 5040/5040 3982/3982
f 5046/5046 5041/5041 5043/5043
f 5044/5044 5040/5040 5045/5045
f 5042/5042 5044/5044 5047/5047
f 5043/5043 5042/5042 5048/5048
f 3994/3994 5045/5045 3982/3982
f 5049/5049 5041/5041 5046/5046
f 5046/5046 5043/5043 5048/5048
f 5047/5047 5044/5044 5045/5045
f 5042/5042 5047/5047 5050/5050
f 5051/5051 5048/5048 5042/5042
f 5052/5052 5045/5045 3994/3994
f 5053/5053 5049/5049 5046/5046
f 5046/5046 5048/5048 5051/5051
f 5052/5052 5047/5047 5045/5045
f 5042/5042 5050/5050 5054/5054
f 5047/5047 5052/5052 5050/5050
f 5051/5051 5042/5042 5054/5054
f 5049/5049 5053/5053 5055/5055
f 5053/5053 5046/5046 5056/5056
f 5050/5050 5052/5052 5054/5054
f 5057/5057 5055/5055 5053/5053
f 5055/5055 5058/5058 5049/5049
f 5057/5057 5053/5053 5056/5056
f 5055/5055 5057/5057 5059/5059
f 5058/5058 5055/5055 5060/5060
f 5059/5059 5060/5060 5055/5055
f 5060/5060 5061/5061 5058/5058
f 5062/5062 5060/5060 5059/5059
f 5063/5063 5058/5058 5061/5061
f 5062/5062 5061/5061 5060/5060
f 5064/5064 5058/5058 5063/5063
f 5063/5063 5061/5061 5062/5062
f 5064/5064 5063/5063 5065/5065
f 5066/5066 5063/5063 5062/5062
f 5065/5065 5063/5063 5067/5067
f 5066/5066 5067/5067 5063/5063
f 5065/5065 5067/5067 5068/5068
f 5068/5068 5067/5067 5066/5066
f 5069/5069 5070/5070 5071/5071
f 5071/5071 5070/5070 5072/5072
f 5073/5073 5072/5072 5070/5070
f 5072/5072 5074/5074 5071/5071
f 5072/5072 5073/5073 5075/5075
f 5074/5074 5072/5072 5075/5075
f 5076/5076 5071/5071 5074/5074
f 5073/5073 5077/5077 5075/5075
f 5074/5074 5075/5075 5078/5078
f 5074/5074 5079/5079 5076/5076
f 5075/5075 5077/5077 5080/5080
f 5078/5078 5075/5075 5081/5081
f 5074/5074 5078/5078 5079/5079
f 5079/5079 5082/5082 5076/5076
f 5077/5077 5083/5083 5080/5080
f 5075/5075 5080/5080 5081/5081
f 5078/5078 5081/5081 5084/5084
f 5079/5079 5078/5078 5084/5084
f 5082/5082 5079/5079 5084/5084
f 5076/5076 5082/5082 5085/5085
f 5080/5080 5083/5083 5086/5086
f 5081/5081 5080/5080 5087/5087
f 5088/5088 5084/5084 5081/5081
f 5089/5089 5082/5082 5084/5084
f 5082/5082 5089/5089 5085/5085
f 5080/5080 5086/5086 5087/5087
f 5081/5081 5087/5087 5088/5088
f 5084/5084 5088/5088 5089/5089
f 5089/5089 5090/5090 5085/5085
f 5087/5087 5086/5086 5091/5091
f 5088/5088 5087/5087 5092/5092
f 5088/5088 5090/5090 5089/5089
f 5087/5087 5091/5091 5093/5093
f 5093/5093 5092/5092 5087/5087
f 5090/5090 5088/5088 5092/5092
f 5092/5092 5093/5093 5090/5090
f 5094/5094 5095/5095 5096/5096
f 5097/5097 5098/5098 5099/5099
f 5100/5100 2056/2056 5101/5101
f 5102/5102 5103/5103 5104/5104
f 5103/5103 5102/5102 5105/5105
f 5106/5106 5104/5104 5103/5103
f 5104/5104 5107/5107 5102/5102
f 5105/5105 5102/5102 5108/5108
f 5109/5109 5103/5103 5105/5105
f 5110/5110 5104/5104 5106/5106
f 5110/5110 5107/5107 5104/5104
f 5107/5107 5111/5111 5102/5102
f 5108/5108 5102/5102 5112/5112
f 5113/5113 5105/5105 5108/5108
f 5114/5114 5109/5109 5105/5105
f 5102/5102 5111/5111 5115/5115
f 5102/5102 5115/5115 5112/5112
f 5108/5108 5112/5112 5116/5116
f 5114/5114 5105/5105 5113/5113
f 5113/5113 5108/5108 5117/5117
f 5109/5109 5114/5114 5118/5118
f 5119/5119 5115/5115 5111/5111
f 5112/5112 5115/5115 5120/5120
f 5112/5112 5121/5121 5116/5116
f 5116/5116 5122/5122 5108/5108
f 5123/5123 5114/5114 5113/5113
f 5122/5122 5117/5117 5108/5108
f 5109/5109 5118/5118 5124/5124
f 5118/5118 5114/5114 5123/5123
f 5119/5119 5111/5111 5125/5125
f 5120/5120 5115/5115 5119/5119
f 5112/5112 5120/5120 5121/5121
f 5116/5116 5121/5121 5126/5126
f 5116/5116 5126/5126 5122/5122
f 5113/5113 5127/5127 5123/5123
f 5124/5124 5118/5118 5128/5128
f 5129/5129 5109/5109 5124/5124
f 5130/5130 5118/5118 5123/5123
f 5111/5111 2042/2042 5125/5125
f 5131/5131 5119/5119 5125/5125
f 5132/5132 5120/5120 5119/5119
f 5133/5133 5121/5121 5120/5120
f 5126/5126 5121/5121 5133/5133
f 5127/5127 5134/5134 5123/5123
f 5135/5135 5124/5124 5128/5128
f 5136/5136 5128/5128 5118/5118
f 5124/5124 5137/5137 5129/5129
f 5138/5138 5130/5130 5123/5123
f 5118/5118 5130/5130 5136/5136
f 2044/2044 5125/5125 2042/2042
f 5119/5119 5131/5131 5132/5132
f 5131/5131 5125/5125 5139/5139
f 5120/5120 5132/5132 5133/5133
f 5133/5133 3998/3998 5126/5126
f 5140/5140 5134/5134 5127/5127
f 5123/5123 5134/5134 5138/5138
f 5137/5137 5124/5124 5135/5135
f 5135/5135 5128/5128 5141/5141
f 5128/5128 5136/5136 5142/5142
f 5130/5130 5138/5138 5143/5143
f 5136/5136 5130/5130 5143/5143
f 5139/5139 5125/5125 2044/2044
f 5144/5144 5132/5132 5131/5131
f 5132/5132 5145/5145 5133/5133
f 5133/5133 4000/4000 3998/3998
f 5146/5146 5134/5134 5140/5140
f 5147/5147 5140/5140 5127/5127
f 5146/5146 5138/5138 5134/5134
f 5148/5148 5137/5137 5135/5135
f 5141/5141 5149/5149 5135/5135
f 5141/5141 5128/5128 5142/5142
f 5142/5142 5136/5136 5150/5150
f 5146/5146 5143/5143 5138/5138
f 5151/5151 5136/5136 5143/5143
f 5144/5144 5131/5131 5152/5152
f 5145/5145 5132/5132 5144/5144
f 5145/5145 4000/4000 5133/5133
f 5153/5153 5146/5146 5140/5140
f 5153/5153 5140/5140 5147/5147
f 5149/5149 5148/5148 5135/5135
f 5149/5149 5141/5141 5142/5142
f 5136/5136 5151/5151 5150/5150
f 5154/5154 5142/5142 5150/5150
f 5143/5143 5146/5146 5155/5155
f 5156/5156 5151/5151 5143/5143
f 5144/5144 5152/5152 5157/5157
f 5158/5158 5152/5152 5131/5131
f 5159/5159 5145/5145 5144/5144
f 4001/4001 4000/4000 5145/5145
f 5153/5153 5155/5155 5146/5146
f 5153/5153 5147/5147 5160/5160
f 5142/5142 5154/5154 5149/5149
f 5150/5150 5151/5151 5161/5161
f 5162/5162 5154/5154 5150/5150
f 5151/5151 5156/5156 5163/5163
f 5144/5144 5157/5157 5159/5159
f 5157/5157 5152/5152 5164/5164
f 5165/5165 5152/5152 5158/5158
f 4001/4001 5145/5145 5159/5159
f 5166/5166 5160/5160 5147/5147
f 5166/5166 5153/5153 5160/5160
f 5163/5163 5161/5161 5151/5151
f 5150/5150 5161/5161 5101/5101
f 5167/5167 5163/5163 5156/5156
f 5168/5168 5159/5159 5157/5157
f 5164/5164 5152/5152 5165/5165
f 5169/5169 5157/5157 5164/5164
f 5165/5165 5158/5158 5170/5170
f 5161/5161 5163/5163 5100/5100
f 5100/5100 5101/5101 5161/5161
f 5171/5171 5150/5150 5101/5101
f 5156/5156 5155/5155 5167/5167
f 5172/5172 5163/5163 5167/5167
f 5173/5173 5159/5159 5168/5168
f 5168/5168 5157/5157 5174/5174
f 5165/5165 5175/5175 5164/5164
f 5174/5174 5157/5157 5169/5169
f 5176/5176 5169/5169 5164/5164
f 5158/5158 5139/5139 5170/5170
f 5165/5165 5170/5170 5175/5175
f 5100/5100 5163/5163 5172/5172
f 5172/5172 5167/5167 5177/5177
f 5164/5164 5175/5175 5178/5178
f 5169/5169 5179/5179 5174/5174
f 5164/5164 5178/5178 5176/5176
f 5169/5169 5176/5176 5179/5179
f 5139/5139 2051/2051 5170/5170
f 5170/5170 2053/2053 5175/5175
f 5100/5100 5172/5172 2065/2065
f 5172/5172 5177/5177 5180/5180
f 5178/5178 5175/5175 2053/2053
f 5178/5178 5181/5181 5176/5176
f 5181/5181 5179/5179 5176/5176
f 5170/5170 2051/2051 2053/2053
f 2057/2057 5100/5100 2065/2065
f 2065/2065 5172/5172 5182/5182
f 5172/5172 5180/5180 5183/5183
f 2053/2053 5184/5184 5178/5178
f 5184/5184 5181/5181 5178/5178
f 5182/5182 5172/5172 5183/5183
f 5183/5183 5180/5180 5185/5185
f 5186/5186 5185/5185 5180/5180
f 5187/5187 5183/5183 5185/5185
f 5180/5180 5188/5188 5186/5186
f 5186/5186 5187/5187 5185/5185
f 5186/5186 5188/5188 5189/5189
f 5187/5187 5186/5186 5190/5190
f 5188/5188 5191/5191 5189/5189
f 5190/5190 5186/5186 5189/5189
f 5190/5190 5192/5192 5187/5187
f 5189/5189 5191/5191 5096/5096
f 5190/5190 5189/5189 5193/5193
f 5190/5190 5194/5194 5192/5192
f 5193/5193 5189/5189 5096/5096
f 5190/5190 5193/5193 5194/5194
f 5195/5195 5192/5192 5194/5194
f 5193/5193 5096/5096 5196/5196
f 5193/5193 5197/5197 5194/5194
f 5194/5194 5198/5198 5195/5195
f 5096/5096 5095/5095 5196/5196
f 5196/5196 5197/5197 5193/5193
f 5194/5194 5197/5197 5199/5199
f 5194/5194 5200/5200 5198/5198
f 5195/5195 5198/5198 5201/5201
f 5095/5095 5202/5202 5196/5196
f 5196/5196 5202/5202 5197/5197
f 5197/5197 5203/5203 5199/5199
f 5194/5194 5199/5199 5204/5204
f 5204/5204 5200/5200 5194/5194
f 5201/5201 5198/5198 5200/5200
f 5195/5195 5201/5201 5205/5205
f 5095/5095 5206/5206 5202/5202
f 5202/5202 5203/5203 5197/5197
f 5200/5200 5204/5204 5207/5207
f 5200/5200 5208/5208 5201/5201
f 5205/5205 5201/5201 5209/5209
f 5202/5202 5206/5206 5203/5203
f 5210/5210 5207/5207 5204/5204
f 5207/5207 5208/5208 5200/5200
f 5201/5201 5208/5208 5211/5211
f 5201/5201 5211/5211 5209/5209
f 5212/5212 5207/5207 5210/5210
f 5208/5208 5207/5207 5213/5213
f 5211/5211 5208/5208 5214/5214
f 5211/5211 5215/5215 5209/5209
f 5207/5207 5212/5212 5213/5213
f 5216/5216 5212/5212 5210/5210
f 5208/5208 5213/5213 5217/5217
f 5208/5208 5217/5217 5214/5214
f 5211/5211 5214/5214 5218/5218
f 5218/5218 5215/5215 5211/5211
f 5215/5215 5219/5219 5209/5209
f 5212/5212 5216/5216 5213/5213
f 5217/5217 5213/5213 5216/5216
f 5217/5217 5220/5220 5214/5214
f 5220/5220 5218/5218 5214/5214
f 5215/5215 5218/5218 5221/5221
f 5219/5219 5215/5215 5222/5222
f 5223/5223 5217/5217 5216/5216
f 5223/5223 5220/5220 5217/5217
f 5218/5218 5220/5220 5224/5224
f 5215/5215 5221/5221 5222/5222
f 5221/5221 5218/5218 5224/5224
f 5219/5219 5222/5222 5225/5225
f 5224/5224 5220/5220 5226/5226
f 5227/5227 5222/5222 5221/5221
f 5221/5221 5224/5224 5228/5228
f 5227/5227 5225/5225 5222/5222
f 5219/5219 5225/5225 5229/5229
f 5230/5230 5224/5224 5226/5226
f 5231/5231 5227/5227 5221/5221
f 5232/5232 5228/5228 5224/5224
f 5221/5221 5228/5228 5231/5231
f 5225/5225 5227/5227 5233/5233
f 5233/5233 5229/5229 5225/5225
f 5234/5234 5230/5230 5226/5226
f 5230/5230 5235/5235 5224/5224
f 5227/5227 5231/5231 5233/5233
f 5232/5232 5224/5224 5235/5235
f 5228/5228 5232/5232 5236/5236
f 5236/5236 5231/5231 5228/5228
f 5230/5230 5234/5234 5237/5237
f 5235/5235 5230/5230 5237/5237
f 5237/5237 5232/5232 5235/5235
f 5232/5232 5237/5237 5236/5236
f 5237/5237 5234/5234 5238/5238
f 5236/5236 5237/5237 5238/5238
f 5238/5238 5234/5234 5239/5239
f 2050/2050 5240/5240 5241/5241
f 5242/5242 5241/5241 5240/5240
f 2048/2048 2050/2050 5241/5241
f 5241/5241 5242/5242 5181/5181
f 5243/5243 5242/5242 5240/5240
f 5181/5181 5184/5184 5241/5241
f 5181/5181 5242/5242 5179/5179
f 5179/5179 5242/5242 5243/5243
f 4927/4927 5244/5244 4928/4928
f 5245/5245 5244/5244 4927/4927
f 4928/4928 5244/5244 5246/5246
f 5246/5246 5244/5244 5245/5245
f 4927/4927 4941/4941 5245/5245
f 5245/5245 5247/5247 5246/5246
f 5248/5248 5245/5245 4941/4941
f 5247/5247 5245/5245 5248/5248
f 4941/4941 5249/5249 5248/5248
f 5247/5247 5248/5248 5250/5250
f 5251/5251 5249/5249 4941/4941
f 5252/5252 5248/5248 5249/5249
f 5250/5250 5253/5253 5247/5247
f 5248/5248 5254/5254 5250/5250
f 5251/5251 5255/5255 5249/5249
f 4941/4941 4948/4948 5251/5251
f 5256/5256 5252/5252 5249/5249
f 5252/5252 5257/5257 5248/5248
f 5258/5258 5253/5253 5250/5250
f 5254/5254 5259/5259 5250/5250
f 5248/5248 5257/5257 5254/5254
f 5255/5255 5260/5260 5249/5249
f 5261/5261 5255/5255 5251/5251
f 5251/5251 4948/4948 5261/5261
f 5256/5256 5262/5262 5252/5252
f 5260/5260 5256/5256 5249/5249
f 5262/5262 5257/5257 5252/5252
f 5250/5250 5259/5259 5258/5258
f 5254/5254 5263/5263 5259/5259
f 5257/5257 5264/5264 5254/5254
f 5265/5265 5260/5260 5255/5255
f 5266/5266 5255/5255 5261/5261
f 5261/5261 4948/4948 5267/5267
f 5262/5262 5256/5256 5264/5264
f 5268/5268 5256/5256 5260/5260
f 5264/5264 5257/5257 5262/5262
f 5258/5258 5259/5259 5269/5269
f 5263/5263 5269/5269 5259/5259
f 5270/5270 5263/5263 5254/5254
f 5264/5264 5270/5270 5254/5254
f 5271/5271 5260/5260 5265/5265
f 5266/5266 5265/5265 5255/5255
f 5266/5266 5261/5261 5272/5272
f 5273/5273 5264/5264 5256/5256
f 5268/5268 5260/5260 5271/5271
f 5274/5274 5256/5256 5268/5268
f 5269/5269 5275/5275 5258/5258
f 5276/5276 5269/5269 5263/5263
f 5277/5277 5263/5263 5270/5270
f 5278/5278 5270/5270 5264/5264
f 5266/5266 5271/5271 5265/5265
f 5264/5264 5273/5273 5278/5278
f 5256/5256 5274/5274 5273/5273
f 5271/5271 5279/5279 5268/5268
f 5279/5279 5274/5274 5268/5268
f 5280/5280 5275/5275 5269/5269
f 5280/5280 5269/5269 5276/5276
f 5263/5263 5277/5277 5276/5276
f 5270/5270 5278/5278 5277/5277
f 5266/5266 5281/5281 5271/5271
f 5282/5282 5278/5278 5273/5273
f 5283/5283 5273/5273 5274/5274
f 5281/5281 5279/5279 5271/5271
f 5284/5284 5274/5274 5279/5279
f 5275/5275 5280/5280 5285/5285
f 5286/5286 5280/5280 5276/5276
f 5287/5287 5276/5276 5277/5277
f 5288/5288 5277/5277 5278/5278
f 5289/5289 5281/5281 5266/5266
f 5278/5278 5282/5282 5288/5288
f 5273/5273 5290/5290 5282/5282
f 5274/5274 5291/5291 5283/5283
f 5290/5290 5273/5273 5283/5283
f 5284/5284 5279/5279 5281/5281
f 5291/5291 5274/5274 5284/5284
f 5292/5292 5285/5285 5280/5280
f 5292/5292 5280/5280 5286/5286
f 5276/5276 5287/5287 5286/5286
f 5277/5277 5288/5288 5287/5287
f 5289/5289 5293/5293 5281/5281
f 5282/5282 5287/5287 5288/5288
f 5294/5294 5282/5282 5290/5290
f 5291/5291 5295/5295 5283/5283
f 5296/5296 5290/5290 5283/5283
f 5281/5281 5293/5293 5284/5284
f 5293/5293 5291/5291 5284/5284
f 5297/5297 5292/5292 5286/5286
f 5298/5298 5286/5286 5287/5287
f 5299/5299 5293/5293 5289/5289
f 5300/5300 5287/5287 5282/5282
f 5282/5282 5294/5294 5300/5300
f 5290/5290 5301/5301 5294/5294
f 5302/5302 5283/5283 5295/5295
f 5295/5295 5291/5291 5299/5299
f 5303/5303 5296/5296 5283/5283
f 5301/5301 5290/5290 5296/5296
f 5299/5299 5291/5291 5293/5293
f 5286/5286 5298/5298 5297/5297
f 5287/5287 5300/5300 5298/5298
f 5289/5289 5304/5304 5299/5299
f 5301/5301 5300/5300 5294/5294
f 5303/5303 5283/5283 5302/5302
f 5295/5295 5305/5305 5302/5302
f 5304/5304 5295/5295 5299/5299
f 5306/5306 5296/5296 5303/5303
f 5307/5307 5301/5301 5296/5296
f 5297/5297 5298/5298 5308/5308
f 5308/5308 5298/5298 5300/5300
f 5309/5309 5304/5304 5289/5289
f 5307/5307 5300/5300 5301/5301
f 5310/5310 5303/5303 5302/5302
f 5305/5305 5295/5295 5311/5311
f 5312/5312 5302/5302 5305/5305
f 5311/5311 5295/5295 5304/5304
f 5313/5313 5306/5306 5303/5303
f 5296/5296 5306/5306 5307/5307
f 5300/5300 5307/5307 5308/5308
f 5311/5311 5304/5304 5309/5309
f 5303/5303 5310/5310 5313/5313
f 5314/5314 5310/5310 5302/5302
f 5311/5311 5315/5315 5305/5305
f 5312/5312 5305/5305 5315/5315
f 5312/5312 5316/5316 5302/5302
f 5306/5306 5313/5313 5317/5317
f 5306/5306 5317/5317 5307/5307
f 5317/5317 5308/5308 5307/5307
f 5309/5309 5318/5318 5311/5311
f 5319/5319 5313/5313 5310/5310
f 5310/5310 5314/5314 5319/5319
f 5302/5302 5316/5316 5314/5314
f 5318/5318 5315/5315 5311/5311
f 5320/5320 5316/5316 5312/5312
f 5319/5319 5317/5317 5313/5313
f 5321/5321 5308/5308 5317/5317
f 5314/5314 5322/5322 5319/5319
f 5323/5323 5314/5314 5316/5316
f 5316/5316 5320/5320 5323/5323
f 5317/5317 5319/5319 5321/5321
f 5322/5322 5321/5321 5319/5319
f 5314/5314 5323/5323 5322/5322
f 5320/5320 5322/5322 5323/5323
f 5324/5324 5325/5325 5326/5326
f 5324/5324 5056/5056 5325/5325
f 4186/4186 5327/5327 4184/4184
f 4184/4184 5327/5327 5328/5328
f 5328/5328 5329/5329 4184/4184
f 5329/5329 5330/5330 4184/4184
f 5331/5331 4159/4159 5332/5332
f 5331/5331 4154/4154 4159/4159
f 5332/5332 4159/4159 4164/4164
f 5331/5331 5332/5332 5333/5333
f 4154/4154 5331/5331 5334/5334
f 5333/5333 5332/5332 4164/4164
f 5335/5335 5331/5331 5333/5333
f 5334/5334 5331/5331 5335/5335
f 5336/5336 4154/4154 5334/5334
f 5333/5333 4164/4164 5337/5337
f 5333/5333 5338/5338 5335/5335
f 5334/5334 5335/5335 5339/5339
f 5336/5336 5334/5334 5340/5340
f 5341/5341 4154/4154 5336/5336
f 5337/5337 4164/4164 4162/4162
f 5337/5337 5342/5342 5333/5333
f 5333/5333 5342/5342 5338/5338
f 5335/5335 5338/5338 5339/5339
f 5340/5340 5334/5334 5339/5339
f 5336/5336 5340/5340 5343/5343
f 5341/5341 4147/4147 4154/4154
f 5344/5344 5341/5341 5336/5336
f 4162/4162 5345/5345 5337/5337
f 5342/5342 5337/5337 5346/5346
f 5338/5338 5342/5342 5347/5347
f 5348/5348 5340/5340 5339/5339
f 5340/5340 5348/5348 5343/5343
f 5344/5344 4147/4147 5341/5341
f 4162/4162 4157/4157 5345/5345
f 5346/5346 5337/5337 5345/5345
f 5346/5346 5347/5347 5342/5342
f 5345/5345 4157/4157 4165/4165
f 5349/5349 5346/5346 5345/5345
f 5345/5345 4165/4165 5349/5349
f 4925/4925 5349/5349 4165/4165
f 4180/4180 5330/5330 5350/5350
f 5351/5351 4970/4970 4985/4985
f 4958/4958 4970/4970 5351/5351
f 4962/4962 4958/4958 5351/5351
f 4978/4978 5351/5351 4985/4985
f 4978/4978 4962/4962 5351/5351
f 5352/5352 5353/5353 5354/5354
f 5354/5354 5355/5355 5352/5352
f 5354/5354 5353/5353 5356/5356
f 5357/5357 5352/5352 5355/5355
f 5358/5358 5359/5359 5360/5360
f 5361/5361 5358/5358 5360/5360
f 5358/5358 5361/5361 5362/5362
f 5362/5362 5363/5363 5358/5358
f 5362/5362 5361/5361 5364/5364
f 5365/5365 5364/5364 5361/5361
f 5363/5363 5350/5350 5358/5358
f 5366/5366 5358/5358 5350/5350
f 5358/5358 5366/5366 5359/5359
f 5366/5366 5350/5350 5367/5367
f 5368/5368 5366/5366 5367/5367
f 5350/5350 5330/5330 5367/5367
f 5361/5361 5360/5360 5357/5357
f 5359/5359 5357/5357 5360/5360
f 5363/5363 4185/4185 5350/5350
f 4180/4180 5350/5350 4185/4185
f 5361/5361 5357/5357 5355/5355
f 5361/5361 5355/5355 5369/5369
f 5355/5355 5356/5356 5369/5369
f 5356/5356 5370/5370 5369/5369
f 5369/5369 5370/5370 5371/5371
f 5356/5356 5353/5353 5370/5370
f 5369/5369 5371/5371 5361/5361
f 5359/5359 5366/5366 5372/5372
f 5368/5368 5373/5373 5366/5366
f 5373/5373 5374/5374 5366/5366
f 5374/5374 5372/5372 5366/5366
f 5330/5330 5375/5375 5367/5367
f 5330/5330 5329/5329 5375/5375
f 5375/5375 5368/5368 5367/5367
f 5373/5373 5368/5368 5375/5375
f 5328/5328 5375/5375 5329/5329
f 5355/5355 5354/5354 5356/5356
f 5376/5376 3688/3688 3698/3698
f 5376/5376 3698/3698 3703/3703
f 341/341 5377/5377 343/343
f 341/341 162/162 5377/5377
f 160/160 162/162 341/341
f 5377/5377 5378/5378 343/343
f 340/340 343/343 5378/5378
f 5376/5376 340/340 5378/5378
f 5379/5379 5377/5377 5380/5380
f 3682/3682 5379/5379 5380/5380
f 5380/5380 3692/3692 3682/3682
f 5377/5377 5379/5379 5378/5378
f 5379/5379 3688/3688 5378/5378
f 3682/3682 3688/3688 5379/5379
f 5380/5380 5377/5377 162/162
f 161/161 5380/5380 162/162
f 161/161 3707/3707 5380/5380
f 3692/3692 5380/5380 3707/3707
f 5376/5376 5378/5378 3688/3688
f 4493/4493 5381/5381 4513/4513
f 4513/4513 5381/5381 4533/4533
f 4533/4533 5381/5381 4525/4525
f 4502/4502 4525/4525 5381/5381
f 5381/5381 4493/4493 4502/4502
f 5382/5382 5383/5383 703/703
f 5383/5383 5382/5382 5384/5384
f 5384/5384 5382/5382 5385/5385
f 5386/5386 5383/5383 5384/5384
f 703/703 5387/5387 5382/5382
f 703/703 702/702 5387/5387
f 5388/5388 5383/5383 5386/5386
f 703/703 5383/5383 5388/5388
f 5386/5386 5389/5389 5388/5388
f 5390/5390 5388/5388 5389/5389
f 5388/5388 5390/5390 703/703
f 5390/5390 5389/5389 5391/5391
f 5390/5390 5391/5391 5392/5392
f 5391/5391 5393/5393 5392/5392
f 5393/5393 685/685 5392/5392
f 685/685 5393/5393 681/681
f 5394/5394 5393/5393 5391/5391
f 5394/5394 5395/5395 5393/5393
f 681/681 5393/5393 5395/5395
f 5395/5395 5396/5396 681/681
f 5397/5397 5396/5396 5395/5395
f 696/696 703/703 5390/5390
f 5390/5390 5392/5392 696/696
f 5398/5398 5384/5384 5385/5385
f 685/685 689/689 5392/5392
f 689/689 696/696 5392/5392
f 5396/5396 5397/5397 5399/5399
f 675/675 681/681 5396/5396
f 5397/5397 5400/5400 5399/5399
f 5385/5385 5382/5382 5401/5401
f 5402/5402 5398/5398 5385/5385
f 5385/5385 5401/5401 5402/5402
f 5382/5382 5387/5387 5403/5403
f 5403/5403 5387/5387 5404/5404
f 5386/5386 5405/5405 5389/5389
f 5405/5405 5406/5406 5389/5389
f 5396/5396 5399/5399 675/675
f 5407/5407 674/674 5408/5408
f 665/665 674/674 5407/5407
f 5399/5399 5408/5408 674/674
f 674/674 675/675 5399/5399
f 5408/5408 5399/5399 5400/5400
f 5400/5400 5407/5407 5408/5408
f 666/666 665/665 5407/5407
f 5400/5400 5409/5409 5407/5407
f 5409/5409 666/666 5407/5407
f 5410/5410 5411/5411 5412/5412
f 5410/5410 5412/5412 5413/5413
f 560/560 5412/5412 5411/5411
f 567/567 560/560 5411/5411
f 5414/5414 5415/5415 5416/5416
f 5416/5416 5417/5417 5414/5414
f 5418/5418 5417/5417 5416/5416
f 5417/5417 5418/5418 5419/5419
f 5419/5419 5418/5418 5420/5420
f 5421/5421 5419/5419 5420/5420
f 5422/5422 5423/5423 5424/5424
f 5425/5425 5424/5424 5423/5423
f 5424/5424 5425/5425 5426/5426
f 5424/5424 5426/5426 5427/5427
f 5427/5427 5426/5426 5418/5418
f 5420/5420 5418/5418 5426/5426
f 5426/5426 5425/5425 5420/5420
f 5425/5425 5421/5421 5420/5420
f 5423/5423 5422/5422 5428/5428
f 706/706 5423/5423 5428/5428
f 707/707 706/706 5428/5428
f 5429/5429 707/707 5428/5428
f 5430/5430 707/707 5429/5429
f 5430/5430 705/705 707/707
f 705/705 5430/5430 5431/5431
f 5432/5432 5429/5429 5428/5428
f 5428/5428 5422/5422 5432/5432
f 5433/5433 5432/5432 5422/5422
f 5422/5422 5434/5434 5433/5433
f 5430/5430 5435/5435 5431/5431
f 5430/5430 5429/5429 5435/5435
f 5422/5422 5436/5436 5434/5434
f 5433/5433 5434/5434 5437/5437
f 5434/5434 5438/5438 5437/5437
f 5437/5437 5439/5439 5433/5433
f 5437/5437 5440/5440 5439/5439
f 5440/5440 5437/5437 5438/5438
f 5440/5440 5438/5438 5441/5441
f 5438/5438 5434/5434 5442/5442
f 5436/5436 5442/5442 5434/5434
f 5442/5442 5443/5443 5438/5438
f 5441/5441 5438/5438 5443/5443
f 5418/5418 5416/5416 5427/5427
f 5444/5444 5445/5445 5446/5446
f 5414/5414 5445/5445 5444/5444
f 5414/5414 5444/5444 5415/5415
f 5415/5415 5446/5446 5447/5447
f 5416/5416 5415/5415 5447/5447
f 5416/5416 5447/5447 5427/5427
f 5415/5415 5444/5444 5446/5446
f 5448/5448 1913/1913 1912/1912
f 1741/1741 5448/5448 1912/1912
f 1741/1741 1726/1726 5448/5448
f 1913/1913 5449/5449 1912/1912
f 5448/5448 1726/1726 1723/1723
f 1727/1727 5448/5448 1723/1723
f 1727/1727 1913/1913 5448/5448
f 5449/5449 1913/1913 1768/1768
f 1784/1784 5449/5449 1768/1768
f 1777/1777 5449/5449 1784/1784
f 1912/1912 5449/5449 1772/1772
f 5449/5449 1777/1777 1772/1772
f 1763/1763 1912/1912 1772/1772
f 5450/5450 5451/5451 1742/1742
f 5451/5451 1738/1738 1742/1742
f 1738/1738 5451/5451 5452/5452
f 5452/5452 1747/1747 1738/1738
f 5453/5453 1747/1747 5452/5452
f 1737/1737 5450/5450 1742/1742
f 1737/1737 5454/5454 5450/5450
f 1737/1737 5455/5455 5454/5454
f 1747/1747 5453/5453 5456/5456
f 5457/5457 5452/5452 5451/5451
f 5452/5452 5457/5457 5453/5453
f 5451/5451 5458/5458 5457/5457
f 5458/5458 5451/5451 5450/5450
f 5450/5450 5459/5459 5458/5458
f 5450/5450 5454/5454 5459/5459
f 5460/5460 5456/5456 5453/5453
f 5461/5461 5456/5456 5460/5460
f 5462/5462 5456/5456 5461/5461
f 5463/5463 5455/5455 1737/1737
f 1737/1737 1733/1733 5463/5463
f 5462/5462 5461/5461 5464/5464
f 5463/5463 5465/5465 5455/5455
f 1733/1733 5465/5465 5463/5463
f 5455/5455 5465/5465 5466/5466
f 1733/1733 5467/5467 5465/5465
f 5465/5465 5467/5467 5468/5468
f 5466/5466 5465/5465 5468/5468
f 5468/5468 5469/5469 5466/5466
f 1729/1729 5467/5467 1733/1733
f 1729/1729 1735/1735 5467/5467
f 5470/5470 5471/5471 2552/2552
f 2552/2552 5472/5472 5470/5470
f 5473/5473 5470/5470 5472/5472
f 5471/5471 2554/2554 2552/2552
f 2997/2997 2554/2554 5471/5471
f 5474/5474 5475/5475 5476/5476
f 5476/5476 5477/5477 5474/5474
f 5474/5474 5478/5478 5475/5475
f 5475/5475 5478/5478 2360/2360
f 5476/5476 5475/5475 2360/2360
f 5478/5478 2367/2367 2360/2360
f 2367/2367 5478/5478 2372/2372
f 2360/2360 2355/2355 5476/5476
f 5479/5479 5480/5480 5481/5481
f 5479/5479 5481/5481 5482/5482
f 5483/5483 5479/5479 5482/5482
f 5481/5481 808/808 5482/5482
f 808/808 803/803 5482/5482
f 5482/5482 803/803 5484/5484
f 5482/5482 5484/5484 5483/5483
f 5481/5481 874/874 808/808
f 5480/5480 5485/5485 5481/5481
f 5485/5485 5480/5480 5486/5486
f 5487/5487 874/874 5481/5481
f 5485/5485 5487/5487 5481/5481
f 5486/5486 5488/5488 5485/5485
f 5488/5488 5487/5487 5485/5485
f 5486/5486 5480/5480 5489/5489
f 5490/5490 5489/5489 5480/5480
f 5480/5480 5479/5479 5490/5490
f 5491/5491 5489/5489 5490/5490
f 5486/5486 5489/5489 5491/5491
f 5492/5492 5493/5493 5494/5494
f 5494/5494 5493/5493 5495/5495
f 5493/5493 5492/5492 614/614
f 5496/5496 5495/5495 5493/5493
f 5492/5492 5494/5494 524/524
f 614/614 5492/5492 613/613
f 5495/5495 5496/5496 5497/5497
f 5498/5498 5497/5497 5496/5496
f 524/524 5494/5494 522/522
f 614/614 609/609 5493/5493
f 613/613 5492/5492 5499/5499
f 524/524 5499/5499 5492/5492
f 5499/5499 524/524 523/523
f 5496/5496 5500/5500 5498/5498
f 5501/5501 5494/5494 5495/5495
f 5494/5494 5501/5501 522/522
f 5495/5495 5502/5502 5501/5501
f 5497/5497 5502/5502 5495/5495
f 5497/5497 5503/5503 5502/5502
f 5503/5503 5497/5497 5498/5498
f 523/523 610/610 5499/5499
f 610/610 613/613 5499/5499
f 5504/5504 610/610 523/523
f 5504/5504 5505/5505 610/610
f 5505/5505 611/611 610/610
f 5498/5498 5506/5506 5503/5503
f 5493/5493 609/609 5507/5507
f 5493/5493 5507/5507 5496/5496
f 5496/5496 5507/5507 5500/5500
f 5508/5508 5500/5500 5509/5509
f 5507/5507 5509/5509 5500/5500
f 5500/5500 5508/5508 5498/5498
f 5506/5506 5498/5498 5508/5508
f 5619/5619 5618/5618 5610/5610
f 5618/5618 5617/5617 5610/5610
f 5058/5058 5510/5510 5511/5511
f 5510/5510 5058/5058 5064/5064
f 5512/5512 5510/5510 5064/5064
f 5511/5511 5049/5049 5058/5058
f 5049/5049 5511/5511 5041/5041
f 5513/5513 325/325 5514/5514
f 320/320 325/325 5513/5513
f 5514/5514 332/332 5513/5513
f 332/332 330/330 5513/5513
f 5514/5514 334/334 332/332
f 320/320 5513/5513 321/321
f 5513/5513 330/330 321/321
f 325/325 1962/1962 5514/5514
f 334/334 5514/5514 1961/1961
f 1961/1961 5514/5514 1962/1962
f 1961/1961 1963/1963 334/334
f 5515/5515 3391/3391 5516/5516
f 5515/5515 5516/5516 5517/5517
f 5517/5517 5516/5516 3406/3406
f 3391/3391 3390/3390 5516/5516
f 5516/5516 3390/3390 3421/3421
f 3421/3421 3422/3422 5516/5516
f 3406/3406 5516/5516 3422/3422
f 3391/3391 5515/5515 5518/5518
f 5518/5518 5519/5519 3391/3391
f 5519/5519 3392/3392 3391/3391
f 3405/3405 5517/5517 3406/3406
f 3392/3392 5519/5519 3396/3396
f 5520/5520 5517/5517 3405/3405
f 5521/5521 5522/5522 5523/5523
f 5524/5524 5523/5523 5522/5522
f 5525/5525 5524/5524 5522/5522
f 5526/5526 5525/5525 5522/5522
f 5518/5518 5525/5525 5526/5526
f 5523/5523 5524/5524 5527/5527
f 5524/5524 5528/5528 5527/5527
f 5526/5526 5529/5529 5518/5518
f 5524/5524 5525/5525 5530/5530
f 5530/5530 5528/5528 5524/5524
f 5522/5522 5531/5531 5526/5526
f 5531/5531 5522/5522 5521/5521
f 5532/5532 5531/5531 5521/5521
f 5531/5531 3403/3403 5526/5526
f 5529/5529 5526/5526 3403/3403
f 5527/5527 5528/5528 5533/5533
f 5520/5520 5533/5533 5528/5528
f 5534/5534 5527/5527 5533/5533
f 5521/5521 5535/5535 5532/5532
f 5536/5536 5523/5523 5527/5527
f 5534/5534 5536/5536 5527/5527
f 5520/5520 5528/5528 5517/5517
f 5528/5528 5530/5530 5517/5517
f 3403/3403 3396/3396 5529/5529
f 5518/5518 5529/5529 5519/5519
f 3396/3396 5519/5519 5529/5529
f 5523/5523 5536/5536 5537/5537
f 5536/5536 5538/5538 5537/5537
f 5538/5538 5536/5536 5534/5534
f 5539/5539 5537/5537 5538/5538
f 5540/5540 5523/5523 5537/5537
f 5523/5523 5540/5540 5521/5521
f 5540/5540 5535/5535 5521/5521
f 5535/5535 5541/5541 5532/5532
f 5530/5530 5525/5525 5515/5515
f 5525/5525 5518/5518 5515/5515
f 5515/5515 5517/5517 5530/5530
f 3403/3403 5531/5531 5542/5542
f 5531/5531 5543/5543 5542/5542
f 5531/5531 5532/5532 5543/5543
f 5532/5532 5541/5541 5543/5543
f 5535/5535 5544/5544 5541/5541
f 5537/5537 5545/5545 5540/5540
f 5540/5540 5545/5545 5535/5535
f 5535/5535 5545/5545 5544/5544
f 5543/5543 5541/5541 5546/5546
f 5542/5542 5543/5543 5546/5546
f 5542/5542 5547/5547 3403/3403
f 5547/5547 5542/5542 5548/5548
f 5549/5549 5548/5548 5542/5542
f 5547/5547 3400/3400 3403/3403
f 3400/3400 5547/5547 5550/5550
f 5547/5547 5548/5548 5550/5550
f 3387/3387 5551/5551 3388/3388
f 3388/3388 5551/5551 5552/5552
f 3387/3387 5553/5553 5551/5551
f 5551/5551 5553/5553 5554/5554
f 5555/5555 5553/5553 3387/3387
f 3383/3383 5555/5555 3387/3387
f 3385/3385 5555/5555 3383/3383
f 3194/3194 5556/5556 3384/3384
f 3385/3385 3384/3384 5556/5556
f 3185/3185 5556/5556 3194/3194
f 4174/4174 4268/4268 5557/5557
f 5558/5558 4174/4174 5557/5557
f 5558/5558 4182/4182 4174/4174
f 4268/4268 5559/5559 5557/5557
f 5557/5557 5559/5559 5560/5560
f 5558/5558 5557/5557 5560/5560
f 4174/4174 4171/4171 4268/4268
f 4172/4172 4174/4174 4182/4182
f 5561/5561 5559/5559 4268/4268
f 4268/4268 4269/4269 5561/5561
f 4171/4171 4177/4177 4268/4268
f 4033/4033 5562/5562 4028/4028
f 4033/4033 4052/4052 5562/5562
f 2067/2067 2056/2056 2055/2055
f 2056/2056 5100/5100 2057/2057
f 5171/5171 5162/5162 5563/5563
f 5563/5563 5162/5162 5150/5150
f 5171/5171 5563/5563 5150/5150
f 5564/5564 1507/1507 1505/1505
f 1505/1505 1494/1494 5564/5564
f 1507/1507 5564/5564 1495/1495
f 5564/5564 1494/1494 1495/1495
f 2494/2494 5565/5565 2510/2510
f 2479/2479 2510/2510 5565/5565
f 5565/5565 2494/2494 2487/2487
f 2487/2487 2483/2483 5565/5565
f 5565/5565 2483/2483 2479/2479
f 5566/5566 1517/1517 5567/5567
f 1517/1517 5566/5566 5568/5568
f 5568/5568 1518/1518 1517/1517
f 5568/5568 5566/5566 1411/1411
f 1518/1518 5568/5568 5569/5569
f 1517/1517 1515/1515 5567/5567
f 1412/1412 5566/5566 5567/5567
f 1412/1412 1411/1411 5566/5566
f 5567/5567 1515/1515 5570/5570
f 5570/5570 5571/5571 5567/5567
f 5567/5567 5571/5571 5572/5572
f 5573/5573 5567/5567 5572/5572
f 5567/5567 5573/5573 1412/1412
f 5571/5571 5570/5570 5574/5574
f 5575/5575 5574/5574 5570/5570
f 5575/5575 2472/2472 5574/5574
f 5572/5572 5571/5571 1421/1421
f 5571/5571 5574/5574 1421/1421
f 2472/2472 5575/5575 1516/1516
f 1511/1511 1516/1516 5575/5575
f 1511/1511 5570/5570 1515/1515
f 5570/5570 1511/1511 5575/5575
f 1417/1417 5573/5573 5572/5572
f 2474/2474 5574/5574 2472/2472
f 5574/5574 2474/2474 1421/1421
f 1418/1418 5572/5572 1421/1421
f 5572/5572 1418/1418 1417/1417
f 5569/5569 5568/5568 5576/5576
f 5568/5568 5577/5577 5576/5576
f 5577/5577 5568/5568 1413/1413
f 1411/1411 1413/1413 5568/5568
f 1414/1414 1412/1412 5573/5573
f 5573/5573 1417/1417 1414/1414
f 5578/5578 5579/5579 5580/5580
f 1413/1413 5579/5579 5578/5578
f 5580/5580 5581/5581 5578/5578
f 5578/5578 5577/5577 1413/1413
f 5582/5582 5578/5578 5581/5581
f 5577/5577 5578/5578 5576/5576
f 5582/5582 5576/5576 5578/5578
f 5576/5576 5582/5582 5569/5569
f 3038/3038 5583/5583 3048/3048
f 5583/5583 3038/3038 3053/3053
f 5583/5583 5584/5584 3048/3048
f 5584/5584 3051/3051 3048/3048
f 5585/5585 3065/3065 2998/2998
f 5586/5586 3065/3065 5585/5585
f 5585/5585 5587/5587 5586/5586
f 5586/5586 3057/3057 3065/3065
f 5587/5587 5585/5585 5588/5588
f 2998/2998 5588/5588 5585/5585
f 5588/5588 5584/5584 5587/5587
f 5584/5584 5583/5583 5587/5587
f 2998/2998 3065/3065 3001/3001
f 3007/3007 3001/3001 3065/3065
f 3065/3065 3062/3062 3007/3007
f 5589/5589 3007/3007 3062/3062
f 5590/5590 5589/5589 3062/3062
f 3057/3057 5586/5586 3055/3055
f 3053/3053 3055/3055 5586/5586
f 3053/3053 5586/5586 5587/5587
f 3053/3053 5587/5587 5583/5583
f 3000/3000 5588/5588 2998/2998
f 5588/5588 5591/5591 5584/5584
f 5588/5588 3000/3000 5591/5591
f 5584/5584 5591/5591 3051/3051
f 5611/5611 5610/5610 5617/5617
f 5609/5609 5616/5616 5612/5612
f 5615/5615 5613/5613 5614/5614
f 5612/5612 5614/5614 5613/5613
f 5613/5613 5610/5610 5612/5612
f 5610/5610 5609/5609 5612/5612
f 5609/5609 5610/5610 5611/5611
f 5605/5605 5608/5608 5607/5607
f 5098/5098 5097/5097 5606/5606
f 5607/5607 5606/5606 5605/5605
f 5605/5605 5606/5606 5097/5097
f 5600/5600 5604/5604 5601/5601
f 5598/5598 5602/5602 5603/5603
f 5597/5597 5602/5602 5598/5598
f 5596/5596 5600/5600 5601/5601
f 5601/5601 5599/5599 5596/5596
f 5595/5595 5600/5600 5596/5596
f 5597/5597 5596/5596 5599/5599
f 5594/5594 5597/5597 5598/5598
f 5595/5595 5594/5594 5598/5598
f 5596/5596 5597/5597 5594/5594
f 5594/5594 5595/5595 5596/5596
f 5143/5143 5155/5155 5156/5156
f 1829/1829 5593/5593 1837/1837
f 1836/1836 5593/5593 1829/1829
f 1836/1836 1840/1840 5593/5593
f 1840/1840 1848/1848 5593/5593
f 1848/1848 1837/1837 5593/5593
f 1841/1841 1840/1840 5592/5592
f 1830/1830 5592/5592 1840/1840
f 5592/5592 1830/1830 1841/1841
o mesh_1
usemtl material18
v -1.0044686794281006 -0.15710127353668213 0.7657986879348755
v -0.9460810422897339 -0.09728217124938965 0.7691506147384644
v -0.9876845479011536 -0.10442417860031128 0.7361958026885986
v -0.9170801639556885 -0.06762969493865967 0.7150229215621948
v -0.849179744720459 -0.10510975122451782 0.8094273805618286
v -0.7696380615234375 -0.10153251886367798 0.798662543296814
v -0.8565776944160461 -0.06663969159126282 0.7526679039001465
v -0.8282879590988159 -0.15523652732372284 0.8339158296585083
v -0.7780248522758484 -0.07186737656593323 0.7279759645462036
v -0.8953733444213867 -0.08862388134002686 0.7868366241455078
v -0.9035831093788147 -0.10405218601226807 0.8021594285964966
v -0.7390185594558716 -0.15710127353668213 0.8319958448410034
v -0.8452664613723755 -0.051528096199035645 0.6933164596557617
v -0.9145873785018921 -0.15710127353668213 0.8226978778839111
v -0.7149037718772888 -0.2089681327342987 0.8299944400787354
v -0.8101481199264526 -0.05686139315366745 0.6391075849533081
v -0.9631814360618591 -0.15710127353668213 0.8010669946670532
v -0.8285742998123169 -0.21711131930351257 0.8333157300949097
v -0.8920267820358276 -0.05307877063751221 0.6682629585266113
v -0.8669732809066772 -0.054564833641052246 0.6215027570724487
v -0.9140036702156067 -0.2101501226425171 0.8216084241867065
v -0.7299280762672424 -0.26319921016693115 0.8155180215835571
v -0.9216651916503906 -0.06625986099243164 0.6361675262451172
v -0.9635435342788696 -0.2101501226425171 0.8017429113388062
v -0.9096553325653076 -0.26319921016693115 0.8134926557540894
v -0.7945446968078613 -0.26319921016693115 0.8233028650283813
v -1.0040152072906494 -0.2101501226425171 0.7649521827697754
v -0.854013204574585 -0.2626473307609558 0.8242563009262085
v -0.7505570650100708 -0.31462663412094116 0.8633910417556763
v -1.0112615823745728 -0.2709108591079712 0.7784769535064697
v -0.9650586843490601 -0.2722281217575073 0.8045706748962402
v -0.8736666440963745 -0.3084598779678345 0.8586505651473999
v -0.8018531799316406 -0.30041491985321045 0.836943507194519
v -1.0394468307495117 -0.2509424686431885 0.7128692865371704
v -0.9204269051551819 -0.30579960346221924 0.83359694480896
v -0.8269067406654358 -0.3103140592575073 0.8837038278579712
v -0.9890566468238831 -0.31273674964904785 0.8574390411376953
v -1.0607073307037354 -0.29110848903656006 0.7584365606307983
v -0.7726166844367981 -0.29926079511642456 0.9596245288848877
v -1.0390009880065918 -0.3094567060470581 0.8302502632141113
v -1.1074676513671875 -0.29134833812713623 0.733383059501648
v -0.8599931001663208 -0.29921644926071167 0.9629954099655151
v -1.0857609510421753 -0.2972608804702759 0.8051968812942505
v -0.7435222268104553 -0.2991243302822113 1.061432123184204
v -0.6482021808624268 -0.29957205057144165 0.9935686588287354
v -0.6218045949935913 -0.30257460474967957 1.0696083307266235
v -0.5784511566162109 -0.31197404861450195 1.009790062904358
v -0.6126583814620972 -0.3033221960067749 1.1517561674118042
v -0.5748209953308105 -0.3142922818660736 1.132787823677063
v -0.5950890779495239 -0.3098044693470001 1.2550042867660522
v -0.5620843172073364 -0.3196532428264618 1.165778398513794
v -1.2177870273590088 -0.15600112080574036 -0.6305864453315735
v -1.2388360500335693 -0.15896369516849518 -0.5977907180786133
v -1.26273512840271 0.55613774061203 -0.6346114873886108
v -1.230715274810791 0.5182059407234192 -0.6017118692398071
v -1.2789196968078613 0.4794865846633911 -0.6315276622772217
v -1.229187250137329 0.6018032431602478 -0.6043143272399902
v -1.2338848114013672 0.32798072695732117 -0.5995464324951172
v -1.2820111513137817 0.376056045293808 -0.6365587711334229
v -1.232340693473816 0.7006617784500122 -0.6023585796356201
v -1.265369176864624 0.6916822195053101 -0.6568187475204468
v -1.2712180614471436 0.7447313070297241 -0.6459022164344788
v -1.2541379928588867 0.7374811768531799 -0.6071131229400635
v -1.28415048122406 0.7991085648536682 -0.6246654987335205
v -1.274714469909668 0.35636356472969055 -0.6757916212081909
v -1.235480785369873 0.2662607431411743 -0.5995174050331116
v -1.264998197555542 0.2895505428314209 -0.6748436093330383
v -1.2424421310424805 0.18930211663246155 -0.5940544605255127
v -1.254414677619934 0.2261548936367035 -0.675016462802887
v -1.2433435916900635 0.1658398061990738 -0.6757834553718567
v -1.236448049545288 0.10587304830551147 -0.5989767909049988
v -1.2312076091766357 0.04507846012711525 -0.5998176336288452
v -1.2097152471542358 0.008492708206176758 -0.6454373598098755
v -1.318684458732605 0.9220910668373108 -0.5844428539276123
v -1.333665370941162 0.8622390627861023 -0.53014075756073
v -1.291384220123291 0.9082675576210022 -0.6311622262001038
v -1.3242826461791992 1.0226833820343018 -0.584405779838562
v -1.2964547872543335 1.0210497379302979 -0.6318373680114746
v -1.3280715942382812 1.0980356931686401 -0.5796947479248047
v -1.3326528072357178 1.219340443611145 -0.5949631333351135
v -1.311707615852356 1.2752212285995483 -0.6399000883102417
v -1.3337230682373047 0.9746195673942566 -0.5294647216796875
v -1.2826794385910034 0.7990247011184692 -0.505835235118866
v -1.2139372825622559 -0.16422730684280396 -0.6761874556541443
v -1.2101285457611084 -0.16238462924957275 -0.6762202978134155
v -1.2832270860671997 0.6330772042274475 -0.6762242913246155
v -1.2798001766204834 0.6516455411911011 -0.6761940121650696
v -1.2806106805801392 0.669602632522583 -0.676192045211792
v -1.2850602865219116 0.5780512094497681 -0.6762242913246155
v -1.2794803380966187 0.6758848428726196 -0.6762465238571167
v -1.285453200340271 0.5116061568260193 -0.6762242913246155
v -1.2875730991363525 0.5021165013313293 -0.6762211918830872
v -1.2842451333999634 0.6911948919296265 -0.6762356162071228
v -1.28195321559906 0.7425808906555176 -0.6762356162071228
v -1.2879419326782227 0.7580865025520325 -0.676214337348938
v -1.283129334449768 0.43076661229133606 -0.6762211918830872
v -1.283279299736023 0.4251662492752075 -0.6762262582778931
v -1.2761574983596802 0.36834922432899475 -0.6762654781341553
v -1.2409839630126953 0.15280947089195251 -0.6762654781341553
v -1.2326860427856445 0.10648983716964722 -0.6761886477470398
v -1.2230966091156006 0.04928262531757355 -0.6761886477470398
v -1.222772240638733 0.045452337712049484 -0.6761894822120667
v -1.220412015914917 0.04018363729119301 -0.6762351393699646
v -1.2122663259506226 -0.011699806898832321 -0.6762351393699646
v -1.2083996534347534 -0.05278195068240166 -0.6762351393699646
v -1.212100625038147 -0.06294573098421097 -0.6761894822120667
v -1.2134208679199219 -0.10128479450941086 -0.6761874556541443
v -1.2899285554885864 1.0696985721588135 -0.6762215495109558
v -1.2919358015060425 1.0808402299880981 -0.6761693954467773
v -1.2929340600967407 1.0929276943206787 -0.6761846542358398
v -1.2920769453048706 1.165481686592102 -0.6761846542358398
v -1.2930140495300293 1.2201157808303833 -0.6762295961380005
v -1.2868053913116455 1.0171836614608765 -0.6762215495109558
v -1.2842211723327637 0.9612904191017151 -0.6762208342552185
v -1.2872079610824585 0.8937311172485352 -0.6762208342552185
v -1.2842406034469604 0.851593554019928 -0.676214337348938
v -1.2826383113861084 1.2752212285995483 -0.6762295961380005
vt 0.10892652720212936 0.8795165196061134
vt 0.06611550599336624 0.7721563130617142
vt 0.06453012675046921 0.7815449237823486
vt 0.028636643663048744 0.688767671585083
vt 0.08324404060840607 0.6084714829921722
vt 0.08086458593606949 0.44892239570617676
vt 0.03757628798484802 0.5983669757843018
vt 0.1329740583896637 0.576646089553833
vt 0.03848768025636673 0.4423096179962158
vt 0.0620591901242733 0.6845715045928955
vt 0.07808437943458557 0.7065416276454926
vt 0.13961318135261536 0.39679771661758423
vt 0.01347442902624607 0.5536803305149078
vt 0.12584778666496277 0.7333716452121735
vt 0.1840871125459671 0.3463757038116455
vt 0.007910056971013546 0.4724063277244568
vt 0.11681689321994781 0.8065585345029831
vt 0.18293388187885284 0.5735498368740082
vt 0.009004415944218636 0.6242630481719971
vt 0.0020968825556337833 0.5630556046962738
vt 0.1671505719423294 0.7268072068691254
vt 0.22114230692386627 0.3731345534324646
vt 0.012316950596868992 0.6584395468235016
vt 0.15740874409675598 0.802450105547905
vt 0.2050791084766388 0.7099576890468597
vt 0.21840165555477142 0.5020929276943207
vt 0.14733833074569702 0.8501929491758347
vt 0.213188037276268 0.6146481037139893
vt 0.2800610065460205 0.4284508228302002
vt 0.19106999039649963 0.8612307757139206
vt 0.20424002408981323 0.8001797199249268
vt 0.2600773572921753 0.6647840440273285
vt 0.25205931067466736 0.5200258195400238
vt 0.15545809268951416 0.8682949542999268
vt 0.2434418946504593 0.7362269461154938
vt 0.27731117606163025 0.5880908071994781
vt 0.2515154182910919 0.8697305470705032
vt 0.19519437849521637 0.9245782718062401
vt 0.31170323491096497 0.5116531848907471
vt 0.23427045345306396 0.9355684146285057
vt 0.1844584196805954 0.9791646804660559
vt 0.30200809240341187 0.6970417499542236
vt 0.2129787802696228 0.9947013058699667
vt 0.37599486112594604 0.49105191230773926
vt 0.34943920373916626 0.2353222370147705
vt 0.4080314636230469 0.17964738607406616
vt 0.3832627832889557 0.06001019477844238
vt 0.4780716300010681 0.16480118036270142
vt 0.4822697937488556 0.04950326681137085
vt 0.6000241637229919 0.11992889642715454
vt 0.5228633284568787 0.009000062942504883
vt 0.5998317003250122 0.024684011936187744
vt 0.6114147305488586 0.00790250301361084
vt 0.800493597984314 0.3873644471168518
vt 0.8002766370773315 0.3420642614364624
vt 0.7783955931663513 0.35596758127212524
vt 0.8217484354972839 0.3814370036125183
vt 0.7489392757415771 0.2541094422340393
vt 0.7510339021682739 0.3118512034416199
vt 0.8469210863113403 0.42289960384368896
vt 0.8336113691329956 0.4584411382675171
vt 0.8498920202255249 0.476718008518219
vt 0.8560292720794678 0.44662702083587646
vt 0.8693333268165588 0.49272507429122925
vt 0.7369887232780457 0.3203560709953308
vt 0.7318565845489502 0.22318428754806519
vt 0.7200336456298828 0.28407132625579834
vt 0.7111834287643433 0.18146997690200806
vt 0.7029715776443481 0.2510284185409546
vt 0.6863220930099487 0.22121912240982056
vt 0.6857280135154724 0.14292055368423462
vt 0.6678212285041809 0.11302220821380615
vt 0.6466442942619324 0.12654149532318115
vt 0.9115309715270996 0.5335703194141388
vt 0.9102064967155457 0.47445839643478394
vt 0.8953720331192017 0.5548506081104279
vt 0.9362362027168274 0.584356039762497
vt 0.9230973720550537 0.6132491827011108
vt 0.9559749364852905 0.6201385259628296
vt 0.9821401238441467 0.6899252235889435
vt 0.9857131242752075 0.7448136508464813
vt 0.9370461106300354 0.5290893316268921
vt 0.8962981104850769 0.42004430294036865
vt 0.5921279788017273 0.05754196643829346
vt 0.590864360332489 0.056139469146728516
vt 0.8131407499313354 0.44985026121139526
vt 0.8187111020088196 0.4570518136024475
vt 0.8232073187828064 0.4648485779762268
vt 0.797512948513031 0.4266669750213623
vt 0.8250826001167297 0.46696144342422485
vt 0.7787028551101685 0.3976946473121643
vt 0.7758889198303223 0.39405685663223267
vt 0.8290669322013855 0.4749460816383362
vt 0.8431039452552795 0.4956340789794922
vt 0.8474160432815552 0.5041982531547546
vt 0.7559630870819092 0.36050844192504883
vt 0.7545418739318848 0.3579597473144531
vt 0.7399553060531616 0.3271016478538513
vt 0.6824737787246704 0.21526682376861572
vt 0.669181764125824 0.19295459985733032
vt 0.652373194694519 0.16575545072555542
vt 0.6512563824653625 0.16383719444274902
vt 0.6496315598487854 0.1614578366279602
vt 0.6343035697937012 0.13568228483200073
vt 0.6230574250221252 0.11394113302230835
vt 0.6204876899719238 0.1078682541847229
vt 0.6098035573959351 0.08836352825164795
vt 0.9250468611717224 0.6631561517715454
vt 0.9279806613922119 0.6685675978660583
vt 0.9309587478637695 0.6746310293674469
vt 0.9485674500465393 0.7125101387500763
vt 0.9626792073249817 0.7395697236061096
vt 0.9116495251655579 0.6361042857170105
vt 0.8978303074836731 0.607349693775177
vt 0.8814482688903809 0.5722635090351105
vt 0.8708272576332092 0.5496808588504791
vt 0.9753096699714661 0.771277904510498
f 6169/6169 6170/6170 6171/6171
f 6171/6171 6170/6170 6172/6172
f 6173/6173 6174/6174 6175/6175
f 6173/6173 6176/6176 6174/6174
f 6177/6177 6175/6175 6174/6174
f 6178/6178 6173/6173 6175/6175
f 6179/6179 6176/6176 6173/6173
f 6174/6174 6176/6176 6180/6180
f 6175/6175 6177/6177 6181/6181
f 6178/6178 6175/6175 6172/6172
f 6179/6179 6173/6173 6178/6178
f 6179/6179 6182/6182 6176/6176
f 6183/6183 6180/6180 6176/6176
f 6175/6175 6181/6181 6172/6172
f 6184/6184 6181/6181 6177/6177
f 6172/6172 6170/6170 6178/6178
f 6179/6179 6178/6178 6170/6170
f 6182/6182 6179/6179 6185/6185
f 6186/6186 6176/6176 6182/6182
f 6176/6176 6186/6186 6183/6183
f 6172/6172 6181/6181 6187/6187
f 6181/6181 6184/6184 6188/6188
f 6185/6185 6179/6179 6170/6170
f 6189/6189 6182/6182 6185/6185
f 6182/6182 6189/6189 6186/6186
f 6190/6190 6183/6183 6186/6186
f 6188/6188 6187/6187 6181/6181
f 6172/6172 6187/6187 6191/6191
f 6185/6185 6192/6192 6189/6189
f 6193/6193 6186/6186 6189/6189
f 6186/6186 6194/6194 6190/6190
f 6192/6192 6185/6185 6195/6195
f 6193/6193 6189/6189 6192/6192
f 6196/6196 6186/6186 6193/6193
f 6196/6196 6194/6194 6186/6186
f 6197/6197 6190/6190 6194/6194
f 6198/6198 6192/6192 6195/6195
f 6192/6192 6199/6199 6193/6193
f 6200/6200 6196/6196 6193/6193
f 6196/6196 6201/6201 6194/6194
f 6194/6194 6201/6201 6197/6197
f 6199/6199 6192/6192 6198/6198
f 6202/6202 6198/6198 6195/6195
f 6203/6203 6193/6193 6199/6199
f 6196/6196 6200/6200 6201/6201
f 6193/6193 6203/6203 6200/6200
f 6204/6204 6197/6197 6201/6201
f 6205/6205 6199/6199 6198/6198
f 6206/6206 6198/6198 6202/6202
f 6205/6205 6203/6203 6199/6199
f 6200/6200 6204/6204 6201/6201
f 6205/6205 6200/6200 6203/6203
f 6207/6207 6197/6197 6204/6204
f 6198/6198 6208/6208 6205/6205
f 6209/6209 6206/6206 6202/6202
f 6208/6208 6198/6198 6206/6206
f 6210/6210 6204/6204 6200/6200
f 6200/6200 6205/6205 6210/6210
f 6204/6204 6210/6210 6207/6207
f 6209/6209 6211/6211 6206/6206
f 6206/6206 6211/6211 6208/6208
f 6212/6212 6207/6207 6210/6210
f 6212/6212 6213/6213 6207/6207
f 6213/6213 6212/6212 6214/6214
f 6214/6214 6215/6215 6213/6213
f 6214/6214 6212/6212 6216/6216
f 6214/6214 6217/6217 6215/6215
f 6218/6218 6216/6216 6212/6212
f 6216/6216 6217/6217 6214/6214
f 6218/6218 6219/6219 6216/6216
f 6216/6216 6219/6219 6217/6217
f 6195/6195 6185/6185 6169/6169
f 6169/6169 6185/6185 6170/6170
f 6232/6232 6263/6263 6284/6284
f 6249/6249 6280/6280 6285/6285
f 6222/6222 6223/6223 6224/6224
f 6225/6225 6223/6223 6222/6222
f 6223/6223 6226/6226 6224/6224
f 6224/6224 6226/6226 6227/6227
f 6244/6244 6284/6284 6283/6283
f 6244/6244 6283/6283 6282/6282
f 6244/6244 6282/6282 6281/6281
f 6244/6244 6281/6281 6246/6246
f 6246/6246 6281/6281 6276/6276
f 6248/6248 6279/6279 6280/6280
f 6248/6248 6278/6278 6279/6279
f 6247/6247 6277/6277 6278/6278
f 6229/6229 6230/6230 6231/6231
f 6229/6229 6231/6231 6228/6228
f 6221/6221 6252/6252 6275/6275
f 6232/6232 6231/6231 6230/6230
f 6240/6240 6275/6275 6274/6274
f 6240/6240 6274/6274 6273/6273
f 6240/6240 6273/6273 6241/6241
f 6227/6227 6226/6226 6233/6233
f 6233/6233 6226/6226 6234/6234
f 6233/6233 6234/6234 6235/6235
f 6235/6235 6234/6234 6236/6236
f 6235/6235 6236/6236 6237/6237
f 6236/6236 6238/6238 6237/6237
f 6238/6238 6236/6236 6239/6239
f 6241/6241 6273/6273 6272/6272
f 6241/6241 6272/6272 6271/6271
f 6240/6240 6271/6271 6270/6270
f 6239/6239 6270/6270 6269/6269
f 6239/6239 6269/6269 6268/6268
f 6227/6227 6266/6266 6265/6265
f 6224/6224 6265/6265 6264/6264
f 6224/6224 6264/6264 6260/6260
f 6232/6232 6262/6262 6263/6263
f 6242/6242 6243/6243 6232/6232
f 6232/6232 6244/6244 6242/6242
f 6242/6242 6244/6244 6245/6245
f 6245/6245 6244/6244 6246/6246
f 6245/6245 6246/6246 6247/6247
f 6232/6232 6230/6230 6262/6262
f 6230/6230 6261/6261 6262/6262
f 6229/6229 6258/6258 6261/6261
f 6222/6222 6260/6260 6259/6259
f 6243/6243 6242/6242 6250/6250
f 6245/6245 6250/6250 6242/6242
f 6222/6222 6259/6259 6257/6257
f 6229/6229 6256/6256 6258/6258
f 6229/6229 6228/6228 6256/6256
f 6222/6222 6257/6257 6254/6254
f 6228/6228 6255/6255 6256/6256
f 6228/6228 6225/6225 6255/6255
f 6244/6244 6232/6232 6284/6284
f 6248/6248 6280/6280 6249/6249
f 6247/6247 6278/6278 6248/6248
f 6232/6232 6243/6243 6231/6231
f 6247/6247 6276/6276 6277/6277
f 6247/6247 6246/6246 6276/6276
f 6240/6240 6221/6221 6275/6275
f 6240/6240 6241/6241 6271/6271
f 6239/6239 6240/6240 6270/6270
f 6239/6239 6268/6268 6267/6267
f 6243/6243 6251/6251 6231/6231
f 6239/6239 6267/6267 6238/6238
f 6220/6220 6252/6252 6221/6221
f 6220/6220 6253/6253 6252/6252
f 6225/6225 6222/6222 6254/6254
f 6225/6225 6254/6254 6255/6255
f 6227/6227 6233/6233 6266/6266
f 6224/6224 6227/6227 6265/6265
f 6229/6229 6261/6261 6230/6230
f 6222/6222 6224/6224 6260/6260
